web_scraper_order,web_scraper_start_url,pagination,ชื่อรุ่น,ราคา,item_page_title,item_page_link,rating_score
"1791088200-1","https://www.lazada.co.th/tag/%E0%B8%99%E0%B8%B2%E0%B8%AC%E0%B8%B4%E0%B8%81%E0%B8%B2-galaxy-watch-8/?_keyori=ss&catalog_redirect_tag=true&from=search_history&page=5&q=%E0%B8%99%E0%B8%B2%E0%B8%AC%E0%B8%B4%E0%B8%81%E0%B8%B2%20galaxy%20watch%208&spm=a2o4m.pdp_revamp.search.2.94932546MCRbxX&sugg=%E0%B8%99%E0%B8%B2%E0%B8%AC%E0%B8%B4%E0%B8%81%E0%B8%B2%20galaxy%20watch%208_0_1","","Samsung Galaxy Watch 8 (Bluetooth, 44 mm) สี Graphite รุ่น SM-L330NDAAASA","฿15,619.00","Samsung Galaxy Watch 8 (Bluetooth, 44 mm) สี Graphite รุ่น SM-L330NDAAASA","https://www.lazada.co.th/products/pdp-i16226491828.html",""
"1791088202-2","https://www.lazada.co.th/tag/%E0%B8%99%E0%B8%B2%E0%B8%AC%E0%B8%B4%E0%B8%81%E0%B8%B2-galaxy-watch-8/?_keyori=ss&catalog_redirect_tag=true&from=search_history&page=5&q=%E0%B8%99%E0%B8%B2%E0%B8%AC%E0%B8%B4%E0%B8%81%E0%B8%B2%20galaxy%20watch%208&spm=a2o4m.pdp_revamp.search.2.94932546MCRbxX&sugg=%E0%B8%99%E0%B8%B2%E0%B8%AC%E0%B8%B4%E0%B8%81%E0%B8%B2%20galaxy%20watch%208_0_1","","Samsung Galaxy Watch8 Classic LTE Black","฿15,625.00","Samsung Galaxy Watch8 Classic LTE Black","https://www.lazada.co.th/products/pdp-i5873215395.html","5"
"1791088204-3","https://www.lazada.co.th/tag/%E0%B8%99%E0%B8%B2%E0%B8%AC%E0%B8%B4%E0%B8%81%E0%B8%B2-galaxy-watch-8/?_keyori=ss&catalog_redirect_tag=true&from=search_history&page=5&q=%E0%B8%99%E0%B8%B2%E0%B8%AC%E0%B8%B4%E0%B8%81%E0%B8%B2%20galaxy%20watch%208&spm=a2o4m.pdp_revamp.search.2.94932546MCRbxX&sugg=%E0%B8%99%E0%B8%B2%E0%B8%AC%E0%B8%B4%E0%B8%81%E0%B8%B2%20galaxy%20watch%208_0_1","","สมาร์ทวอทช์ Samsung Galaxy Watch 8 40mm (Bluetooth)  ขนาด 1.3 นิ้ว Amoled แบต325mAh จอวัสดุพรีเมี่ยม","฿11,900.00","สมาร์ทวอทช์ Samsung Galaxy Watch 8 40mm (Bluetooth)  ขนาด 1.3 นิ้ว Amoled แบต325mAh จอวัสดุพรีเมี่ยม","https://www.lazada.co.th/products/pdp-i5876768212.html",""
"1791088206-4","https://www.lazada.co.th/tag/%E0%B8%99%E0%B8%B2%E0%B8%AC%E0%B8%B4%E0%B8%81%E0%B8%B2-galaxy-watch-8/?_keyori=ss&catalog_redirect_tag=true&from=search_history&page=5&q=%E0%B8%99%E0%B8%B2%E0%B8%AC%E0%B8%B4%E0%B8%81%E0%B8%B2%20galaxy%20watch%208&spm=a2o4m.pdp_revamp.search.2.94932546MCRbxX&sugg=%E0%B8%99%E0%B8%B2%E0%B8%AC%E0%B8%B4%E0%B8%81%E0%B8%B2%20galaxy%20watch%208_0_1","","สมาร์ทวอชท์ Samsung Galaxy Watch8 (Bluetooth, 40 mm) ประกันศูนย์","฿11,819.00","สมาร์ทวอชท์ Samsung Galaxy Watch8 (Bluetooth, 40 mm) ประกันศูนย์","https://www.lazada.co.th/products/pdp-i5846640676.html",""
"1791088208-5","https://www.lazada.co.th/tag/%E0%B8%99%E0%B8%B2%E0%B8%AC%E0%B8%B4%E0%B8%81%E0%B8%B2-galaxy-watch-8/?_keyori=ss&catalog_redirect_tag=true&from=search_history&page=5&q=%E0%B8%99%E0%B8%B2%E0%B8%AC%E0%B8%B4%E0%B8%81%E0%B8%B2%20galaxy%20watch%208&spm=a2o4m.pdp_revamp.search.2.94932546MCRbxX&sugg=%E0%B8%99%E0%B8%B2%E0%B8%AC%E0%B8%B4%E0%B8%81%E0%B8%B2%20galaxy%20watch%208_0_1","","***แท้ศูนย์ไทย ร่วมโค้ด 2025 Galaxy Watch 8 Ultra LTE","฿16,999.00","***แท้ศูนย์ไทย ร่วมโค้ด 2025 Galaxy Watch 8 Ultra LTE","https://www.lazada.co.th/products/pdp-i5799932926.html",""
"1791088210-6","https://www.lazada.co.th/tag/%E0%B8%99%E0%B8%B2%E0%B8%AC%E0%B8%B4%E0%B8%81%E0%B8%B2-galaxy-watch-8/?_keyori=ss&catalog_redirect_tag=true&from=search_history&page=5&q=%E0%B8%99%E0%B8%B2%E0%B8%AC%E0%B8%B4%E0%B8%81%E0%B8%B2%20galaxy%20watch%208&spm=a2o4m.pdp_revamp.search.2.94932546MCRbxX&sugg=%E0%B8%99%E0%B8%B2%E0%B8%AC%E0%B8%B4%E0%B8%81%E0%B8%B2%20galaxy%20watch%208_0_1","","สมาร์ทวอทช์ Samsung Galaxy Watch 8 44mm (Bluetooth)  ขนาด 1.47 นิ้ว Amoled แบต435mAh จอวัสดุพรีเมี่ยม","฿13,900.00","สมาร์ทวอทช์ Samsung Galaxy Watch 8 44mm (Bluetooth)  ขนาด 1.47 นิ้ว Amoled แบต435mAh จอวัสดุพรีเมี่ยม","https://www.lazada.co.th/products/pdp-i5876818750.html",""
"1791088213-7","https://www.lazada.co.th/tag/%E0%B8%99%E0%B8%B2%E0%B8%AC%E0%B8%B4%E0%B8%81%E0%B8%B2-galaxy-watch-8/?_keyori=ss&catalog_redirect_tag=true&from=search_history&page=5&q=%E0%B8%99%E0%B8%B2%E0%B8%AC%E0%B8%B4%E0%B8%81%E0%B8%B2%20galaxy%20watch%208&spm=a2o4m.pdp_revamp.search.2.94932546MCRbxX&sugg=%E0%B8%99%E0%B8%B2%E0%B8%AC%E0%B8%B4%E0%B8%81%E0%B8%B2%20galaxy%20watch%208_0_1","","Samsung Galaxy Watch 8 Classic (46MM)(Bluetooth) สินค้าเครื่องศูนย์ไทย ของแท้100%(มีประกันศูนย์ตามลอตการผลิต)จัดส่งฟรี","฿12,980.00","Samsung Galaxy Watch 8 Classic (46MM)(Bluetooth) สินค้าเครื่องศูนย์ไทย ของแท้100%(มีประกันศูนย์ตามลอตการผลิต)จัดส่งฟรี","https://www.lazada.co.th/products/pdp-i5875129625.html",""
"1791088215-8","https://www.lazada.co.th/tag/%E0%B8%99%E0%B8%B2%E0%B8%AC%E0%B8%B4%E0%B8%81%E0%B8%B2-galaxy-watch-8/?_keyori=ss&catalog_redirect_tag=true&from=search_history&page=5&q=%E0%B8%99%E0%B8%B2%E0%B8%AC%E0%B8%B4%E0%B8%81%E0%B8%B2%20galaxy%20watch%208&spm=a2o4m.pdp_revamp.search.2.94932546MCRbxX&sugg=%E0%B8%99%E0%B8%B2%E0%B8%AC%E0%B8%B4%E0%B8%81%E0%B8%B2%20galaxy%20watch%208_0_1","","Samsung Galaxy Watch8 Classic 46 mm Bluetooth White โดย สยามทีวี by Siam T.V.","฿16,110.00","Samsung Galaxy Watch8 Classic 46 mm Bluetooth White โดย สยามทีวี by Siam T.V.","https://www.lazada.co.th/products/pdp-i5861218037.html",""
"1791088217-9","https://www.lazada.co.th/tag/%E0%B8%99%E0%B8%B2%E0%B8%AC%E0%B8%B4%E0%B8%81%E0%B8%B2-galaxy-watch-8/?_keyori=ss&catalog_redirect_tag=true&from=search_history&page=5&q=%E0%B8%99%E0%B8%B2%E0%B8%AC%E0%B8%B4%E0%B8%81%E0%B8%B2%20galaxy%20watch%208&spm=a2o4m.pdp_revamp.search.2.94932546MCRbxX&sugg=%E0%B8%99%E0%B8%B2%E0%B8%AC%E0%B8%B4%E0%B8%81%E0%B8%B2%20galaxy%20watch%208_0_1","","Samsung Galaxy Watch 8 ประกันศูนย์ Samsung 1ปี","฿10,990.00","Samsung Galaxy Watch 8 ประกันศูนย์ Samsung 1ปี","https://www.lazada.co.th/products/pdp-i16060268134.html","5"
"1791088219-10","https://www.lazada.co.th/tag/%E0%B8%99%E0%B8%B2%E0%B8%AC%E0%B8%B4%E0%B8%81%E0%B8%B2-galaxy-watch-8/?_keyori=ss&catalog_redirect_tag=true&from=search_history&page=5&q=%E0%B8%99%E0%B8%B2%E0%B8%AC%E0%B8%B4%E0%B8%81%E0%B8%B2%20galaxy%20watch%208&spm=a2o4m.pdp_revamp.search.2.94932546MCRbxX&sugg=%E0%B8%99%E0%B8%B2%E0%B8%AC%E0%B8%B4%E0%B8%81%E0%B8%B2%20galaxy%20watch%208_0_1","","Samsung Galaxy Watch 8 Classic (46MM)(สินค้าของแท้ รับประกันศูนย์ตามลอตการผลิต) จัดส่งฟรี","฿12,980.00","Samsung Galaxy Watch 8 Classic (46MM)(สินค้าของแท้ รับประกันศูนย์ตามลอตการผลิต) จัดส่งฟรี","https://www.lazada.co.th/products/pdp-i5875122552.html",""
"1791088222-11","https://www.lazada.co.th/tag/%E0%B8%99%E0%B8%B2%E0%B8%AC%E0%B8%B4%E0%B8%81%E0%B8%B2-galaxy-watch-8/?_keyori=ss&catalog_redirect_tag=true&from=search_history&page=5&q=%E0%B8%99%E0%B8%B2%E0%B8%AC%E0%B8%B4%E0%B8%81%E0%B8%B2%20galaxy%20watch%208&spm=a2o4m.pdp_revamp.search.2.94932546MCRbxX&sugg=%E0%B8%99%E0%B8%B2%E0%B8%AC%E0%B8%B4%E0%B8%81%E0%B8%B2%20galaxy%20watch%208_0_1","","Samsung Galaxy Watch8 BT 40/44mm","฿10,000.00","Samsung Galaxy Watch8 BT 40/44mm","https://www.lazada.co.th/products/pdp-i5810349423.html",""
"1791088224-12","https://www.lazada.co.th/tag/%E0%B8%99%E0%B8%B2%E0%B8%AC%E0%B8%B4%E0%B8%81%E0%B8%B2-galaxy-watch-8/?_keyori=ss&catalog_redirect_tag=true&from=search_history&page=5&q=%E0%B8%99%E0%B8%B2%E0%B8%AC%E0%B8%B4%E0%B8%81%E0%B8%B2%20galaxy%20watch%208&spm=a2o4m.pdp_revamp.search.2.94932546MCRbxX&sugg=%E0%B8%99%E0%B8%B2%E0%B8%AC%E0%B8%B4%E0%B8%81%E0%B8%B2%20galaxy%20watch%208_0_1","","สมาร์ทวอทช์ Samsung Galaxy Watch8 40mm (Bluetooth) เลือกสีได้ by Banana IT","฿12,693.00","สมาร์ทวอทช์ Samsung Galaxy Watch8 40mm (Bluetooth) เลือกสีได้ by Banana IT","https://www.lazada.co.th/products/pdp-i5791537637.html","5"
"1791088226-13","https://www.lazada.co.th/tag/%E0%B8%99%E0%B8%B2%E0%B8%AC%E0%B8%B4%E0%B8%81%E0%B8%B2-galaxy-watch-8/?_keyori=ss&catalog_redirect_tag=true&from=search_history&page=5&q=%E0%B8%99%E0%B8%B2%E0%B8%AC%E0%B8%B4%E0%B8%81%E0%B8%B2%20galaxy%20watch%208&spm=a2o4m.pdp_revamp.search.2.94932546MCRbxX&sugg=%E0%B8%99%E0%B8%B2%E0%B8%AC%E0%B8%B4%E0%B8%81%E0%B8%B2%20galaxy%20watch%208_0_1","","***แท้ศูนย์ไทย ร่วมโค้ด Galaxy Watch 8","฿9,999.00","***แท้ศูนย์ไทย ร่วมโค้ด Galaxy Watch 8","https://www.lazada.co.th/products/pdp-i5800007834.html","5"
"1791088228-14","https://www.lazada.co.th/tag/%E0%B8%99%E0%B8%B2%E0%B8%AC%E0%B8%B4%E0%B8%81%E0%B8%B2-galaxy-watch-8/?_keyori=ss&catalog_redirect_tag=true&from=search_history&page=5&q=%E0%B8%99%E0%B8%B2%E0%B8%AC%E0%B8%B4%E0%B8%81%E0%B8%B2%20galaxy%20watch%208&spm=a2o4m.pdp_revamp.search.2.94932546MCRbxX&sugg=%E0%B8%99%E0%B8%B2%E0%B8%AC%E0%B8%B4%E0%B8%81%E0%B8%B2%20galaxy%20watch%208_0_1","","Samsung Galaxy Watch 8 [40/44 mm] AI smart watch","฿7,790.00","Samsung Galaxy Watch 8 [40/44 mm] AI smart watch","https://www.lazada.co.th/products/pdp-i6041498449.html",""
"1791088230-15","https://www.lazada.co.th/tag/%E0%B8%99%E0%B8%B2%E0%B8%AC%E0%B8%B4%E0%B8%81%E0%B8%B2-galaxy-watch-8/?_keyori=ss&catalog_redirect_tag=true&from=search_history&page=5&q=%E0%B8%99%E0%B8%B2%E0%B8%AC%E0%B8%B4%E0%B8%81%E0%B8%B2%20galaxy%20watch%208&spm=a2o4m.pdp_revamp.search.2.94932546MCRbxX&sugg=%E0%B8%99%E0%B8%B2%E0%B8%AC%E0%B8%B4%E0%B8%81%E0%B8%B2%20galaxy%20watch%208_0_1","","Samsung Galaxy Watch 8 [40/44 mm] AI smart watch","฿7,790.00","Samsung Galaxy Watch 8 [40/44 mm] AI smart watch","https://www.lazada.co.th/products/pdp-i6041615278.html",""
"1791088232-16","https://www.lazada.co.th/tag/%E0%B8%99%E0%B8%B2%E0%B8%AC%E0%B8%B4%E0%B8%81%E0%B8%B2-galaxy-watch-8/?_keyori=ss&catalog_redirect_tag=true&from=search_history&page=5&q=%E0%B8%99%E0%B8%B2%E0%B8%AC%E0%B8%B4%E0%B8%81%E0%B8%B2%20galaxy%20watch%208&spm=a2o4m.pdp_revamp.search.2.94932546MCRbxX&sugg=%E0%B8%99%E0%B8%B2%E0%B8%AC%E0%B8%B4%E0%B8%81%E0%B8%B2%20galaxy%20watch%208_0_1","","สมาร์ทวอชท์ SAMSUNG Galaxy Watch 8 40mm ประกันศูนย์","฿12,119.00","สมาร์ทวอชท์ SAMSUNG Galaxy Watch 8 40mm ประกันศูนย์","https://www.lazada.co.th/products/pdp-i5914762304.html",""
"1791088235-17","https://www.lazada.co.th/tag/%E0%B8%99%E0%B8%B2%E0%B8%AC%E0%B8%B4%E0%B8%81%E0%B8%B2-galaxy-watch-8/?_keyori=ss&catalog_redirect_tag=true&from=search_history&page=5&q=%E0%B8%99%E0%B8%B2%E0%B8%AC%E0%B8%B4%E0%B8%81%E0%B8%B2%20galaxy%20watch%208&spm=a2o4m.pdp_revamp.search.2.94932546MCRbxX&sugg=%E0%B8%99%E0%B8%B2%E0%B8%AC%E0%B8%B4%E0%B8%81%E0%B8%B2%20galaxy%20watch%208_0_1","","Samsung Galaxy Watch8 (Bluetooth, 40 mm) สมาร์ทวอทช์ AI","฿11,900.00","Samsung Galaxy Watch8 (Bluetooth, 40 mm) สมาร์ทวอทช์ AI","https://www.lazada.co.th/products/pdp-i5852820253.html","5"
"1791088237-18","https://www.lazada.co.th/tag/%E0%B8%99%E0%B8%B2%E0%B8%AC%E0%B8%B4%E0%B8%81%E0%B8%B2-galaxy-watch-8/?_keyori=ss&catalog_redirect_tag=true&from=search_history&page=5&q=%E0%B8%99%E0%B8%B2%E0%B8%AC%E0%B8%B4%E0%B8%81%E0%B8%B2%20galaxy%20watch%208&spm=a2o4m.pdp_revamp.search.2.94932546MCRbxX&sugg=%E0%B8%99%E0%B8%B2%E0%B8%AC%E0%B8%B4%E0%B8%81%E0%B8%B2%20galaxy%20watch%208_0_1","","Samsung Galaxy Watch 8 Classic ประกันศูนย์ Samsung 1ปี","฿14,990.00","Samsung Galaxy Watch 8 Classic ประกันศูนย์ Samsung 1ปี","https://www.lazada.co.th/products/pdp-i16282298667.html",""
"1791088239-19","https://www.lazada.co.th/tag/%E0%B8%99%E0%B8%B2%E0%B8%AC%E0%B8%B4%E0%B8%81%E0%B8%B2-galaxy-watch-8/?_keyori=ss&catalog_redirect_tag=true&from=search_history&page=5&q=%E0%B8%99%E0%B8%B2%E0%B8%AC%E0%B8%B4%E0%B8%81%E0%B8%B2%20galaxy%20watch%208&spm=a2o4m.pdp_revamp.search.2.94932546MCRbxX&sugg=%E0%B8%99%E0%B8%B2%E0%B8%AC%E0%B8%B4%E0%B8%81%E0%B8%B2%20galaxy%20watch%208_0_1","","Samsung Galaxy Watch 8 [40/44 mm] AI smart watch","฿7,790.00","Samsung Galaxy Watch 8 [40/44 mm] AI smart watch","https://www.lazada.co.th/products/pdp-i6041465546.html",""
"1791088241-20","https://www.lazada.co.th/tag/%E0%B8%99%E0%B8%B2%E0%B8%AC%E0%B8%B4%E0%B8%81%E0%B8%B2-galaxy-watch-8/?_keyori=ss&catalog_redirect_tag=true&from=search_history&page=5&q=%E0%B8%99%E0%B8%B2%E0%B8%AC%E0%B8%B4%E0%B8%81%E0%B8%B2%20galaxy%20watch%208&spm=a2o4m.pdp_revamp.search.2.94932546MCRbxX&sugg=%E0%B8%99%E0%B8%B2%E0%B8%AC%E0%B8%B4%E0%B8%81%E0%B8%B2%20galaxy%20watch%208_0_1","","Samsung Galaxy Watch 8 [40/44 mm] AI smart watch","฿7,790.00","Samsung Galaxy Watch 8 [40/44 mm] AI smart watch","https://www.lazada.co.th/products/pdp-i6041523989.html",""
"1791088243-21","https://www.lazada.co.th/tag/%E0%B8%99%E0%B8%B2%E0%B8%AC%E0%B8%B4%E0%B8%81%E0%B8%B2-galaxy-watch-8/?_keyori=ss&catalog_redirect_tag=true&from=search_history&page=5&q=%E0%B8%99%E0%B8%B2%E0%B8%AC%E0%B8%B4%E0%B8%81%E0%B8%B2%20galaxy%20watch%208&spm=a2o4m.pdp_revamp.search.2.94932546MCRbxX&sugg=%E0%B8%99%E0%B8%B2%E0%B8%AC%E0%B8%B4%E0%B8%81%E0%B8%B2%20galaxy%20watch%208_0_1","","Samsung Galaxy Watch 8 [40/44 mm] AI smart watch","฿7,790.00","Samsung Galaxy Watch 8 [40/44 mm] AI smart watch","https://www.lazada.co.th/products/pdp-i6041619170.html",""
"1791088245-22","https://www.lazada.co.th/tag/%E0%B8%99%E0%B8%B2%E0%B8%AC%E0%B8%B4%E0%B8%81%E0%B8%B2-galaxy-watch-8/?_keyori=ss&catalog_redirect_tag=true&from=search_history&page=5&q=%E0%B8%99%E0%B8%B2%E0%B8%AC%E0%B8%B4%E0%B8%81%E0%B8%B2%20galaxy%20watch%208&spm=a2o4m.pdp_revamp.search.2.94932546MCRbxX&sugg=%E0%B8%99%E0%B8%B2%E0%B8%AC%E0%B8%B4%E0%B8%81%E0%B8%B2%20galaxy%20watch%208_0_1","","Samsung Galaxy Watch8 40 mm Bluetooth Silver โดย สยามทีวี by Siam T.V.","฿13,090.00","Samsung Galaxy Watch8 40 mm Bluetooth Silver โดย สยามทีวี by Siam T.V.","https://www.lazada.co.th/products/pdp-i16274461537.html",""
"1791088247-23","https://www.lazada.co.th/tag/%E0%B8%99%E0%B8%B2%E0%B8%AC%E0%B8%B4%E0%B8%81%E0%B8%B2-galaxy-watch-8/?_keyori=ss&catalog_redirect_tag=true&from=search_history&page=5&q=%E0%B8%99%E0%B8%B2%E0%B8%AC%E0%B8%B4%E0%B8%81%E0%B8%B2%20galaxy%20watch%208&spm=a2o4m.pdp_revamp.search.2.94932546MCRbxX&sugg=%E0%B8%99%E0%B8%B2%E0%B8%AC%E0%B8%B4%E0%B8%81%E0%B8%B2%20galaxy%20watch%208_0_1","","นาฬิกา Galaxy Watch 8 ซีรี่ส์ | Watch8 44mm 40mm | Watch 8 Classic 46mm Bluetooth บลูทูธ สมาร์ทวอทช์ ศูนย์ไทย by SixteenPhone","฿14,990.00","นาฬิกา Galaxy Watch 8 ซีรี่ส์ | Watch8 44mm 40mm | Watch 8 Classic 46mm Bluetooth บลูทูธ สมาร์ทวอทช์ ศูนย์ไทย by SixteenPhone","https://www.lazada.co.th/products/pdp-i5932862339.html","5"
"1791088250-24","https://www.lazada.co.th/tag/%E0%B8%99%E0%B8%B2%E0%B8%AC%E0%B8%B4%E0%B8%81%E0%B8%B2-galaxy-watch-8/?_keyori=ss&catalog_redirect_tag=true&from=search_history&page=5&q=%E0%B8%99%E0%B8%B2%E0%B8%AC%E0%B8%B4%E0%B8%81%E0%B8%B2%20galaxy%20watch%208&spm=a2o4m.pdp_revamp.search.2.94932546MCRbxX&sugg=%E0%B8%99%E0%B8%B2%E0%B8%AC%E0%B8%B4%E0%B8%81%E0%B8%B2%20galaxy%20watch%208_0_1","","Samsung Galaxy Watch8 40 mm Bluetooth Graphite โดย สยามทีวี by Siam T.V.","฿13,090.00","Samsung Galaxy Watch8 40 mm Bluetooth Graphite โดย สยามทีวี by Siam T.V.","https://www.lazada.co.th/products/pdp-i16275820576.html",""
"1791088252-25","https://www.lazada.co.th/tag/%E0%B8%99%E0%B8%B2%E0%B8%AC%E0%B8%B4%E0%B8%81%E0%B8%B2-galaxy-watch-8/?_keyori=ss&catalog_redirect_tag=true&from=search_history&page=5&q=%E0%B8%99%E0%B8%B2%E0%B8%AC%E0%B8%B4%E0%B8%81%E0%B8%B2%20galaxy%20watch%208&spm=a2o4m.pdp_revamp.search.2.94932546MCRbxX&sugg=%E0%B8%99%E0%B8%B2%E0%B8%AC%E0%B8%B4%E0%B8%81%E0%B8%B2%20galaxy%20watch%208_0_1","","Samsung Galaxy Watch8 Classic BT","฿12,530.00","Samsung Galaxy Watch8 Classic BT","https://www.lazada.co.th/products/pdp-i5792232922.html","5"
"1791088254-26","https://www.lazada.co.th/tag/%E0%B8%99%E0%B8%B2%E0%B8%AC%E0%B8%B4%E0%B8%81%E0%B8%B2-galaxy-watch-8/?_keyori=ss&catalog_redirect_tag=true&from=search_history&page=5&q=%E0%B8%99%E0%B8%B2%E0%B8%AC%E0%B8%B4%E0%B8%81%E0%B8%B2%20galaxy%20watch%208&spm=a2o4m.pdp_revamp.search.2.94932546MCRbxX&sugg=%E0%B8%99%E0%B8%B2%E0%B8%AC%E0%B8%B4%E0%B8%81%E0%B8%B2%20galaxy%20watch%208_0_1","","Samsung Galaxy Watch8 Classic BT/LTE 46mm (ศูนย์ไทย)","฿7,876.92","Samsung Galaxy Watch8 Classic BT/LTE 46mm (ศูนย์ไทย)","https://www.lazada.co.th/products/pdp-i16264164332.html",""
"1791088256-27","https://www.lazada.co.th/tag/%E0%B8%99%E0%B8%B2%E0%B8%AC%E0%B8%B4%E0%B8%81%E0%B8%B2-galaxy-watch-8/?_keyori=ss&catalog_redirect_tag=true&from=search_history&page=5&q=%E0%B8%99%E0%B8%B2%E0%B8%AC%E0%B8%B4%E0%B8%81%E0%B8%B2%20galaxy%20watch%208&spm=a2o4m.pdp_revamp.search.2.94932546MCRbxX&sugg=%E0%B8%99%E0%B8%B2%E0%B8%AC%E0%B8%B4%E0%B8%81%E0%B8%B2%20galaxy%20watch%208_0_1","","Samsung Galaxy Watch8 Classic BT","฿10,990.00","Samsung Galaxy Watch8 Classic BT","https://www.lazada.co.th/products/pdp-i5811143845.html","5"
"1791088259-28","https://www.lazada.co.th/tag/%E0%B8%99%E0%B8%B2%E0%B8%AC%E0%B8%B4%E0%B8%81%E0%B8%B2-galaxy-watch-8/?_keyori=ss&catalog_redirect_tag=true&from=search_history&page=5&q=%E0%B8%99%E0%B8%B2%E0%B8%AC%E0%B8%B4%E0%B8%81%E0%B8%B2%20galaxy%20watch%208&spm=a2o4m.pdp_revamp.search.2.94932546MCRbxX&sugg=%E0%B8%99%E0%B8%B2%E0%B8%AC%E0%B8%B4%E0%B8%81%E0%B8%B2%20galaxy%20watch%208_0_1","","Samsung Galaxy Watch8 ซัมซุง สมาร์ทวอทช์ สายสีขาว หน้าจอ 44 มิลลิเมตร แสดงผลดอกไม้","฿5,820.00","Samsung Galaxy Watch8 ซัมซุง สมาร์ทวอทช์ สายสีขาว หน้าจอ 44 มิลลิเมตร แสดงผลดอกไม้","https://www.lazada.co.th/products/pdp-i16232587119.html",""
"1791088261-29","https://www.lazada.co.th/tag/%E0%B8%99%E0%B8%B2%E0%B8%AC%E0%B8%B4%E0%B8%81%E0%B8%B2-galaxy-watch-8/?_keyori=ss&catalog_redirect_tag=true&from=search_history&page=5&q=%E0%B8%99%E0%B8%B2%E0%B8%AC%E0%B8%B4%E0%B8%81%E0%B8%B2%20galaxy%20watch%208&spm=a2o4m.pdp_revamp.search.2.94932546MCRbxX&sugg=%E0%B8%99%E0%B8%B2%E0%B8%AC%E0%B8%B4%E0%B8%81%E0%B8%B2%20galaxy%20watch%208_0_1","","Samsung Watch 8-ใหม่มากประกันศูนย์เยอะมาก","฿8,500.00","Samsung Watch 8-ใหม่มากประกันศูนย์เยอะมาก","https://www.lazada.co.th/products/pdp-i16277953744.html",""
"1791088263-30","https://www.lazada.co.th/tag/%E0%B8%99%E0%B8%B2%E0%B8%AC%E0%B8%B4%E0%B8%81%E0%B8%B2-galaxy-watch-8/?_keyori=ss&catalog_redirect_tag=true&from=search_history&page=5&q=%E0%B8%99%E0%B8%B2%E0%B8%AC%E0%B8%B4%E0%B8%81%E0%B8%B2%20galaxy%20watch%208&spm=a2o4m.pdp_revamp.search.2.94932546MCRbxX&sugg=%E0%B8%99%E0%B8%B2%E0%B8%AC%E0%B8%B4%E0%B8%81%E0%B8%B2%20galaxy%20watch%208_0_1","","Samsung Galaxy Watch8 40,44mm BT ซัมซุง สมาร์ทวอทช์ สายยางสีเทา หน้าปัดวงกลม แสดงเวลาและวันที่","฿5,133.00","Samsung Galaxy Watch8 40,44mm BT ซัมซุง สมาร์ทวอทช์ สายยางสีเทา หน้าปัดวงกลม แสดงเวลาและวันที่","https://www.lazada.co.th/products/pdp-i16249757662.html",""
"1791088265-31","https://www.lazada.co.th/tag/%E0%B8%99%E0%B8%B2%E0%B8%AC%E0%B8%B4%E0%B8%81%E0%B8%B2-galaxy-watch-8/?_keyori=ss&catalog_redirect_tag=true&from=search_history&page=5&q=%E0%B8%99%E0%B8%B2%E0%B8%AC%E0%B8%B4%E0%B8%81%E0%B8%B2%20galaxy%20watch%208&spm=a2o4m.pdp_revamp.search.2.94932546MCRbxX&sugg=%E0%B8%99%E0%B8%B2%E0%B8%AC%E0%B8%B4%E0%B8%81%E0%B8%B2%20galaxy%20watch%208_0_1","","Samsung Galaxy Watch8 44mm (BT) (สินค้ารับประกันศูนย์ 1ปี)","฿6,900.00","Samsung Galaxy Watch8 44mm (BT) (สินค้ารับประกันศูนย์ 1ปี)","https://www.lazada.co.th/products/pdp-i16188688749.html","1"
"1791088268-32","https://www.lazada.co.th/tag/%E0%B8%99%E0%B8%B2%E0%B8%AC%E0%B8%B4%E0%B8%81%E0%B8%B2-galaxy-watch-8/?_keyori=ss&catalog_redirect_tag=true&from=search_history&page=5&q=%E0%B8%99%E0%B8%B2%E0%B8%AC%E0%B8%B4%E0%B8%81%E0%B8%B2%20galaxy%20watch%208&spm=a2o4m.pdp_revamp.search.2.94932546MCRbxX&sugg=%E0%B8%99%E0%B8%B2%E0%B8%AC%E0%B8%B4%E0%B8%81%E0%B8%B2%20galaxy%20watch%208_0_1","","ซัมซุง Samsung Galaxy Watch8  นาฬิกาอัจฉริยะ สายยางสีเทา designed to fit comfortably on various wrist sizes.","฿5,120.00","ซัมซุง Samsung Galaxy Watch8  นาฬิกาอัจฉริยะ สายยางสีเทา designed to fit comfortably on various wrist sizes.","https://www.lazada.co.th/products/pdp-i16247106128.html",""
"1791088270-33","https://www.lazada.co.th/tag/%E0%B8%99%E0%B8%B2%E0%B8%AC%E0%B8%B4%E0%B8%81%E0%B8%B2-galaxy-watch-8/?_keyori=ss&catalog_redirect_tag=true&from=search_history&page=5&q=%E0%B8%99%E0%B8%B2%E0%B8%AC%E0%B8%B4%E0%B8%81%E0%B8%B2%20galaxy%20watch%208&spm=a2o4m.pdp_revamp.search.2.94932546MCRbxX&sugg=%E0%B8%99%E0%B8%B2%E0%B8%AC%E0%B8%B4%E0%B8%81%E0%B8%B2%20galaxy%20watch%208_0_1","","Samsung Galaxy Watch8 40,44mm BT","฿8,130.00","Samsung Galaxy Watch8 40,44mm BT","https://www.lazada.co.th/products/pdp-i5792172979.html","5"
"1791088272-34","https://www.lazada.co.th/tag/%E0%B8%99%E0%B8%B2%E0%B8%AC%E0%B8%B4%E0%B8%81%E0%B8%B2-galaxy-watch-8/?_keyori=ss&catalog_redirect_tag=true&from=search_history&page=5&q=%E0%B8%99%E0%B8%B2%E0%B8%AC%E0%B8%B4%E0%B8%81%E0%B8%B2%20galaxy%20watch%208&spm=a2o4m.pdp_revamp.search.2.94932546MCRbxX&sugg=%E0%B8%99%E0%B8%B2%E0%B8%AC%E0%B8%B4%E0%B8%81%E0%B8%B2%20galaxy%20watch%208_0_1","","Samsung Galaxy Watch8 Classic BT","฿6,500.00","Samsung Galaxy Watch8 Classic BT","https://www.lazada.co.th/products/pdp-i16106826278.html",""
"1791088274-35","https://www.lazada.co.th/tag/%E0%B8%99%E0%B8%B2%E0%B8%AC%E0%B8%B4%E0%B8%81%E0%B8%B2-galaxy-watch-8/?_keyori=ss&catalog_redirect_tag=true&from=search_history&page=5&q=%E0%B8%99%E0%B8%B2%E0%B8%AC%E0%B8%B4%E0%B8%81%E0%B8%B2%20galaxy%20watch%208&spm=a2o4m.pdp_revamp.search.2.94932546MCRbxX&sugg=%E0%B8%99%E0%B8%B2%E0%B8%AC%E0%B8%B4%E0%B8%81%E0%B8%B2%20galaxy%20watch%208_0_1","","Samsung Galaxy Watch8 Classic LTE Black","฿8,500.00","Samsung Galaxy Watch8 Classic LTE Black","https://www.lazada.co.th/products/pdp-i16188718265.html",""
"1791088276-36","https://www.lazada.co.th/tag/%E0%B8%99%E0%B8%B2%E0%B8%AC%E0%B8%B4%E0%B8%81%E0%B8%B2-galaxy-watch-8/?_keyori=ss&catalog_redirect_tag=true&from=search_history&page=5&q=%E0%B8%99%E0%B8%B2%E0%B8%AC%E0%B8%B4%E0%B8%81%E0%B8%B2%20galaxy%20watch%208&spm=a2o4m.pdp_revamp.search.2.94932546MCRbxX&sugg=%E0%B8%99%E0%B8%B2%E0%B8%AC%E0%B8%B4%E0%B8%81%E0%B8%B2%20galaxy%20watch%208_0_1","","Samsung Galaxy Watch8 (Bluetooth, 44 mm) สมาร์ทวอทช์ AI","฿5,500.00","Samsung Galaxy Watch8 (Bluetooth, 44 mm) สมาร์ทวอทช์ AI","https://www.lazada.co.th/products/pdp-i16106609992.html","4.7"
"1791088278-37","https://www.lazada.co.th/tag/%E0%B8%99%E0%B8%B2%E0%B8%AC%E0%B8%B4%E0%B8%81%E0%B8%B2-galaxy-watch-8/?_keyori=ss&catalog_redirect_tag=true&from=search_history&page=5&q=%E0%B8%99%E0%B8%B2%E0%B8%AC%E0%B8%B4%E0%B8%81%E0%B8%B2%20galaxy%20watch%208&spm=a2o4m.pdp_revamp.search.2.94932546MCRbxX&sugg=%E0%B8%99%E0%B8%B2%E0%B8%AC%E0%B8%B4%E0%B8%81%E0%B8%B2%20galaxy%20watch%208_0_1","","💢Samsung Galaxy Watch 8💢AI smart watch ใหม่มือ1️⃣ ของแท้ศูนย์ไทย 💯%","฿6,417.87","💢Samsung Galaxy Watch 8💢AI smart watch ใหม่มือ1️⃣ ของแท้ศูนย์ไทย 💯%","https://www.lazada.co.th/products/pdp-i16263341205.html",""
"1791088281-38","https://www.lazada.co.th/tag/%E0%B8%99%E0%B8%B2%E0%B8%AC%E0%B8%B4%E0%B8%81%E0%B8%B2-galaxy-watch-8/?_keyori=ss&catalog_redirect_tag=true&from=search_history&page=5&q=%E0%B8%99%E0%B8%B2%E0%B8%AC%E0%B8%B4%E0%B8%81%E0%B8%B2%20galaxy%20watch%208&spm=a2o4m.pdp_revamp.search.2.94932546MCRbxX&sugg=%E0%B8%99%E0%B8%B2%E0%B8%AC%E0%B8%B4%E0%B8%81%E0%B8%B2%20galaxy%20watch%208_0_1","","Samsung Galaxy Watch8 40,44mm BT","฿6,849.00","Samsung Galaxy Watch8 40,44mm BT","https://www.lazada.co.th/products/pdp-i5811111992.html","5"
"1791088283-39","https://www.lazada.co.th/tag/%E0%B8%99%E0%B8%B2%E0%B8%AC%E0%B8%B4%E0%B8%81%E0%B8%B2-galaxy-watch-8/?_keyori=ss&catalog_redirect_tag=true&from=search_history&page=5&q=%E0%B8%99%E0%B8%B2%E0%B8%AC%E0%B8%B4%E0%B8%81%E0%B8%B2%20galaxy%20watch%208&spm=a2o4m.pdp_revamp.search.2.94932546MCRbxX&sugg=%E0%B8%99%E0%B8%B2%E0%B8%AC%E0%B8%B4%E0%B8%81%E0%B8%B2%20galaxy%20watch%208_0_1","","Samsung Galaxy Watch 8 BT 40mm สี Graphite สวมใส่สบายตลอด 24 ชั่วโมง พร้อมหน้าจอ AMOLED สว่างสู้แดด และฟีเจอร์ Galaxy AI","฿5,990.00","Samsung Galaxy Watch 8 BT 40mm สี Graphite สวมใส่สบายตลอด 24 ชั่วโมง พร้อมหน้าจอ AMOLED สว่างสู้แดด และฟีเจอร์ Galaxy AI","https://www.lazada.co.th/products/pdp-i5252832372.html","5"
"1791088285-40","https://www.lazada.co.th/tag/%E0%B8%99%E0%B8%B2%E0%B8%AC%E0%B8%B4%E0%B8%81%E0%B8%B2-galaxy-watch-8/?_keyori=ss&catalog_redirect_tag=true&from=search_history&page=5&q=%E0%B8%99%E0%B8%B2%E0%B8%AC%E0%B8%B4%E0%B8%81%E0%B8%B2%20galaxy%20watch%208&spm=a2o4m.pdp_revamp.search.2.94932546MCRbxX&sugg=%E0%B8%99%E0%B8%B2%E0%B8%AC%E0%B8%B4%E0%B8%81%E0%B8%B2%20galaxy%20watch%208_0_1","","สมาร์ทวอทช์ Samsung Galaxy Watch 8 40mm (สินค้ารับประกัน1ปี) By TG","฿12,495.00","สมาร์ทวอทช์ Samsung Galaxy Watch 8 40mm (สินค้ารับประกัน1ปี) By TG","https://www.lazada.co.th/products/pdp-i5248017701.html","5"
"1791088287-41","https://www.lazada.co.th/tag/%E0%B8%99%E0%B8%B2%E0%B8%AC%E0%B8%B4%E0%B8%81%E0%B8%B2-galaxy-watch-8/?_keyori=ss&catalog_redirect_tag=true&from=search_history&page=5&q=%E0%B8%99%E0%B8%B2%E0%B8%AC%E0%B8%B4%E0%B8%81%E0%B8%B2%20galaxy%20watch%208&spm=a2o4m.pdp_revamp.search.2.94932546MCRbxX&sugg=%E0%B8%99%E0%B8%B2%E0%B8%AC%E0%B8%B4%E0%B8%81%E0%B8%B2%20galaxy%20watch%208_0_1","","Focus ฟิล์มเนื้อ TPU ลงโค้ง แบบใส สำหรับ Apple Watch Series 11 10 9 8 SE3 SE2 7 6 SE 5 4 3 2 1 ขนาด 38 40 41 42 44 45 46mm","฿85.00","Focus ฟิล์มเนื้อ TPU ลงโค้ง แบบใส สำหรับ Apple Watch Series 11 10 9 8 SE3 SE2 7 6 SE 5 4 3 2 1 ขนาด 38 40 41 42 44 45 46mm","https://www.lazada.co.th/products/pdp-i3848825601.html","4.8"
"1791088289-42","https://www.lazada.co.th/tag/%E0%B8%99%E0%B8%B2%E0%B8%AC%E0%B8%B4%E0%B8%81%E0%B8%B2-galaxy-watch-8/?_keyori=ss&catalog_redirect_tag=true&from=search_history&page=5&q=%E0%B8%99%E0%B8%B2%E0%B8%AC%E0%B8%B4%E0%B8%81%E0%B8%B2%20galaxy%20watch%208&spm=a2o4m.pdp_revamp.search.2.94932546MCRbxX&sugg=%E0%B8%99%E0%B8%B2%E0%B8%AC%E0%B8%B4%E0%B8%81%E0%B8%B2%20galaxy%20watch%208_0_1","","PC กรณียาก Huawei Watch Fit 4 / Huawei Watch Fit 4 Pro ฟิล์มกระจกนิรภัยป้องกันหน้าจอสำหรับ นาฬิกาอัจฉริยะ Huawei Fit 3","฿69.00","PC กรณียาก Huawei Watch Fit 4 / Huawei Watch Fit 4 Pro ฟิล์มกระจกนิรภัยป้องกันหน้าจอสำหรับ นาฬิกาอัจฉริยะ Huawei Fit 3","https://www.lazada.co.th/products/pdp-i5821445158.html","4.9"
"1791088292-43","https://www.lazada.co.th/tag/%E0%B8%99%E0%B8%B2%E0%B8%AC%E0%B8%B4%E0%B8%81%E0%B8%B2-galaxy-watch-8/?_keyori=ss&catalog_redirect_tag=true&from=search_history&page=5&q=%E0%B8%99%E0%B8%B2%E0%B8%AC%E0%B8%B4%E0%B8%81%E0%B8%B2%20galaxy%20watch%208&spm=a2o4m.pdp_revamp.search.2.94932546MCRbxX&sugg=%E0%B8%99%E0%B8%B2%E0%B8%AC%E0%B8%B4%E0%B8%81%E0%B8%B2%20galaxy%20watch%208_0_1","","REYONG | สายรัดเปลี่ยนสำหรับ Galaxy Fit3","฿148.00","REYONG | สายรัดเปลี่ยนสำหรับ Galaxy Fit3","https://www.lazada.co.th/products/pdp-i16240845129.html",""
"1791088294-44","https://www.lazada.co.th/tag/%E0%B8%99%E0%B8%B2%E0%B8%AC%E0%B8%B4%E0%B8%81%E0%B8%B2-galaxy-watch-8/?_keyori=ss&catalog_redirect_tag=true&from=search_history&page=5&q=%E0%B8%99%E0%B8%B2%E0%B8%AC%E0%B8%B4%E0%B8%81%E0%B8%B2%20galaxy%20watch%208&spm=a2o4m.pdp_revamp.search.2.94932546MCRbxX&sugg=%E0%B8%99%E0%B8%B2%E0%B8%AC%E0%B8%B4%E0%B8%81%E0%B8%B2%20galaxy%20watch%208_0_1","","กันชนและเคสซิลิโคนครอบทั้วตัวสำหรับ Garmin Forerunner 165 / 165 Music - ป้องกันหน้าจอและตัวเรือน กันกระแทก ทนรอยขีดข่วน","฿33.00","กันชนและเคสซิลิโคนครอบทั้วตัวสำหรับ Garmin Forerunner 165 / 165 Music - ป้องกันหน้าจอและตัวเรือน กันกระแทก ทนรอยขีดข่วน","https://www.lazada.co.th/products/pdp-i6010520700.html","5"
"1791088296-45","https://www.lazada.co.th/tag/%E0%B8%99%E0%B8%B2%E0%B8%AC%E0%B8%B4%E0%B8%81%E0%B8%B2-galaxy-watch-8/?_keyori=ss&catalog_redirect_tag=true&from=search_history&page=5&q=%E0%B8%99%E0%B8%B2%E0%B8%AC%E0%B8%B4%E0%B8%81%E0%B8%B2%20galaxy%20watch%208&spm=a2o4m.pdp_revamp.search.2.94932546MCRbxX&sugg=%E0%B8%99%E0%B8%B2%E0%B8%AC%E0%B8%B4%E0%B8%81%E0%B8%B2%20galaxy%20watch%208_0_1","","ป้องกัน Gores ฟิล์มป้องกันหน้าจอ แก้วนิรภัย / ฟิล์มนุ่มไฮโดรเจล for Smartwatch Amazfit Bip 6 สำหรับ","฿24.00","ป้องกัน Gores ฟิล์มป้องกันหน้าจอ แก้วนิรภัย / ฟิล์มนุ่มไฮโดรเจล for Smartwatch Amazfit Bip 6 สำหรับ","https://www.lazada.co.th/products/pdp-i5991417876.html","5"
"1791088299-46","https://www.lazada.co.th/tag/%E0%B8%99%E0%B8%B2%E0%B8%AC%E0%B8%B4%E0%B8%81%E0%B8%B2-galaxy-watch-8/?_keyori=ss&catalog_redirect_tag=true&from=search_history&page=5&q=%E0%B8%99%E0%B8%B2%E0%B8%AC%E0%B8%B4%E0%B8%81%E0%B8%B2%20galaxy%20watch%208&spm=a2o4m.pdp_revamp.search.2.94932546MCRbxX&sugg=%E0%B8%99%E0%B8%B2%E0%B8%AC%E0%B8%B4%E0%B8%81%E0%B8%B2%20galaxy%20watch%208_0_1","","ฟิล์มกระจกเทมเปอร์สำหรับ Redmi Watch 5 Active / Mi Watch 5ป้องกันหน้าจอขนาดเล็กปกป้องเต็มรูปแบบสำหรับ Smartwatch Redmi Watch 5 Lite Accessories","฿31.00","ฟิล์มกระจกเทมเปอร์สำหรับ Redmi Watch 5 Active / Mi Watch 5ป้องกันหน้าจอขนาดเล็กปกป้องเต็มรูปแบบสำหรับ Smartwatch Redmi Watch 5 Lite Accessories","https://www.lazada.co.th/products/pdp-i5773568938.html","5"
"1791088301-47","https://www.lazada.co.th/tag/%E0%B8%99%E0%B8%B2%E0%B8%AC%E0%B8%B4%E0%B8%81%E0%B8%B2-galaxy-watch-8/?_keyori=ss&catalog_redirect_tag=true&from=search_history&page=5&q=%E0%B8%99%E0%B8%B2%E0%B8%AC%E0%B8%B4%E0%B8%81%E0%B8%B2%20galaxy%20watch%208&spm=a2o4m.pdp_revamp.search.2.94932546MCRbxX&sugg=%E0%B8%99%E0%B8%B2%E0%B8%AC%E0%B8%B4%E0%B8%81%E0%B8%B2%20galaxy%20watch%208_0_1","","ฟิล์มกันรอยหน้าจอแบบเต็มจอสำหรับ Redmi Watch 6 5 Active Lite / Redmi Watch 5 4 3 Active สำหรับ Redmi Watch 3 2 Lite / Mi Watch Lite สมาร์ทวอทช์ ฟิล์มกันรอยแบบนุ่ม","฿24.35","ฟิล์มกันรอยหน้าจอแบบเต็มจอสำหรับ Redmi Watch 6 5 Active Lite / Redmi Watch 5 4 3 Active สำหรับ Redmi Watch 3 2 Lite / Mi Watch Lite สมาร์ทวอทช์ ฟิล์มกันรอยแบบนุ่ม","https://www.lazada.co.th/products/pdp-i4760307474.html","4.9"
"1791088303-48","https://www.lazada.co.th/tag/%E0%B8%99%E0%B8%B2%E0%B8%AC%E0%B8%B4%E0%B8%81%E0%B8%B2-galaxy-watch-8/?_keyori=ss&catalog_redirect_tag=true&from=search_history&page=5&q=%E0%B8%99%E0%B8%B2%E0%B8%AC%E0%B8%B4%E0%B8%81%E0%B8%B2%20galaxy%20watch%208&spm=a2o4m.pdp_revamp.search.2.94932546MCRbxX&sugg=%E0%B8%99%E0%B8%B2%E0%B8%AC%E0%B8%B4%E0%B8%81%E0%B8%B2%20galaxy%20watch%208_0_1","","20mm 22mm สายซิลิโคนสำหรับ Redmi Watch 6 5 Active Lite / Redmi Watch 3 Active / Redmi Watch 6 5 4 / Xiaomi Mi Smart Band 10 9 8 Pro อุปกรณ์เสริมสายซิลิโคนสำหรับเปลี่ยน","฿61.16","20mm 22mm สายซิลิโคนสำหรับ Redmi Watch 6 5 Active Lite / Redmi Watch 3 Active / Redmi Watch 6 5 4 / Xiaomi Mi Smart Band 10 9 8 Pro อุปกรณ์เสริมสายซิลิโคนสำหรับเปลี่ยน","https://www.lazada.co.th/products/pdp-i5901398604.html","5"
"1791088305-49","https://www.lazada.co.th/tag/%E0%B8%99%E0%B8%B2%E0%B8%AC%E0%B8%B4%E0%B8%81%E0%B8%B2-galaxy-watch-8/?_keyori=ss&catalog_redirect_tag=true&from=search_history&page=5&q=%E0%B8%99%E0%B8%B2%E0%B8%AC%E0%B8%B4%E0%B8%81%E0%B8%B2%20galaxy%20watch%208&spm=a2o4m.pdp_revamp.search.2.94932546MCRbxX&sugg=%E0%B8%99%E0%B8%B2%E0%B8%AC%E0%B8%B4%E0%B8%81%E0%B8%B2%20galaxy%20watch%208_0_1","","เคสเพชร Bling สำหรับ Apple Watch Ultra 3/2/1 & Series 11-4/SE - ดีไซน์หรูสำหรับผู้หญิง ป้องกันรอยขีดข่วนสูงสุด พร้อมส่งฟรี","฿39.00","เคสเพชร Bling สำหรับ Apple Watch Ultra 3/2/1 & Series 11-4/SE - ดีไซน์หรูสำหรับผู้หญิง ป้องกันรอยขีดข่วนสูงสุด พร้อมส่งฟรี","https://www.lazada.co.th/products/pdp-i5165965483.html","4.8"
"1791088308-50","https://www.lazada.co.th/tag/%E0%B8%99%E0%B8%B2%E0%B8%AC%E0%B8%B4%E0%B8%81%E0%B8%B2-galaxy-watch-8/?_keyori=ss&catalog_redirect_tag=true&from=search_history&page=5&q=%E0%B8%99%E0%B8%B2%E0%B8%AC%E0%B8%B4%E0%B8%81%E0%B8%B2%20galaxy%20watch%208&spm=a2o4m.pdp_revamp.search.2.94932546MCRbxX&sugg=%E0%B8%99%E0%B8%B2%E0%B8%AC%E0%B8%B4%E0%B8%81%E0%B8%B2%20galaxy%20watch%208_0_1","","Heabety อะแดปเตอร์1คู่สำหรับ Galaxy Watch 8แบบคลาสสิกสายนาฬิกาสแตนเลสสำหรับ Galaxy Watch 20 22 24มม. อะแดปเตอร์โลหะ","฿43.79","Heabety อะแดปเตอร์1คู่สำหรับ Galaxy Watch 8แบบคลาสสิกสายนาฬิกาสแตนเลสสำหรับ Galaxy Watch 20 22 24มม. อะแดปเตอร์โลหะ","https://www.lazada.co.th/products/pdp-i16271656804.html",""
"1791088310-51","https://www.lazada.co.th/tag/%E0%B8%99%E0%B8%B2%E0%B8%AC%E0%B8%B4%E0%B8%81%E0%B8%B2-galaxy-watch-8/?_keyori=ss&catalog_redirect_tag=true&from=search_history&page=5&q=%E0%B8%99%E0%B8%B2%E0%B8%AC%E0%B8%B4%E0%B8%81%E0%B8%B2%20galaxy%20watch%208&spm=a2o4m.pdp_revamp.search.2.94932546MCRbxX&sugg=%E0%B8%99%E0%B8%B2%E0%B8%AC%E0%B8%B4%E0%B8%81%E0%B8%B2%20galaxy%20watch%208_0_1","","เคสกันรอยสมาร์ทวอทช์ Focus Shield Casing สำหรับ Apple Watch Series 11 10 4/5/6/7/8/9/SE/SE2/SE3","฿150.00","เคสกันรอยสมาร์ทวอทช์ Focus Shield Casing สำหรับ Apple Watch Series 11 10 4/5/6/7/8/9/SE/SE2/SE3","https://www.lazada.co.th/products/pdp-i4343552654.html","5"
"1791088312-52","https://www.lazada.co.th/tag/%E0%B8%99%E0%B8%B2%E0%B8%AC%E0%B8%B4%E0%B8%81%E0%B8%B2-galaxy-watch-8/?_keyori=ss&catalog_redirect_tag=true&from=search_history&page=5&q=%E0%B8%99%E0%B8%B2%E0%B8%AC%E0%B8%B4%E0%B8%81%E0%B8%B2%20galaxy%20watch%208&spm=a2o4m.pdp_revamp.search.2.94932546MCRbxX&sugg=%E0%B8%99%E0%B8%B2%E0%B8%AC%E0%B8%B4%E0%B8%81%E0%B8%B2%20galaxy%20watch%208_0_1","","ฟิล์มกันรอยหน้าจอ TPU นิ่ม สำหรับ Garmin Forerunner 165 55 158 ฟิล์มป้องกันหน้าจอสมาร์ทวอทช์ กันกระแทก ภาพคมชัด","฿35.00","ฟิล์มกันรอยหน้าจอ TPU นิ่ม สำหรับ Garmin Forerunner 165 55 158 ฟิล์มป้องกันหน้าจอสมาร์ทวอทช์ กันกระแทก ภาพคมชัด","https://www.lazada.co.th/products/pdp-i5937596774.html","4.9"
"1791088314-53","https://www.lazada.co.th/tag/%E0%B8%99%E0%B8%B2%E0%B8%AC%E0%B8%B4%E0%B8%81%E0%B8%B2-galaxy-watch-8/?_keyori=ss&catalog_redirect_tag=true&from=search_history&page=5&q=%E0%B8%99%E0%B8%B2%E0%B8%AC%E0%B8%B4%E0%B8%81%E0%B8%B2%20galaxy%20watch%208&spm=a2o4m.pdp_revamp.search.2.94932546MCRbxX&sugg=%E0%B8%99%E0%B8%B2%E0%B8%AC%E0%B8%B4%E0%B8%81%E0%B8%B2%20galaxy%20watch%208_0_1","","ฟิล์มกระจกนิรภัย ป้องกันหน้าจอ กันรอย กันกระแทก สำหรับ Samsung Galaxy Fit 3 Smartwatch","฿26.00","ฟิล์มกระจกนิรภัย ป้องกันหน้าจอ กันรอย กันกระแทก สำหรับ Samsung Galaxy Fit 3 Smartwatch","https://www.lazada.co.th/products/pdp-i5962899950.html","4.8"
"1791088316-54","https://www.lazada.co.th/tag/%E0%B8%99%E0%B8%B2%E0%B8%AC%E0%B8%B4%E0%B8%81%E0%B8%B2-galaxy-watch-8/?_keyori=ss&catalog_redirect_tag=true&from=search_history&page=5&q=%E0%B8%99%E0%B8%B2%E0%B8%AC%E0%B8%B4%E0%B8%81%E0%B8%B2%20galaxy%20watch%208&spm=a2o4m.pdp_revamp.search.2.94932546MCRbxX&sugg=%E0%B8%99%E0%B8%B2%E0%B8%AC%E0%B8%B4%E0%B8%81%E0%B8%B2%20galaxy%20watch%208_0_1","","สาย Milanese สำหรับ Samsung Galaxy Watch 3 4 5 Pro Classic/Active 2/3/สายนาฬิกาเกียร์ S3สายนาฬิกาข้อมือชายแดนอัจฉริยะสร้อยข้อมือแม่เหล็กสายสำหรับ Huawei GT2 GT3 Amazfit Gts Gts Gts 2 Mini/bip U","฿39.25","สาย Milanese สำหรับ Samsung Galaxy Watch 3 4 5 Pro Classic/Active 2/3/สายนาฬิกาเกียร์ S3สายนาฬิกาข้อมือชายแดนอัจฉริยะสร้อยข้อมือแม่เหล็กสายสำหรับ Huawei GT2 GT3 Amazfit Gts Gts Gts 2 Mini/bip U","https://www.lazada.co.th/products/pdp-i4524096439.html","4.9"
"1791088318-55","https://www.lazada.co.th/tag/%E0%B8%99%E0%B8%B2%E0%B8%AC%E0%B8%B4%E0%B8%81%E0%B8%B2-galaxy-watch-8/?_keyori=ss&catalog_redirect_tag=true&from=search_history&page=5&q=%E0%B8%99%E0%B8%B2%E0%B8%AC%E0%B8%B4%E0%B8%81%E0%B8%B2%20galaxy%20watch%208&spm=a2o4m.pdp_revamp.search.2.94932546MCRbxX&sugg=%E0%B8%99%E0%B8%B2%E0%B8%AC%E0%B8%B4%E0%B8%81%E0%B8%B2%20galaxy%20watch%208_0_1","","Focus ฟิล์มกระจกใส สำหรับ Garmin Forerunner 45 55 165 255 255S 245 645 735XT 935 945 FenixE Fenix 8 Fenix7X Fenix7 5x 6 6s Vivoactive3 Vivomove HR และ Galaxy Watch","฿59.00","Focus ฟิล์มกระจกใส สำหรับ Garmin Forerunner 45 55 165 255 255S 245 645 735XT 935 945 FenixE Fenix 8 Fenix7X Fenix7 5x 6 6s Vivoactive3 Vivomove HR และ Galaxy Watch","https://www.lazada.co.th/products/pdp-i4166305414.html","5"
"1791088322-56","https://www.lazada.co.th/tag/%E0%B8%99%E0%B8%B2%E0%B8%AC%E0%B8%B4%E0%B8%81%E0%B8%B2-galaxy-watch-8/?_keyori=ss&catalog_redirect_tag=true&from=search_history&page=5&q=%E0%B8%99%E0%B8%B2%E0%B8%AC%E0%B8%B4%E0%B8%81%E0%B8%B2%20galaxy%20watch%208&spm=a2o4m.pdp_revamp.search.2.94932546MCRbxX&sugg=%E0%B8%99%E0%B8%B2%E0%B8%AC%E0%B8%B4%E0%B8%81%E0%B8%B2%20galaxy%20watch%208_0_1","","【Versatile】 Glass for Galaxy Watch 6/ Watch6 Classic 40mm 44mm 43mm 47mm HD Clear Screen Protector Watch 6 Tempered Glass 1-5Pcs","฿152.03","【Versatile】 Glass for Galaxy Watch 6/ Watch6 Classic 40mm 44mm 43mm 47mm HD Clear Screen Protector Watch 6 Tempered Glass 1-5Pcs","https://www.lazada.co.th/products/pdp-i5379097172.html",""
"1791088325-57","https://www.lazada.co.th/tag/%E0%B8%99%E0%B8%B2%E0%B8%AC%E0%B8%B4%E0%B8%81%E0%B8%B2-galaxy-watch-8/?_keyori=ss&catalog_redirect_tag=true&from=search_history&page=5&q=%E0%B8%99%E0%B8%B2%E0%B8%AC%E0%B8%B4%E0%B8%81%E0%B8%B2%20galaxy%20watch%208&spm=a2o4m.pdp_revamp.search.2.94932546MCRbxX&sugg=%E0%B8%99%E0%B8%B2%E0%B8%AC%E0%B8%B4%E0%B8%81%E0%B8%B2%20galaxy%20watch%208_0_1","","ฟิล์มกระจกใส Garmin Focus Forerunner 165 255 255S 45 55 225 235 245 645 735XT 935 945 FenixE 8 Fenix7X Fenix7 5x 6 6s Vivoactive3 Vivomove HR และ Galaxy Watch แบบใส กามิน โฟกัส","฿59.00","ฟิล์มกระจกใส Garmin Focus Forerunner 165 255 255S 45 55 225 235 245 645 735XT 935 945 FenixE 8 Fenix7X Fenix7 5x 6 6s Vivoactive3 Vivomove HR และ Galaxy Watch แบบใส กามิน โฟกัส","https://www.lazada.co.th/products/pdp-i3859422610.html","5"
"1791088327-58","https://www.lazada.co.th/tag/%E0%B8%99%E0%B8%B2%E0%B8%AC%E0%B8%B4%E0%B8%81%E0%B8%B2-galaxy-watch-8/?_keyori=ss&catalog_redirect_tag=true&from=search_history&page=5&q=%E0%B8%99%E0%B8%B2%E0%B8%AC%E0%B8%B4%E0%B8%81%E0%B8%B2%20galaxy%20watch%208&spm=a2o4m.pdp_revamp.search.2.94932546MCRbxX&sugg=%E0%B8%99%E0%B8%B2%E0%B8%AC%E0%B8%B4%E0%B8%81%E0%B8%B2%20galaxy%20watch%208_0_1","","แก้วนิรภัย / ฟิล์มอ่อน TPU for Smartwatch Garmin Forerunner 165/Forerunner 55/Forerunner 158 อุปกรณ์ป้องกันหน้าจอ","฿28.00","แก้วนิรภัย / ฟิล์มอ่อน TPU for Smartwatch Garmin Forerunner 165/Forerunner 55/Forerunner 158 อุปกรณ์ป้องกันหน้าจอ","https://www.lazada.co.th/products/pdp-i5961020771.html","5"
"1791088329-59","https://www.lazada.co.th/tag/%E0%B8%99%E0%B8%B2%E0%B8%AC%E0%B8%B4%E0%B8%81%E0%B8%B2-galaxy-watch-8/?_keyori=ss&catalog_redirect_tag=true&from=search_history&page=5&q=%E0%B8%99%E0%B8%B2%E0%B8%AC%E0%B8%B4%E0%B8%81%E0%B8%B2%20galaxy%20watch%208&spm=a2o4m.pdp_revamp.search.2.94932546MCRbxX&sugg=%E0%B8%99%E0%B8%B2%E0%B8%AC%E0%B8%B4%E0%B8%81%E0%B8%B2%20galaxy%20watch%208_0_1","","CCLCC สาย Milanese สีสันสดใสนาฬิกาสามารถใส่ได้กับ Samsung Galaxy สายนาฬิกา20มม. 22มม. 3 4 Classic 5 Pro 45มม. 40มม. 44มม. 46มม. S3เกียร์2/Huawei GT 2 3สายโปร","฿45.00","CCLCC สาย Milanese สีสันสดใสนาฬิกาสามารถใส่ได้กับ Samsung Galaxy สายนาฬิกา20มม. 22มม. 3 4 Classic 5 Pro 45มม. 40มม. 44มม. 46มม. S3เกียร์2/Huawei GT 2 3สายโปร","https://www.lazada.co.th/products/pdp-i4415072059.html","4.9"
"1791088331-60","https://www.lazada.co.th/tag/%E0%B8%99%E0%B8%B2%E0%B8%AC%E0%B8%B4%E0%B8%81%E0%B8%B2-galaxy-watch-8/?_keyori=ss&catalog_redirect_tag=true&from=search_history&page=5&q=%E0%B8%99%E0%B8%B2%E0%B8%AC%E0%B8%B4%E0%B8%81%E0%B8%B2%20galaxy%20watch%208&spm=a2o4m.pdp_revamp.search.2.94932546MCRbxX&sugg=%E0%B8%99%E0%B8%B2%E0%B8%AC%E0%B8%B4%E0%B8%81%E0%B8%B2%20galaxy%20watch%208_0_1","","สายสมาร์ทวอท์ชสปอร์ตซิลิโคน20มม. สำหรับ For Samsung Galaxy Watch 4 5 6 7 FE 40mm 44mm/Watch 4 6 classic/Watch 5pro 45mm","฿59.85","สายสมาร์ทวอท์ชสปอร์ตซิลิโคน20มม. สำหรับ For Samsung Galaxy Watch 4 5 6 7 FE 40mm 44mm/Watch 4 6 classic/Watch 5pro 45mm","https://www.lazada.co.th/products/pdp-i16271025036.html",""
"1791088333-61","https://www.lazada.co.th/tag/%E0%B8%99%E0%B8%B2%E0%B8%AC%E0%B8%B4%E0%B8%81%E0%B8%B2-galaxy-watch-8/?_keyori=ss&catalog_redirect_tag=true&from=search_history&page=5&q=%E0%B8%99%E0%B8%B2%E0%B8%AC%E0%B8%B4%E0%B8%81%E0%B8%B2%20galaxy%20watch%208&spm=a2o4m.pdp_revamp.search.2.94932546MCRbxX&sugg=%E0%B8%99%E0%B8%B2%E0%B8%AC%E0%B8%B4%E0%B8%81%E0%B8%B2%20galaxy%20watch%208_0_1","","【Great Selection】 Soft TPU Case For Galaxy Watch 7 40mm 44mm All Around Protective Bumper Protector Cover For Galaxy Watch7","฿242.95","【Great Selection】 Soft TPU Case For Galaxy Watch 7 40mm 44mm All Around Protective Bumper Protector Cover For Galaxy Watch7","https://www.lazada.co.th/products/pdp-i16187747901.html",""
"1791088336-62","https://www.lazada.co.th/tag/%E0%B8%99%E0%B8%B2%E0%B8%AC%E0%B8%B4%E0%B8%81%E0%B8%B2-galaxy-watch-8/?_keyori=ss&catalog_redirect_tag=true&from=search_history&page=5&q=%E0%B8%99%E0%B8%B2%E0%B8%AC%E0%B8%B4%E0%B8%81%E0%B8%B2%20galaxy%20watch%208&spm=a2o4m.pdp_revamp.search.2.94932546MCRbxX&sugg=%E0%B8%99%E0%B8%B2%E0%B8%AC%E0%B8%B4%E0%B8%81%E0%B8%B2%20galaxy%20watch%208_0_1","","สายหนังแท้20มม. 22มม. สำหรับ Samsung Galaxy Watch 3/4สายรัดข้อมือซิลิโคนสาย GT3 GT2ขนาด42มม. 46มม.","฿74.27","สายหนังแท้20มม. 22มม. สำหรับ Samsung Galaxy Watch 3/4สายรัดข้อมือซิลิโคนสาย GT3 GT2ขนาด42มม. 46มม.","https://www.lazada.co.th/products/pdp-i4704286543.html","4.9"
"1791088338-63","https://www.lazada.co.th/tag/%E0%B8%99%E0%B8%B2%E0%B8%AC%E0%B8%B4%E0%B8%81%E0%B8%B2-galaxy-watch-8/?_keyori=ss&catalog_redirect_tag=true&from=search_history&page=5&q=%E0%B8%99%E0%B8%B2%E0%B8%AC%E0%B8%B4%E0%B8%81%E0%B8%B2%20galaxy%20watch%208&spm=a2o4m.pdp_revamp.search.2.94932546MCRbxX&sugg=%E0%B8%99%E0%B8%B2%E0%B8%AC%E0%B8%B4%E0%B8%81%E0%B8%B2%20galaxy%20watch%208_0_1","","CRESTED | สายรัดนาฬิกาแบบร่มชูชีพขนาด 20 มม. 22 มม. สำหรับ Samsung Galaxy Watch 7 6 5 4 40 มม. 44 มม. 6Classic 47 มม. สายไนลอนสำหรับ Huawei Watch GT5 Pro 4 (1/2 ชิ้น)","฿164.91","CRESTED | สายรัดนาฬิกาแบบร่มชูชีพขนาด 20 มม. 22 มม. สำหรับ Samsung Galaxy Watch 7 6 5 4 40 มม. 44 มม. 6Classic 47 มม. สายไนลอนสำหรับ Huawei Watch GT5 Pro 4 (1/2 ชิ้น)","https://www.lazada.co.th/products/pdp-i16127014376.html","5"
"1791088340-64","https://www.lazada.co.th/tag/%E0%B8%99%E0%B8%B2%E0%B8%AC%E0%B8%B4%E0%B8%81%E0%B8%B2-galaxy-watch-8/?_keyori=ss&catalog_redirect_tag=true&from=search_history&page=5&q=%E0%B8%99%E0%B8%B2%E0%B8%AC%E0%B8%B4%E0%B8%81%E0%B8%B2%20galaxy%20watch%208&spm=a2o4m.pdp_revamp.search.2.94932546MCRbxX&sugg=%E0%B8%99%E0%B8%B2%E0%B8%AC%E0%B8%B4%E0%B8%81%E0%B8%B2%20galaxy%20watch%208_0_1","","SPIGEN 2 Pack ฟิล์มกระจกสำหรับ Galaxy Watch 9 / 8 [Glas.tR EZ Fit] Less Time, Guaranteed Alignment / ฟิล์ม Galaxy Watch 9 / 8","฿441.00","SPIGEN 2 Pack ฟิล์มกระจกสำหรับ Galaxy Watch 9 / 8 [Glas.tR EZ Fit] Less Time, Guaranteed Alignment / ฟิล์ม Galaxy Watch 9 / 8","https://www.lazada.co.th/products/pdp-i5785653139.html","4.9"
"1791088342-65","https://www.lazada.co.th/tag/%E0%B8%99%E0%B8%B2%E0%B8%AC%E0%B8%B4%E0%B8%81%E0%B8%B2-galaxy-watch-8/?_keyori=ss&catalog_redirect_tag=true&from=search_history&page=5&q=%E0%B8%99%E0%B8%B2%E0%B8%AC%E0%B8%B4%E0%B8%81%E0%B8%B2%20galaxy%20watch%208&spm=a2o4m.pdp_revamp.search.2.94932546MCRbxX&sugg=%E0%B8%99%E0%B8%B2%E0%B8%AC%E0%B8%B4%E0%B8%81%E0%B8%B2%20galaxy%20watch%208_0_1","","Milanese Magnetic Loop สาย16/18/20/22มม. สแตนเลส Quick Release Band สร้อยข้อมือสำหรับ Samsung Galaxy นาฬิกา4 5 44มม. 40มม. Huawei Gt 2/3 Pro Watchband","฿43.40","Milanese Magnetic Loop สาย16/18/20/22มม. สแตนเลส Quick Release Band สร้อยข้อมือสำหรับ Samsung Galaxy นาฬิกา4 5 44มม. 40มม. Huawei Gt 2/3 Pro Watchband","https://www.lazada.co.th/products/pdp-i4266415610.html","4.8"
"1791088344-66","https://www.lazada.co.th/tag/%E0%B8%99%E0%B8%B2%E0%B8%AC%E0%B8%B4%E0%B8%81%E0%B8%B2-galaxy-watch-8/?_keyori=ss&catalog_redirect_tag=true&from=search_history&page=5&q=%E0%B8%99%E0%B8%B2%E0%B8%AC%E0%B8%B4%E0%B8%81%E0%B8%B2%20galaxy%20watch%208&spm=a2o4m.pdp_revamp.search.2.94932546MCRbxX&sugg=%E0%B8%99%E0%B8%B2%E0%B8%AC%E0%B8%B4%E0%B8%81%E0%B8%B2%20galaxy%20watch%208_0_1","","สายซิลิโคน 20 มม. 22 มม. เข้ากันได้กับ Samsung Galaxy Watch 6Classic 43mm 47mm 6.5 4 40mm 44mm สำหรับ Huawei Watch GT4 GT3 4Pro","฿56.98","สายซิลิโคน 20 มม. 22 มม. เข้ากันได้กับ Samsung Galaxy Watch 6Classic 43mm 47mm 6.5 4 40mm 44mm สำหรับ Huawei Watch GT4 GT3 4Pro","https://www.lazada.co.th/products/pdp-i5578409455.html","5"
"1791088346-67","https://www.lazada.co.th/tag/%E0%B8%99%E0%B8%B2%E0%B8%AC%E0%B8%B4%E0%B8%81%E0%B8%B2-galaxy-watch-8/?_keyori=ss&catalog_redirect_tag=true&from=search_history&page=5&q=%E0%B8%99%E0%B8%B2%E0%B8%AC%E0%B8%B4%E0%B8%81%E0%B8%B2%20galaxy%20watch%208&spm=a2o4m.pdp_revamp.search.2.94932546MCRbxX&sugg=%E0%B8%99%E0%B8%B2%E0%B8%AC%E0%B8%B4%E0%B8%81%E0%B8%B2%20galaxy%20watch%208_0_1","","กันรอยหน้าจอกันน้ำ iWatch Series 9/8/se 2/7/6/5/4/3/2/se ฟิล์ม protective film apple watch Ultra 2 49mm ฟิล์ม 41mm 45mm 40mm 44mm 38mm 42mm ฟิล์ม","฿55.91","กันรอยหน้าจอกันน้ำ iWatch Series 9/8/se 2/7/6/5/4/3/2/se ฟิล์ม protective film apple watch Ultra 2 49mm ฟิล์ม 41mm 45mm 40mm 44mm 38mm 42mm ฟิล์ม","https://www.lazada.co.th/products/pdp-i1130334452.html","4.8"
"1791088349-68","https://www.lazada.co.th/tag/%E0%B8%99%E0%B8%B2%E0%B8%AC%E0%B8%B4%E0%B8%81%E0%B8%B2-galaxy-watch-8/?_keyori=ss&catalog_redirect_tag=true&from=search_history&page=5&q=%E0%B8%99%E0%B8%B2%E0%B8%AC%E0%B8%B4%E0%B8%81%E0%B8%B2%20galaxy%20watch%208&spm=a2o4m.pdp_revamp.search.2.94932546MCRbxX&sugg=%E0%B8%99%E0%B8%B2%E0%B8%AC%E0%B8%B4%E0%B8%81%E0%B8%B2%20galaxy%20watch%208_0_1","","สายหนังวัวหนังแท้20มม. 22มม. สำหรับ Samsung Galaxy Watch 6 Classic 4 5 Pro สายหนังอุปกรณ์สำหรับนาฬิกา Huawei","฿151.00","สายหนังวัวหนังแท้20มม. 22มม. สำหรับ Samsung Galaxy Watch 6 Classic 4 5 Pro สายหนังอุปกรณ์สำหรับนาฬิกา Huawei","https://www.lazada.co.th/products/pdp-i4815934185.html","4.9"
"1791088351-69","https://www.lazada.co.th/tag/%E0%B8%99%E0%B8%B2%E0%B8%AC%E0%B8%B4%E0%B8%81%E0%B8%B2-galaxy-watch-8/?_keyori=ss&catalog_redirect_tag=true&from=search_history&page=5&q=%E0%B8%99%E0%B8%B2%E0%B8%AC%E0%B8%B4%E0%B8%81%E0%B8%B2%20galaxy%20watch%208&spm=a2o4m.pdp_revamp.search.2.94932546MCRbxX&sugg=%E0%B8%99%E0%B8%B2%E0%B8%AC%E0%B8%B4%E0%B8%81%E0%B8%B2%20galaxy%20watch%208_0_1","","สายรัดซิลิโคนอ่อนสำหรับ Samsung Galaxy Watch 7 6 5 4 FE 40มม. 44มม. Watch6 Watch5 Watch4 Pro Classic","฿50.19","สายรัดซิลิโคนอ่อนสำหรับ Samsung Galaxy Watch 7 6 5 4 FE 40มม. 44มม. Watch6 Watch5 Watch4 Pro Classic","https://www.lazada.co.th/products/pdp-i5681416412.html","4.9"
"1791088353-70","https://www.lazada.co.th/tag/%E0%B8%99%E0%B8%B2%E0%B8%AC%E0%B8%B4%E0%B8%81%E0%B8%B2-galaxy-watch-8/?_keyori=ss&catalog_redirect_tag=true&from=search_history&page=5&q=%E0%B8%99%E0%B8%B2%E0%B8%AC%E0%B8%B4%E0%B8%81%E0%B8%B2%20galaxy%20watch%208&spm=a2o4m.pdp_revamp.search.2.94932546MCRbxX&sugg=%E0%B8%99%E0%B8%B2%E0%B8%AC%E0%B8%B4%E0%B8%81%E0%B8%B2%20galaxy%20watch%208_0_1","","SPIGEN สายสำหรับ Galaxy Watch 9 / 8 Classic / 8 [Lite Fit] Flexible and Soft Nylon Band / สาย Galaxy Watch 9 / 8 Classic / 8","฿531.00","SPIGEN สายสำหรับ Galaxy Watch 9 / 8 Classic / 8 [Lite Fit] Flexible and Soft Nylon Band / สาย Galaxy Watch 9 / 8 Classic / 8","https://www.lazada.co.th/products/pdp-i5788080726.html","4.9"
"1791088355-71","https://www.lazada.co.th/tag/%E0%B8%99%E0%B8%B2%E0%B8%AC%E0%B8%B4%E0%B8%81%E0%B8%B2-galaxy-watch-8/?_keyori=ss&catalog_redirect_tag=true&from=search_history&page=5&q=%E0%B8%99%E0%B8%B2%E0%B8%AC%E0%B8%B4%E0%B8%81%E0%B8%B2%20galaxy%20watch%208&spm=a2o4m.pdp_revamp.search.2.94932546MCRbxX&sugg=%E0%B8%99%E0%B8%B2%E0%B8%AC%E0%B8%B4%E0%B8%81%E0%B8%B2%20galaxy%20watch%208_0_1","","เทปยาง 22 มม. 20 มม for Samsung Galaxy Watch /Huawei GT /Redmi Watch 5 Active/Lite /Garmin Watch /Amazfit /Aolon/Xiaomi","฿32.00","เทปยาง 22 มม. 20 มม for Samsung Galaxy Watch /Huawei GT /Redmi Watch 5 Active/Lite /Garmin Watch /Amazfit /Aolon/Xiaomi","https://www.lazada.co.th/products/pdp-i5697073366.html","4.9"
"1791088358-72","https://www.lazada.co.th/tag/%E0%B8%99%E0%B8%B2%E0%B8%AC%E0%B8%B4%E0%B8%81%E0%B8%B2-galaxy-watch-8/?_keyori=ss&catalog_redirect_tag=true&from=search_history&page=5&q=%E0%B8%99%E0%B8%B2%E0%B8%AC%E0%B8%B4%E0%B8%81%E0%B8%B2%20galaxy%20watch%208&spm=a2o4m.pdp_revamp.search.2.94932546MCRbxX&sugg=%E0%B8%99%E0%B8%B2%E0%B8%AC%E0%B8%B4%E0%B8%81%E0%B8%B2%20galaxy%20watch%208_0_1","","ฟิล์มกันรอยนาฬิกา Samsung Galaxy Watch 9 | ฟิล์ม Samsung Galaxy Watch 9  | ฟิล์มนาฬิกาสมาร์ทวอช | ฟิล์มโฟกัส | ฟิล์มนาฬิกา smartwatch","฿69.00","ฟิล์มกันรอยนาฬิกา Samsung Galaxy Watch 9 | ฟิล์ม Samsung Galaxy Watch 9  | ฟิล์มนาฬิกาสมาร์ทวอช | ฟิล์มโฟกัส | ฟิล์มนาฬิกา smartwatch","https://www.lazada.co.th/products/pdp-i16244985862.html","5"
"1791088360-73","https://www.lazada.co.th/tag/%E0%B8%99%E0%B8%B2%E0%B8%AC%E0%B8%B4%E0%B8%81%E0%B8%B2-galaxy-watch-8/?_keyori=ss&catalog_redirect_tag=true&from=search_history&page=5&q=%E0%B8%99%E0%B8%B2%E0%B8%AC%E0%B8%B4%E0%B8%81%E0%B8%B2%20galaxy%20watch%208&spm=a2o4m.pdp_revamp.search.2.94932546MCRbxX&sugg=%E0%B8%99%E0%B8%B2%E0%B8%AC%E0%B8%B4%E0%B8%81%E0%B8%B2%20galaxy%20watch%208_0_1","","สําหรับ Samsung Galaxy Watch Ultra 47 มม.อุปกรณ์เสริม Marine Sport สายรัดข้อมือซิลิโคนสร้อยข้อมือ correa Galaxy Watch 7 ultra Band","฿146.24","สําหรับ Samsung Galaxy Watch Ultra 47 มม.อุปกรณ์เสริม Marine Sport สายรัดข้อมือซิลิโคนสร้อยข้อมือ correa Galaxy Watch 7 ultra Band","https://www.lazada.co.th/products/pdp-i5716099589.html","5"
"1791088362-74","https://www.lazada.co.th/tag/%E0%B8%99%E0%B8%B2%E0%B8%AC%E0%B8%B4%E0%B8%81%E0%B8%B2-galaxy-watch-8/?_keyori=ss&catalog_redirect_tag=true&from=search_history&page=5&q=%E0%B8%99%E0%B8%B2%E0%B8%AC%E0%B8%B4%E0%B8%81%E0%B8%B2%20galaxy%20watch%208&spm=a2o4m.pdp_revamp.search.2.94932546MCRbxX&sugg=%E0%B8%99%E0%B8%B2%E0%B8%AC%E0%B8%B4%E0%B8%81%E0%B8%B2%20galaxy%20watch%208_0_1","","เคสกันกระแทกแบบแข็งสำหรับ Samsung Galaxy Watch กล่องโลหะ8 40mm 44mm อุปกรณ์เสริมเคสกันกระแทกแบบ Watch8","฿449.00","เคสกันกระแทกแบบแข็งสำหรับ Samsung Galaxy Watch กล่องโลหะ8 40mm 44mm อุปกรณ์เสริมเคสกันกระแทกแบบ Watch8","https://www.lazada.co.th/products/pdp-i16078294164.html","4.8"
"1791088364-75","https://www.lazada.co.th/tag/%E0%B8%99%E0%B8%B2%E0%B8%AC%E0%B8%B4%E0%B8%81%E0%B8%B2-galaxy-watch-8/?_keyori=ss&catalog_redirect_tag=true&from=search_history&page=5&q=%E0%B8%99%E0%B8%B2%E0%B8%AC%E0%B8%B4%E0%B8%81%E0%B8%B2%20galaxy%20watch%208&spm=a2o4m.pdp_revamp.search.2.94932546MCRbxX&sugg=%E0%B8%99%E0%B8%B2%E0%B8%AC%E0%B8%B4%E0%B8%81%E0%B8%B2%20galaxy%20watch%208_0_1","","เคส TPU สำหรับ Samsung Galaxy Watch 7 40mm, บางเฉียบครอบคลุมเต็มรูปแบบกันกระแทกฝาครอบป้องกันสำหรับ Samsung Galaxy Watch 7 44mmปกป้องหน้าจอ","฿40.00","เคส TPU สำหรับ Samsung Galaxy Watch 7 40mm, บางเฉียบครอบคลุมเต็มรูปแบบกันกระแทกฝาครอบป้องกันสำหรับ Samsung Galaxy Watch 7 44mmปกป้องหน้าจอ","https://www.lazada.co.th/products/pdp-i5247683346.html","4.9"
"1791088366-76","https://www.lazada.co.th/tag/%E0%B8%99%E0%B8%B2%E0%B8%AC%E0%B8%B4%E0%B8%81%E0%B8%B2-galaxy-watch-8/?_keyori=ss&catalog_redirect_tag=true&from=search_history&page=5&q=%E0%B8%99%E0%B8%B2%E0%B8%AC%E0%B8%B4%E0%B8%81%E0%B8%B2%20galaxy%20watch%208&spm=a2o4m.pdp_revamp.search.2.94932546MCRbxX&sugg=%E0%B8%99%E0%B8%B2%E0%B8%AC%E0%B8%B4%E0%B8%81%E0%B8%B2%20galaxy%20watch%208_0_1","","Casing PC GEEKTHINK + สายซิลิโคน (ไม่มีนาฬิกา) สำหรับ Samsung Galaxy Watch 8 40Mm 44Mm/8 Classic 46Mm อุปกรณ์เสริมนาฬิกาครอบป้องกัน","฿153.32","Casing PC GEEKTHINK + สายซิลิโคน (ไม่มีนาฬิกา) สำหรับ Samsung Galaxy Watch 8 40Mm 44Mm/8 Classic 46Mm อุปกรณ์เสริมนาฬิกาครอบป้องกัน","https://www.lazada.co.th/products/pdp-i5827889012.html","4.8"
"1791088369-77","https://www.lazada.co.th/tag/%E0%B8%99%E0%B8%B2%E0%B8%AC%E0%B8%B4%E0%B8%81%E0%B8%B2-galaxy-watch-8/?_keyori=ss&catalog_redirect_tag=true&from=search_history&page=5&q=%E0%B8%99%E0%B8%B2%E0%B8%AC%E0%B8%B4%E0%B8%81%E0%B8%B2%20galaxy%20watch%208&spm=a2o4m.pdp_revamp.search.2.94932546MCRbxX&sugg=%E0%B8%99%E0%B8%B2%E0%B8%AC%E0%B8%B4%E0%B8%81%E0%B8%B2%20galaxy%20watch%208_0_1","","สำหรับ Samsung Galaxy Watch 7 40mm เคส Galaxy Watch 7 44mm 2 ใน 1 ความคุ้มครองเต็มรูปแบบ Galaxy Watch 7 40mm 44mm (2024) ฝาครอบ TPU ปกป้องหน้าจอสำหรับ Samsung SmartWatch 7 กรณี","฿37.00","สำหรับ Samsung Galaxy Watch 7 40mm เคส Galaxy Watch 7 44mm 2 ใน 1 ความคุ้มครองเต็มรูปแบบ Galaxy Watch 7 40mm 44mm (2024) ฝาครอบ TPU ปกป้องหน้าจอสำหรับ Samsung SmartWatch 7 กรณี","https://www.lazada.co.th/products/pdp-i5246039700.html","4.8"
"1791088371-78","https://www.lazada.co.th/tag/%E0%B8%99%E0%B8%B2%E0%B8%AC%E0%B8%B4%E0%B8%81%E0%B8%B2-galaxy-watch-8/?_keyori=ss&catalog_redirect_tag=true&from=search_history&page=5&q=%E0%B8%99%E0%B8%B2%E0%B8%AC%E0%B8%B4%E0%B8%81%E0%B8%B2%20galaxy%20watch%208&spm=a2o4m.pdp_revamp.search.2.94932546MCRbxX&sugg=%E0%B8%99%E0%B8%B2%E0%B8%AC%E0%B8%B4%E0%B8%81%E0%B8%B2%20galaxy%20watch%208_0_1","","สายรัดข้อมือซิลิโคนแบบดั้งเดิมสำหรับ Samsung Galaxy Watch Ultra 2 อุปกรณ์เสริม Marine Sport สายรัดข้อมือซิลิโคน correa Galaxy Watch ultra 2025 47 มม.","฿132.96","สายรัดข้อมือซิลิโคนแบบดั้งเดิมสำหรับ Samsung Galaxy Watch Ultra 2 อุปกรณ์เสริม Marine Sport สายรัดข้อมือซิลิโคน correa Galaxy Watch ultra 2025 47 มม.","https://www.lazada.co.th/products/pdp-i5589488614.html","5"
"1791088373-79","https://www.lazada.co.th/tag/%E0%B8%99%E0%B8%B2%E0%B8%AC%E0%B8%B4%E0%B8%81%E0%B8%B2-galaxy-watch-8/?_keyori=ss&catalog_redirect_tag=true&from=search_history&page=5&q=%E0%B8%99%E0%B8%B2%E0%B8%AC%E0%B8%B4%E0%B8%81%E0%B8%B2%20galaxy%20watch%208&spm=a2o4m.pdp_revamp.search.2.94932546MCRbxX&sugg=%E0%B8%99%E0%B8%B2%E0%B8%AC%E0%B8%B4%E0%B8%81%E0%B8%B2%20galaxy%20watch%208_0_1","","สายรัด + เคสสำหรับ Samsung Galaxy Watch Ultra 2 2026สายรัดข้อมือซิลิโคนสำหรับ Galaxy Watch Ultra 47มม. อุปกรณ์สายรัด","฿176.00","สายรัด + เคสสำหรับ Samsung Galaxy Watch Ultra 2 2026สายรัดข้อมือซิลิโคนสำหรับ Galaxy Watch Ultra 47มม. อุปกรณ์สายรัด","https://www.lazada.co.th/products/pdp-i16225637029.html",""
"1791088375-80","https://www.lazada.co.th/tag/%E0%B8%99%E0%B8%B2%E0%B8%AC%E0%B8%B4%E0%B8%81%E0%B8%B2-galaxy-watch-8/?_keyori=ss&catalog_redirect_tag=true&from=search_history&page=5&q=%E0%B8%99%E0%B8%B2%E0%B8%AC%E0%B8%B4%E0%B8%81%E0%B8%B2%20galaxy%20watch%208&spm=a2o4m.pdp_revamp.search.2.94932546MCRbxX&sugg=%E0%B8%99%E0%B8%B2%E0%B8%AC%E0%B8%B4%E0%B8%81%E0%B8%B2%20galaxy%20watch%208_0_1","","เคส สำหรับ Samsung Galaxy Watch 9 40mm 44mm เคสนาฬิกาข้อมือ TPU เคสกันรอยหน้าจอสําหรับ อุปกรณ์เสริมสม","฿139.00","เคส สำหรับ Samsung Galaxy Watch 9 40mm 44mm เคสนาฬิกาข้อมือ TPU เคสกันรอยหน้าจอสําหรับ อุปกรณ์เสริมสม","https://www.lazada.co.th/products/pdp-i16226399065.html",""
"1791088377-81","https://www.lazada.co.th/tag/%E0%B8%99%E0%B8%B2%E0%B8%AC%E0%B8%B4%E0%B8%81%E0%B8%B2-galaxy-watch-8/?_keyori=ss&catalog_redirect_tag=true&from=search_history&page=5&q=%E0%B8%99%E0%B8%B2%E0%B8%AC%E0%B8%B4%E0%B8%81%E0%B8%B2%20galaxy%20watch%208&spm=a2o4m.pdp_revamp.search.2.94932546MCRbxX&sugg=%E0%B8%99%E0%B8%B2%E0%B8%AC%E0%B8%B4%E0%B8%81%E0%B8%B2%20galaxy%20watch%208_0_1","","[เคสแบบนุ่ม + สายนาฬิกา] เหมาะสำหรับ Samsung Galaxy Fit 3 SM-R390สายซิลิโคนสายรัดสำรอง","฿34.23","[เคสแบบนุ่ม + สายนาฬิกา] เหมาะสำหรับ Samsung Galaxy Fit 3 SM-R390สายซิลิโคนสายรัดสำรอง","https://www.lazada.co.th/products/pdp-i5752948488.html",""
"1791088380-82","https://www.lazada.co.th/tag/%E0%B8%99%E0%B8%B2%E0%B8%AC%E0%B8%B4%E0%B8%81%E0%B8%B2-galaxy-watch-8/?_keyori=ss&catalog_redirect_tag=true&from=search_history&page=5&q=%E0%B8%99%E0%B8%B2%E0%B8%AC%E0%B8%B4%E0%B8%81%E0%B8%B2%20galaxy%20watch%208&spm=a2o4m.pdp_revamp.search.2.94932546MCRbxX&sugg=%E0%B8%99%E0%B8%B2%E0%B8%AC%E0%B8%B4%E0%B8%81%E0%B8%B2%20galaxy%20watch%208_0_1","","ใหม่ระดับไฮเอนด์หรูหราผู้ชายและนักเรียนหนุ่มควอตซ์อิเล็กทรอนิกส์การเคลื่อนไหวคู่กันน้ําไฟกลางคืนโลหะผสมเหล็กมัลติฟังก์ชั่น เยาวชนกีฬานาฬิกาดิจิตอลผู้ชายกันน้ํากันกระแทก Mens นาฬิกา Cool vogue Wristwatches Waterproof Multifunctional Clock","฿189.00","ใหม่ระดับไฮเอนด์หรูหราผู้ชายและนักเรียนหนุ่มควอตซ์อิเล็กทรอนิกส์การเคลื่อนไหวคู่กันน้ําไฟกลางคืนโลหะผสมเหล็กมัลติฟังก์ชั่น เยาวชนกีฬานาฬิกาดิจิตอลผู้ชายกันน้ํากันกระแทก Mens นาฬิกา Cool vogue Wristwatches Waterproof Multifunctional Clock","https://www.lazada.co.th/products/pdp-i6018600704.html",""
"1791088382-83","https://www.lazada.co.th/tag/%E0%B8%99%E0%B8%B2%E0%B8%AC%E0%B8%B4%E0%B8%81%E0%B8%B2-galaxy-watch-8/?_keyori=ss&catalog_redirect_tag=true&from=search_history&page=5&q=%E0%B8%99%E0%B8%B2%E0%B8%AC%E0%B8%B4%E0%B8%81%E0%B8%B2%20galaxy%20watch%208&spm=a2o4m.pdp_revamp.search.2.94932546MCRbxX&sugg=%E0%B8%99%E0%B8%B2%E0%B8%AC%E0%B8%B4%E0%B8%81%E0%B8%B2%20galaxy%20watch%208_0_1","","2ชิ้นสำหรับนาฬิกา Samsung Galaxy 9ปกป้องหน้าจอพร้อมติดตั้งง่ายชุดติดตั้งฟิลท์คอมโพสิดอุปกรณ์นาฬิกาข้อมืออัจฉริยะ40มม. 44มม.","฿66.00","2ชิ้นสำหรับนาฬิกา Samsung Galaxy 9ปกป้องหน้าจอพร้อมติดตั้งง่ายชุดติดตั้งฟิลท์คอมโพสิดอุปกรณ์นาฬิกาข้อมืออัจฉริยะ40มม. 44มม.","https://www.lazada.co.th/products/pdp-i16262101579.html",""
"1791088384-84","https://www.lazada.co.th/tag/%E0%B8%99%E0%B8%B2%E0%B8%AC%E0%B8%B4%E0%B8%81%E0%B8%B2-galaxy-watch-8/?_keyori=ss&catalog_redirect_tag=true&from=search_history&page=5&q=%E0%B8%99%E0%B8%B2%E0%B8%AC%E0%B8%B4%E0%B8%81%E0%B8%B2%20galaxy%20watch%208&spm=a2o4m.pdp_revamp.search.2.94932546MCRbxX&sugg=%E0%B8%99%E0%B8%B2%E0%B8%AC%E0%B8%B4%E0%B8%81%E0%B8%B2%20galaxy%20watch%208_0_1","","ชาร์จสำหรับ Xiaomi Mi Band 9 8 /9 8 Pro /9 8 Active Redmi Watch 5 Active/5 Lite/5/4/3/2/3 Active นาฬิกาอัจฉริยะ สายชาร์จ","฿59.00","ชาร์จสำหรับ Xiaomi Mi Band 9 8 /9 8 Pro /9 8 Active Redmi Watch 5 Active/5 Lite/5/4/3/2/3 Active นาฬิกาอัจฉริยะ สายชาร์จ","https://www.lazada.co.th/products/pdp-i5738553630.html",""
"1791088386-85","https://www.lazada.co.th/tag/%E0%B8%99%E0%B8%B2%E0%B8%AC%E0%B8%B4%E0%B8%81%E0%B8%B2-galaxy-watch-8/?_keyori=ss&catalog_redirect_tag=true&from=search_history&page=5&q=%E0%B8%99%E0%B8%B2%E0%B8%AC%E0%B8%B4%E0%B8%81%E0%B8%B2%20galaxy%20watch%208&spm=a2o4m.pdp_revamp.search.2.94932546MCRbxX&sugg=%E0%B8%99%E0%B8%B2%E0%B8%AC%E0%B8%B4%E0%B8%81%E0%B8%B2%20galaxy%20watch%208_0_1","","สายรัดนาฬิกาข้อมือยางแท้สำหรับ Samsung Galaxy Fit 3 อุปกรณ์เสริมสำหรับนาฬิกาอัจฉริยะ สายรัดข้อมือเปลี่ยนสายสปอร์ตซิลิโคนสำหรับ Samsung Fit 3","฿32.00","สายรัดนาฬิกาข้อมือยางแท้สำหรับ Samsung Galaxy Fit 3 อุปกรณ์เสริมสำหรับนาฬิกาอัจฉริยะ สายรัดข้อมือเปลี่ยนสายสปอร์ตซิลิโคนสำหรับ Samsung Fit 3","https://www.lazada.co.th/products/pdp-i5884915590.html",""
"1791088389-86","https://www.lazada.co.th/tag/%E0%B8%99%E0%B8%B2%E0%B8%AC%E0%B8%B4%E0%B8%81%E0%B8%B2-galaxy-watch-8/?_keyori=ss&catalog_redirect_tag=true&from=search_history&page=5&q=%E0%B8%99%E0%B8%B2%E0%B8%AC%E0%B8%B4%E0%B8%81%E0%B8%B2%20galaxy%20watch%208&spm=a2o4m.pdp_revamp.search.2.94932546MCRbxX&sugg=%E0%B8%99%E0%B8%B2%E0%B8%AC%E0%B8%B4%E0%B8%81%E0%B8%B2%20galaxy%20watch%208_0_1","","เคส PC กระจก Temepreed สำหรับ Apple Watch Ultra 3/2/1 ขนาด 49 มม. IWatch Series 11 10 9 8 7 6 5 4 Series SE 3/2/1 สาย 46 มม. 45 มม. 41 มม. 40 มม. 42 มม. 38 มม.","฿29.00","เคส PC กระจก Temepreed สำหรับ Apple Watch Ultra 3/2/1 ขนาด 49 มม. IWatch Series 11 10 9 8 7 6 5 4 Series SE 3/2/1 สาย 46 มม. 45 มม. 41 มม. 40 มม. 42 มม. 38 มม.","https://www.lazada.co.th/products/pdp-i5792886771.html",""
"1791088393-87","https://www.lazada.co.th/tag/%E0%B8%99%E0%B8%B2%E0%B8%AC%E0%B8%B4%E0%B8%81%E0%B8%B2-galaxy-watch-8/?_keyori=ss&catalog_redirect_tag=true&from=search_history&page=5&q=%E0%B8%99%E0%B8%B2%E0%B8%AC%E0%B8%B4%E0%B8%81%E0%B8%B2%20galaxy%20watch%208&spm=a2o4m.pdp_revamp.search.2.94932546MCRbxX&sugg=%E0%B8%99%E0%B8%B2%E0%B8%AC%E0%B8%B4%E0%B8%81%E0%B8%B2%20galaxy%20watch%208_0_1","","สายนาฬิกาข้อมือ สายเเม่/เหล็กใช้สำหรับรุ่นwatch 11 10 9 8 7 6 5 4 3 2 1SE ขนาด38mm40mm41mm42mm44mm45mm46mm สายสําหรับแอปเปิ้ลวอช","฿45.00","สายนาฬิกาข้อมือ สายเเม่/เหล็กใช้สำหรับรุ่นwatch 11 10 9 8 7 6 5 4 3 2 1SE ขนาด38mm40mm41mm42mm44mm45mm46mm สายสําหรับแอปเปิ้ลวอช","https://www.lazada.co.th/products/pdp-i4318250100.html","4.9"
"1791088395-88","https://www.lazada.co.th/tag/%E0%B8%99%E0%B8%B2%E0%B8%AC%E0%B8%B4%E0%B8%81%E0%B8%B2-galaxy-watch-8/?_keyori=ss&catalog_redirect_tag=true&from=search_history&page=5&q=%E0%B8%99%E0%B8%B2%E0%B8%AC%E0%B8%B4%E0%B8%81%E0%B8%B2%20galaxy%20watch%208&spm=a2o4m.pdp_revamp.search.2.94932546MCRbxX&sugg=%E0%B8%99%E0%B8%B2%E0%B8%AC%E0%B8%B4%E0%B8%81%E0%B8%B2%20galaxy%20watch%208_0_1","","🔥พร้อมส่ง Case watch 10 9 8 7 se 6 5 4 3 2 1 Silicon เคส สําหรับ series 7 6 5 4 3 2 1 เคส smartwatch 38/40/41/42/44/45/46/49mm","฿11.00","🔥พร้อมส่ง Case watch 10 9 8 7 se 6 5 4 3 2 1 Silicon เคส สําหรับ series 7 6 5 4 3 2 1 เคส smartwatch 38/40/41/42/44/45/46/49mm","https://www.lazada.co.th/products/pdp-i3792496244.html","4.9"
"1791088397-89","https://www.lazada.co.th/tag/%E0%B8%99%E0%B8%B2%E0%B8%AC%E0%B8%B4%E0%B8%81%E0%B8%B2-galaxy-watch-8/?_keyori=ss&catalog_redirect_tag=true&from=search_history&page=5&q=%E0%B8%99%E0%B8%B2%E0%B8%AC%E0%B8%B4%E0%B8%81%E0%B8%B2%20galaxy%20watch%208&spm=a2o4m.pdp_revamp.search.2.94932546MCRbxX&sugg=%E0%B8%99%E0%B8%B2%E0%B8%AC%E0%B8%B4%E0%B8%81%E0%B8%B2%20galaxy%20watch%208_0_1","","สายนาฬิกาข้อมือสำหรับ SRP777J1 Seiko 20มม. 22มม. 24มม. สายซิลิโคนสำรองสำหรับสร้อยข้อมือยางดำน้ำเข็มขัดกันน้ำ","฿51.89","สายนาฬิกาข้อมือสำหรับ SRP777J1 Seiko 20มม. 22มม. 24มม. สายซิลิโคนสำรองสำหรับสร้อยข้อมือยางดำน้ำเข็มขัดกันน้ำ","https://www.lazada.co.th/products/pdp-i4958001797.html","5"
"1791088400-90","https://www.lazada.co.th/tag/%E0%B8%99%E0%B8%B2%E0%B8%AC%E0%B8%B4%E0%B8%81%E0%B8%B2-galaxy-watch-8/?_keyori=ss&catalog_redirect_tag=true&from=search_history&page=5&q=%E0%B8%99%E0%B8%B2%E0%B8%AC%E0%B8%B4%E0%B8%81%E0%B8%B2%20galaxy%20watch%208&spm=a2o4m.pdp_revamp.search.2.94932546MCRbxX&sugg=%E0%B8%99%E0%B8%B2%E0%B8%AC%E0%B8%B4%E0%B8%81%E0%B8%B2%20galaxy%20watch%208_0_1","","สายนาฬิกา ลายการ์ตูน มินิมอล smart watch11 10 9 8 ultra  7 6 5 4 3 2 SE สาย iwatch smart watch ขนาด 38/40/41/42(s10) 44/45/49/46มม","฿59.00","สายนาฬิกา ลายการ์ตูน มินิมอล smart watch11 10 9 8 ultra  7 6 5 4 3 2 SE สาย iwatch smart watch ขนาด 38/40/41/42(s10) 44/45/49/46มม","https://www.lazada.co.th/products/pdp-i5745815284.html","5"
"1791088402-91","https://www.lazada.co.th/tag/%E0%B8%99%E0%B8%B2%E0%B8%AC%E0%B8%B4%E0%B8%81%E0%B8%B2-galaxy-watch-8/?_keyori=ss&catalog_redirect_tag=true&from=search_history&page=5&q=%E0%B8%99%E0%B8%B2%E0%B8%AC%E0%B8%B4%E0%B8%81%E0%B8%B2%20galaxy%20watch%208&spm=a2o4m.pdp_revamp.search.2.94932546MCRbxX&sugg=%E0%B8%99%E0%B8%B2%E0%B8%AC%E0%B8%B4%E0%B8%81%E0%B8%B2%20galaxy%20watch%208_0_1","","กรณีแก้วนิรภัยแข็ง PC for Smart Watch Ultra 2 49mm Bands iWatch Series 9 10 8 7 se 6 5 4 3 2 46mm 45 41 44 40 42 38mm","฿65.00","กรณีแก้วนิรภัยแข็ง PC for Smart Watch Ultra 2 49mm Bands iWatch Series 9 10 8 7 se 6 5 4 3 2 46mm 45 41 44 40 42 38mm","https://www.lazada.co.th/products/pdp-i5834328845.html","4.9"
"1791088404-92","https://www.lazada.co.th/tag/%E0%B8%99%E0%B8%B2%E0%B8%AC%E0%B8%B4%E0%B8%81%E0%B8%B2-galaxy-watch-8/?_keyori=ss&catalog_redirect_tag=true&from=search_history&page=5&q=%E0%B8%99%E0%B8%B2%E0%B8%AC%E0%B8%B4%E0%B8%81%E0%B8%B2%20galaxy%20watch%208&spm=a2o4m.pdp_revamp.search.2.94932546MCRbxX&sugg=%E0%B8%99%E0%B8%B2%E0%B8%AC%E0%B8%B4%E0%B8%81%E0%B8%B2%20galaxy%20watch%208_0_1","","ฟิล์ม กระจกนิรภัย 3D ลงโค้ง ฟิล์ม A watch film iwatch Series 11 10 9 8 ultra 7 6 SE /5 4 / 3 / 2 / 1 ฟิล์มสําหรับแอปเปิ้ลวอช","฿15.00","ฟิล์ม กระจกนิรภัย 3D ลงโค้ง ฟิล์ม A watch film iwatch Series 11 10 9 8 ultra 7 6 SE /5 4 / 3 / 2 / 1 ฟิล์มสําหรับแอปเปิ้ลวอช","https://www.lazada.co.th/products/pdp-i4867689376.html","4.9"
"1791088406-93","https://www.lazada.co.th/tag/%E0%B8%99%E0%B8%B2%E0%B8%AC%E0%B8%B4%E0%B8%81%E0%B8%B2-galaxy-watch-8/?_keyori=ss&catalog_redirect_tag=true&from=search_history&page=5&q=%E0%B8%99%E0%B8%B2%E0%B8%AC%E0%B8%B4%E0%B8%81%E0%B8%B2%20galaxy%20watch%208&spm=a2o4m.pdp_revamp.search.2.94932546MCRbxX&sugg=%E0%B8%99%E0%B8%B2%E0%B8%AC%E0%B8%B4%E0%B8%81%E0%B8%B2%20galaxy%20watch%208_0_1","","AOJN นาฬิกาควอตซ์สำหรับผู้ชายสไตล์กีฬา พร้อมแสงสว่างในที่มืด สายยาง ดีไซน์โครโนกราฟ เหมาะสำหรับใส่ลำลองและธุรกิจ","฿17.34","AOJN นาฬิกาควอตซ์สำหรับผู้ชายสไตล์กีฬา พร้อมแสงสว่างในที่มืด สายยาง ดีไซน์โครโนกราฟ เหมาะสำหรับใส่ลำลองและธุรกิจ","https://www.lazada.co.th/products/pdp-i16106616071.html","4.3"
"1791088408-94","https://www.lazada.co.th/tag/%E0%B8%99%E0%B8%B2%E0%B8%AC%E0%B8%B4%E0%B8%81%E0%B8%B2-galaxy-watch-8/?_keyori=ss&catalog_redirect_tag=true&from=search_history&page=5&q=%E0%B8%99%E0%B8%B2%E0%B8%AC%E0%B8%B4%E0%B8%81%E0%B8%B2%20galaxy%20watch%208&spm=a2o4m.pdp_revamp.search.2.94932546MCRbxX&sugg=%E0%B8%99%E0%B8%B2%E0%B8%AC%E0%B8%B4%E0%B8%81%E0%B8%B2%20galaxy%20watch%208_0_1","","เคสแอปเปิ้ลวอช + ฟิลม์กระจกในตัว case สําหรับ Applewatch 11 10 9 8 7 6 5 4 Se เคสกระจก ขนาด41/40mm 44/45/49/46มม . เคสแอปเปิ้ลวอช","฿29.00","เคสแอปเปิ้ลวอช + ฟิลม์กระจกในตัว case สําหรับ Applewatch 11 10 9 8 7 6 5 4 Se เคสกระจก ขนาด41/40mm 44/45/49/46มม . เคสแอปเปิ้ลวอช","https://www.lazada.co.th/products/pdp-i3470095773.html","4.9"
"1791088411-95","https://www.lazada.co.th/tag/%E0%B8%99%E0%B8%B2%E0%B8%AC%E0%B8%B4%E0%B8%81%E0%B8%B2-galaxy-watch-8/?_keyori=ss&catalog_redirect_tag=true&from=search_history&page=5&q=%E0%B8%99%E0%B8%B2%E0%B8%AC%E0%B8%B4%E0%B8%81%E0%B8%B2%20galaxy%20watch%208&spm=a2o4m.pdp_revamp.search.2.94932546MCRbxX&sugg=%E0%B8%99%E0%B8%B2%E0%B8%AC%E0%B8%B4%E0%B8%81%E0%B8%B2%20galaxy%20watch%208_0_1","","MG20 แว่นตา AI บลูทูธ 5.3 + ลำโพง แปลภาษา 156 ภาษาแบบเรียลไทม์ TWS แว่นตาอัจฉริยะไร้สายบลูทูธ5.3โทรออก HD ฟังเพลงแฮนด์ฟรีแว่นตาป้องกันสีฟ้ากลางแจ้ง","฿139.00","MG20 แว่นตา AI บลูทูธ 5.3 + ลำโพง แปลภาษา 156 ภาษาแบบเรียลไทม์ TWS แว่นตาอัจฉริยะไร้สายบลูทูธ5.3โทรออก HD ฟังเพลงแฮนด์ฟรีแว่นตาป้องกันสีฟ้ากลางแจ้ง","https://www.lazada.co.th/products/pdp-i5798898826.html","4.6"
"1791088413-96","https://www.lazada.co.th/tag/%E0%B8%99%E0%B8%B2%E0%B8%AC%E0%B8%B4%E0%B8%81%E0%B8%B2-galaxy-watch-8/?_keyori=ss&catalog_redirect_tag=true&from=search_history&page=5&q=%E0%B8%99%E0%B8%B2%E0%B8%AC%E0%B8%B4%E0%B8%81%E0%B8%B2%20galaxy%20watch%208&spm=a2o4m.pdp_revamp.search.2.94932546MCRbxX&sugg=%E0%B8%99%E0%B8%B2%E0%B8%AC%E0%B8%B4%E0%B8%81%E0%B8%B2%20galaxy%20watch%208_0_1","","เคส Samsung Galaxy Fit 3 case กระจกนิรภัย เคสกระจก และเคส สําหรับ Samsung Galaxy Fit3 Smart Watch เคส galaxy Fit 3","฿59.00","เคส Samsung Galaxy Fit 3 case กระจกนิรภัย เคสกระจก และเคส สําหรับ Samsung Galaxy Fit3 Smart Watch เคส galaxy Fit 3","https://www.lazada.co.th/products/pdp-i5112443943.html","5"
"1791088415-97","https://www.lazada.co.th/tag/%E0%B8%99%E0%B8%B2%E0%B8%AC%E0%B8%B4%E0%B8%81%E0%B8%B2-galaxy-watch-8/?_keyori=ss&catalog_redirect_tag=true&from=search_history&page=5&q=%E0%B8%99%E0%B8%B2%E0%B8%AC%E0%B8%B4%E0%B8%81%E0%B8%B2%20galaxy%20watch%208&spm=a2o4m.pdp_revamp.search.2.94932546MCRbxX&sugg=%E0%B8%99%E0%B8%B2%E0%B8%AC%E0%B8%B4%E0%B8%81%E0%B8%B2%20galaxy%20watch%208_0_1","","เครื่องชาร์จแม่เหล็กนาฬิกา USB เหมาะสำหรับ iwatch series 9 8 5 6 4 3 2 1 7se สายชาร์จ Type C","฿84.00","เครื่องชาร์จแม่เหล็กนาฬิกา USB เหมาะสำหรับ iwatch series 9 8 5 6 4 3 2 1 7se สายชาร์จ Type C","https://www.lazada.co.th/products/pdp-i5336270949.html","4.9"
"1791088417-98","https://www.lazada.co.th/tag/%E0%B8%99%E0%B8%B2%E0%B8%AC%E0%B8%B4%E0%B8%81%E0%B8%B2-galaxy-watch-8/?_keyori=ss&catalog_redirect_tag=true&from=search_history&page=5&q=%E0%B8%99%E0%B8%B2%E0%B8%AC%E0%B8%B4%E0%B8%81%E0%B8%B2%20galaxy%20watch%208&spm=a2o4m.pdp_revamp.search.2.94932546MCRbxX&sugg=%E0%B8%99%E0%B8%B2%E0%B8%AC%E0%B8%B4%E0%B8%81%E0%B8%B2%20galaxy%20watch%208_0_1","","สำหรับ สาย Xiaomi Redmi watch 3 active / Redmi watch 3 Lite สายนาฬิกา","฿29.00","สำหรับ สาย Xiaomi Redmi watch 3 active / Redmi watch 3 Lite สายนาฬิกา","https://www.lazada.co.th/products/pdp-i5237774624.html","4.9"
"1791088419-99","https://www.lazada.co.th/tag/%E0%B8%99%E0%B8%B2%E0%B8%AC%E0%B8%B4%E0%B8%81%E0%B8%B2-galaxy-watch-8/?_keyori=ss&catalog_redirect_tag=true&from=search_history&page=5&q=%E0%B8%99%E0%B8%B2%E0%B8%AC%E0%B8%B4%E0%B8%81%E0%B8%B2%20galaxy%20watch%208&spm=a2o4m.pdp_revamp.search.2.94932546MCRbxX&sugg=%E0%B8%99%E0%B8%B2%E0%B8%AC%E0%B8%B4%E0%B8%81%E0%B8%B2%20galaxy%20watch%208_0_1","","สายนาฬิกาซิลิโคนแม่เหล็กสำหรับ iwatch46mm49mm45mm 42mm41mm44mm38mm40mm สายนาฬิกาใหม่ซีรีส์ 11/10/9/8/7/6/5/4/3/2/4/se","฿109.00","สายนาฬิกาซิลิโคนแม่เหล็กสำหรับ iwatch46mm49mm45mm 42mm41mm44mm38mm40mm สายนาฬิกาใหม่ซีรีส์ 11/10/9/8/7/6/5/4/3/2/4/se","https://www.lazada.co.th/products/pdp-i5828504554.html","4.9"
"1791088421-100","https://www.lazada.co.th/tag/%E0%B8%99%E0%B8%B2%E0%B8%AC%E0%B8%B4%E0%B8%81%E0%B8%B2-galaxy-watch-8/?_keyori=ss&catalog_redirect_tag=true&from=search_history&page=5&q=%E0%B8%99%E0%B8%B2%E0%B8%AC%E0%B8%B4%E0%B8%81%E0%B8%B2%20galaxy%20watch%208&spm=a2o4m.pdp_revamp.search.2.94932546MCRbxX&sugg=%E0%B8%99%E0%B8%B2%E0%B8%AC%E0%B8%B4%E0%B8%81%E0%B8%B2%20galaxy%20watch%208_0_1","","3D ฟิล์มสำหรับapplewatch ultra 49มม ฟิล์มกันรอยใช้งานเหมือนฟิล์มกระจก film  smart watch  ultra 46/49mm45/44/41/40/49mm 3D","฿29.00","3D ฟิล์มสำหรับapplewatch ultra 49มม ฟิล์มกันรอยใช้งานเหมือนฟิล์มกระจก film  smart watch  ultra 46/49mm45/44/41/40/49mm 3D","https://www.lazada.co.th/products/pdp-i4594031781.html","4.9"
"1791088424-101","https://www.lazada.co.th/tag/%E0%B8%99%E0%B8%B2%E0%B8%AC%E0%B8%B4%E0%B8%81%E0%B8%B2-galaxy-watch-8/?_keyori=ss&catalog_redirect_tag=true&from=search_history&page=5&q=%E0%B8%99%E0%B8%B2%E0%B8%AC%E0%B8%B4%E0%B8%81%E0%B8%B2%20galaxy%20watch%208&spm=a2o4m.pdp_revamp.search.2.94932546MCRbxX&sugg=%E0%B8%99%E0%B8%B2%E0%B8%AC%E0%B8%B4%E0%B8%81%E0%B8%B2%20galaxy%20watch%208_0_1","","ราคาส่ง นาฬิกาดิจิตอล นาฬิกาสมาร์ทวอทช์ นาฬิกา smart watch สำหรับผู้ชายและผู้หญิง","฿25.00","ราคาส่ง นาฬิกาดิจิตอล นาฬิกาสมาร์ทวอทช์ นาฬิกา smart watch สำหรับผู้ชายและผู้หญิง","https://www.lazada.co.th/products/pdp-i5164565704.html","5"
"1791088426-102","https://www.lazada.co.th/tag/%E0%B8%99%E0%B8%B2%E0%B8%AC%E0%B8%B4%E0%B8%81%E0%B8%B2-galaxy-watch-8/?_keyori=ss&catalog_redirect_tag=true&from=search_history&page=5&q=%E0%B8%99%E0%B8%B2%E0%B8%AC%E0%B8%B4%E0%B8%81%E0%B8%B2%20galaxy%20watch%208&spm=a2o4m.pdp_revamp.search.2.94932546MCRbxX&sugg=%E0%B8%99%E0%B8%B2%E0%B8%AC%E0%B8%B4%E0%B8%81%E0%B8%B2%20galaxy%20watch%208_0_1","","E-WOITD USB แม่เหล็กไร้สายแบบใหม่ที่ชาร์จเร็วสำหรับ Apple Watch Ultra Series 9 8 7 6 SE Type C สายชาร์จสำหรับ iWatch Series 5 3 2","฿52.29","E-WOITD USB แม่เหล็กไร้สายแบบใหม่ที่ชาร์จเร็วสำหรับ Apple Watch Ultra Series 9 8 7 6 SE Type C สายชาร์จสำหรับ iWatch Series 5 3 2","https://www.lazada.co.th/products/pdp-i5783212565.html","4.4"
"1791088428-103","https://www.lazada.co.th/tag/%E0%B8%99%E0%B8%B2%E0%B8%AC%E0%B8%B4%E0%B8%81%E0%B8%B2-galaxy-watch-8/?_keyori=ss&catalog_redirect_tag=true&from=search_history&page=5&q=%E0%B8%99%E0%B8%B2%E0%B8%AC%E0%B8%B4%E0%B8%81%E0%B8%B2%20galaxy%20watch%208&spm=a2o4m.pdp_revamp.search.2.94932546MCRbxX&sugg=%E0%B8%99%E0%B8%B2%E0%B8%AC%E0%B8%B4%E0%B8%81%E0%B8%B2%20galaxy%20watch%208_0_1","","Baofeng A58S Walkie Talkie 3 ย่าน 220-260MHz 2800mAh ถูกกฎหมาย ไม่ต้องขอใบอนุญาต อุปกรณ์ครบชุด","฿268.00","Baofeng A58S Walkie Talkie 3 ย่าน 220-260MHz 2800mAh ถูกกฎหมาย ไม่ต้องขอใบอนุญาต อุปกรณ์ครบชุด","https://www.lazada.co.th/products/pdp-i16256242384.html","4.8"
"1791088430-104","https://www.lazada.co.th/tag/%E0%B8%99%E0%B8%B2%E0%B8%AC%E0%B8%B4%E0%B8%81%E0%B8%B2-galaxy-watch-8/?_keyori=ss&catalog_redirect_tag=true&from=search_history&page=5&q=%E0%B8%99%E0%B8%B2%E0%B8%AC%E0%B8%B4%E0%B8%81%E0%B8%B2%20galaxy%20watch%208&spm=a2o4m.pdp_revamp.search.2.94932546MCRbxX&sugg=%E0%B8%99%E0%B8%B2%E0%B8%AC%E0%B8%B4%E0%B8%81%E0%B8%B2%20galaxy%20watch%208_0_1","","ฟิล์มกระจกนิรภัยสำหรับ Apple Watch Series 11 10 9 8 7 6 5 4 3 SE3 SE2 SE HD hydrogel สำหรับ Smartwatch iWatch ULTRA 3/2/1  49 38 40 42 44 46 45มม.","฿28.00","ฟิล์มกระจกนิรภัยสำหรับ Apple Watch Series 11 10 9 8 7 6 5 4 3 SE3 SE2 SE HD hydrogel สำหรับ Smartwatch iWatch ULTRA 3/2/1  49 38 40 42 44 46 45มม.","https://www.lazada.co.th/products/pdp-i5738133047.html","4.8"
"1791088432-105","https://www.lazada.co.th/tag/%E0%B8%99%E0%B8%B2%E0%B8%AC%E0%B8%B4%E0%B8%81%E0%B8%B2-galaxy-watch-8/?_keyori=ss&catalog_redirect_tag=true&from=search_history&page=5&q=%E0%B8%99%E0%B8%B2%E0%B8%AC%E0%B8%B4%E0%B8%81%E0%B8%B2%20galaxy%20watch%208&spm=a2o4m.pdp_revamp.search.2.94932546MCRbxX&sugg=%E0%B8%99%E0%B8%B2%E0%B8%AC%E0%B8%B4%E0%B8%81%E0%B8%B2%20galaxy%20watch%208_0_1","","สายซิลิโคนกีฬาขนาด 22 มิลลิเมตร อเนกประสงค์ สำหรับ Redmi Watch 5 Active Mi Watch 5 Lite Xiaomi S4 S3 S2 Amazfit Samsung Itel Aolon","฿49.00","สายซิลิโคนกีฬาขนาด 22 มิลลิเมตร อเนกประสงค์ สำหรับ Redmi Watch 5 Active Mi Watch 5 Lite Xiaomi S4 S3 S2 Amazfit Samsung Itel Aolon","https://www.lazada.co.th/products/pdp-i5738207050.html","4.9"
"1791088434-106","https://www.lazada.co.th/tag/%E0%B8%99%E0%B8%B2%E0%B8%AC%E0%B8%B4%E0%B8%81%E0%B8%B2-galaxy-watch-8/?_keyori=ss&catalog_redirect_tag=true&from=search_history&page=5&q=%E0%B8%99%E0%B8%B2%E0%B8%AC%E0%B8%B4%E0%B8%81%E0%B8%B2%20galaxy%20watch%208&spm=a2o4m.pdp_revamp.search.2.94932546MCRbxX&sugg=%E0%B8%99%E0%B8%B2%E0%B8%AC%E0%B8%B4%E0%B8%81%E0%B8%B2%20galaxy%20watch%208_0_1","","Quick Releaseสายหนังแท้นาฬิกากําไลอุปกรณ์เสริมRefitสำหรับSamsung Galaxy 42/46สายรัดข้อมือย้อนยุคHuaweiสายนาฬิกา18 19 20 21 22Mm","฿50.51","Quick Releaseสายหนังแท้นาฬิกากําไลอุปกรณ์เสริมRefitสำหรับSamsung Galaxy 42/46สายรัดข้อมือย้อนยุคHuaweiสายนาฬิกา18 19 20 21 22Mm","https://www.lazada.co.th/products/pdp-i1941588194.html","4.9"
"1791088436-107","https://www.lazada.co.th/tag/%E0%B8%99%E0%B8%B2%E0%B8%AC%E0%B8%B4%E0%B8%81%E0%B8%B2-galaxy-watch-8/?_keyori=ss&catalog_redirect_tag=true&from=search_history&page=5&q=%E0%B8%99%E0%B8%B2%E0%B8%AC%E0%B8%B4%E0%B8%81%E0%B8%B2%20galaxy%20watch%208&spm=a2o4m.pdp_revamp.search.2.94932546MCRbxX&sugg=%E0%B8%99%E0%B8%B2%E0%B8%AC%E0%B8%B4%E0%B8%81%E0%B8%B2%20galaxy%20watch%208_0_1","","ป้องกันหน้าจอฟิล์ม Hydrogel นุ่มสำหรับ for Apple Watch 46 มม.38 40 42 44 41 45 49 for iWatch Ultra 3/2/1 Series 11 10 9 8 7 6 5 4 Series SE 3/2/1","฿21.00","ป้องกันหน้าจอฟิล์ม Hydrogel นุ่มสำหรับ for Apple Watch 46 มม.38 40 42 44 41 45 49 for iWatch Ultra 3/2/1 Series 11 10 9 8 7 6 5 4 Series SE 3/2/1","https://www.lazada.co.th/products/pdp-i5859315278.html","4.9"
"1791088439-108","https://www.lazada.co.th/tag/%E0%B8%99%E0%B8%B2%E0%B8%AC%E0%B8%B4%E0%B8%81%E0%B8%B2-galaxy-watch-8/?_keyori=ss&catalog_redirect_tag=true&from=search_history&page=5&q=%E0%B8%99%E0%B8%B2%E0%B8%AC%E0%B8%B4%E0%B8%81%E0%B8%B2%20galaxy%20watch%208&spm=a2o4m.pdp_revamp.search.2.94932546MCRbxX&sugg=%E0%B8%99%E0%B8%B2%E0%B8%AC%E0%B8%B4%E0%B8%81%E0%B8%B2%20galaxy%20watch%208_0_1","","hydrogel ฟิล์มกลมกันรอย นาฬิกาทุกรุ่น กันรอย Smart Watch ทุกรุ่น มีทุกขนาดตั้งแต่ 22mm -46mmTPU","฿24.00","hydrogel ฟิล์มกลมกันรอย นาฬิกาทุกรุ่น กันรอย Smart Watch ทุกรุ่น มีทุกขนาดตั้งแต่ 22mm -46mmTPU","https://www.lazada.co.th/products/pdp-i4992700919.html","4.9"
"1791088441-109","https://www.lazada.co.th/tag/%E0%B8%99%E0%B8%B2%E0%B8%AC%E0%B8%B4%E0%B8%81%E0%B8%B2-galaxy-watch-8/?_keyori=ss&catalog_redirect_tag=true&from=search_history&page=5&q=%E0%B8%99%E0%B8%B2%E0%B8%AC%E0%B8%B4%E0%B8%81%E0%B8%B2%20galaxy%20watch%208&spm=a2o4m.pdp_revamp.search.2.94932546MCRbxX&sugg=%E0%B8%99%E0%B8%B2%E0%B8%AC%E0%B8%B4%E0%B8%81%E0%B8%B2%20galaxy%20watch%208_0_1","","สาย smart watch 40/44/45/41/46มม สายนาฬิกา smart watch 11 10 9 8 ultra 7 6 5 4 นิ่ม เเบบเเม่เหล็ก สายสําหรับแอปเปิ้ลวอช A-star","฿89.00","สาย smart watch 40/44/45/41/46มม สายนาฬิกา smart watch 11 10 9 8 ultra 7 6 5 4 นิ่ม เเบบเเม่เหล็ก สายสําหรับแอปเปิ้ลวอช A-star","https://www.lazada.co.th/products/pdp-i5521797244.html","4.9"
"1791088443-110","https://www.lazada.co.th/tag/%E0%B8%99%E0%B8%B2%E0%B8%AC%E0%B8%B4%E0%B8%81%E0%B8%B2-galaxy-watch-8/?_keyori=ss&catalog_redirect_tag=true&from=search_history&page=5&q=%E0%B8%99%E0%B8%B2%E0%B8%AC%E0%B8%B4%E0%B8%81%E0%B8%B2%20galaxy%20watch%208&spm=a2o4m.pdp_revamp.search.2.94932546MCRbxX&sugg=%E0%B8%99%E0%B8%B2%E0%B8%AC%E0%B8%B4%E0%B8%81%E0%B8%B2%20galaxy%20watch%208_0_1","","สำหรับ Samsung Galaxy Watch 8 40mm 44mm 8 Classic 46mm กำไลข้อมือกีฬาแม่เหล็ก Galaxy Watch 8 Nylon","฿154.00","สำหรับ Samsung Galaxy Watch 8 40mm 44mm 8 Classic 46mm กำไลข้อมือกีฬาแม่เหล็ก Galaxy Watch 8 Nylon","https://www.lazada.co.th/products/pdp-i5800794413.html","5"
"1791088445-111","https://www.lazada.co.th/tag/%E0%B8%99%E0%B8%B2%E0%B8%AC%E0%B8%B4%E0%B8%81%E0%B8%B2-galaxy-watch-8/?_keyori=ss&catalog_redirect_tag=true&from=search_history&page=5&q=%E0%B8%99%E0%B8%B2%E0%B8%AC%E0%B8%B4%E0%B8%81%E0%B8%B2%20galaxy%20watch%208&spm=a2o4m.pdp_revamp.search.2.94932546MCRbxX&sugg=%E0%B8%99%E0%B8%B2%E0%B8%AC%E0%B8%B4%E0%B8%81%E0%B8%B2%20galaxy%20watch%208_0_1","","ฟิล์มกลมกันรอย TPU และฟิล์มกระจก กันฝุ่นระดับ HD นาฬิกาทุกรุ่น กันรอย Smart Watch ทุกรุ่น มีทุกขนาด","฿22.00","ฟิล์มกลมกันรอย TPU และฟิล์มกระจก กันฝุ่นระดับ HD นาฬิกาทุกรุ่น กันรอย Smart Watch ทุกรุ่น มีทุกขนาด","https://www.lazada.co.th/products/pdp-i4990929299.html","4.9"
"1791088447-112","https://www.lazada.co.th/tag/%E0%B8%99%E0%B8%B2%E0%B8%AC%E0%B8%B4%E0%B8%81%E0%B8%B2-galaxy-watch-8/?_keyori=ss&catalog_redirect_tag=true&from=search_history&page=5&q=%E0%B8%99%E0%B8%B2%E0%B8%AC%E0%B8%B4%E0%B8%81%E0%B8%B2%20galaxy%20watch%208&spm=a2o4m.pdp_revamp.search.2.94932546MCRbxX&sugg=%E0%B8%99%E0%B8%B2%E0%B8%AC%E0%B8%B4%E0%B8%81%E0%B8%B2%20galaxy%20watch%208_0_1","","ฟิล์มกระจกนิรภัยกันรอยหน้าจอ สําหรับ Samsung Galaxy Watch 8 Classic Ultra 2025 7 FE 4 6 Classic 5 Pro ฟิล์ม ด้วยเครื่องมือติดฟิล์มอัตโนมัติ","฿104.86","ฟิล์มกระจกนิรภัยกันรอยหน้าจอ สําหรับ Samsung Galaxy Watch 8 Classic Ultra 2025 7 FE 4 6 Classic 5 Pro ฟิล์ม ด้วยเครื่องมือติดฟิล์มอัตโนมัติ","https://www.lazada.co.th/products/pdp-i4955300839.html","5"
"1791088450-113","https://www.lazada.co.th/tag/%E0%B8%99%E0%B8%B2%E0%B8%AC%E0%B8%B4%E0%B8%81%E0%B8%B2-galaxy-watch-8/?_keyori=ss&catalog_redirect_tag=true&from=search_history&page=5&q=%E0%B8%99%E0%B8%B2%E0%B8%AC%E0%B8%B4%E0%B8%81%E0%B8%B2%20galaxy%20watch%208&spm=a2o4m.pdp_revamp.search.2.94932546MCRbxX&sugg=%E0%B8%99%E0%B8%B2%E0%B8%AC%E0%B8%B4%E0%B8%81%E0%B8%B2%20galaxy%20watch%208_0_1","","SPIGEN เคสกับสายสำหรับ Galaxy Watch 8 Classic 46mm [Rugged Armor Pro] Flexible Layer Defends Against Daily Damage / เคส Galaxy Watch 8 Classic 46mm / สาย Galaxy Watch 8 Classic 46mm","฿621.00","SPIGEN เคสกับสายสำหรับ Galaxy Watch 8 Classic 46mm [Rugged Armor Pro] Flexible Layer Defends Against Daily Damage / เคส Galaxy Watch 8 Classic 46mm / สาย Galaxy Watch 8 Classic 46mm","https://www.lazada.co.th/products/pdp-i5785542149.html","5"
"1791088452-114","https://www.lazada.co.th/tag/%E0%B8%99%E0%B8%B2%E0%B8%AC%E0%B8%B4%E0%B8%81%E0%B8%B2-galaxy-watch-8/?_keyori=ss&catalog_redirect_tag=true&from=search_history&page=5&q=%E0%B8%99%E0%B8%B2%E0%B8%AC%E0%B8%B4%E0%B8%81%E0%B8%B2%20galaxy%20watch%208&spm=a2o4m.pdp_revamp.search.2.94932546MCRbxX&sugg=%E0%B8%99%E0%B8%B2%E0%B8%AC%E0%B8%B4%E0%B8%81%E0%B8%B2%20galaxy%20watch%208_0_1","","ไม่มีช่องว่างซิลิโคนสายกีฬาสําหรับ Samsung Galaxy Watch Ultra 47 มม.สําหรับ Galaxy Watch Ultra 47 มม.สร้อยข้อมือนาฬิกา","฿144.37","ไม่มีช่องว่างซิลิโคนสายกีฬาสําหรับ Samsung Galaxy Watch Ultra 47 มม.สําหรับ Galaxy Watch Ultra 47 มม.สร้อยข้อมือนาฬิกา","https://www.lazada.co.th/products/pdp-i5504010469.html","5"
"1791088454-115","https://www.lazada.co.th/tag/%E0%B8%99%E0%B8%B2%E0%B8%AC%E0%B8%B4%E0%B8%81%E0%B8%B2-galaxy-watch-8/?_keyori=ss&catalog_redirect_tag=true&from=search_history&page=5&q=%E0%B8%99%E0%B8%B2%E0%B8%AC%E0%B8%B4%E0%B8%81%E0%B8%B2%20galaxy%20watch%208&spm=a2o4m.pdp_revamp.search.2.94932546MCRbxX&sugg=%E0%B8%99%E0%B8%B2%E0%B8%AC%E0%B8%B4%E0%B8%81%E0%B8%B2%20galaxy%20watch%208_0_1","","สาย Milanese Loop สำหรับ Samsung Galaxy Watch 9/8 Straps 44mm40mmสายโลหะหนาสแตนเลสสตีลเข็มขัดสำหรับ Galaxy Watch 8 Classic Bands 46mm","฿168.00","สาย Milanese Loop สำหรับ Samsung Galaxy Watch 9/8 Straps 44mm40mmสายโลหะหนาสแตนเลสสตีลเข็มขัดสำหรับ Galaxy Watch 8 Classic Bands 46mm","https://www.lazada.co.th/products/pdp-i5811341047.html","4.7"
"1791088456-116","https://www.lazada.co.th/tag/%E0%B8%99%E0%B8%B2%E0%B8%AC%E0%B8%B4%E0%B8%81%E0%B8%B2-galaxy-watch-8/?_keyori=ss&catalog_redirect_tag=true&from=search_history&page=5&q=%E0%B8%99%E0%B8%B2%E0%B8%AC%E0%B8%B4%E0%B8%81%E0%B8%B2%20galaxy%20watch%208&spm=a2o4m.pdp_revamp.search.2.94932546MCRbxX&sugg=%E0%B8%99%E0%B8%B2%E0%B8%AC%E0%B8%B4%E0%B8%81%E0%B8%B2%20galaxy%20watch%208_0_1","","สายนาฬิกาซิลิโคนสุดเจ๋ง Samsung Galaxy Watch 7 6 5 4 40mm 44mmรุ่นใหม่ล่าสุด หลากสีสัน กันน้ำ ทนทาน","฿86.00","สายนาฬิกาซิลิโคนสุดเจ๋ง Samsung Galaxy Watch 7 6 5 4 40mm 44mmรุ่นใหม่ล่าสุด หลากสีสัน กันน้ำ ทนทาน","https://www.lazada.co.th/products/pdp-i5380915438.html","5"
"1791088458-117","https://www.lazada.co.th/tag/%E0%B8%99%E0%B8%B2%E0%B8%AC%E0%B8%B4%E0%B8%81%E0%B8%B2-galaxy-watch-8/?_keyori=ss&catalog_redirect_tag=true&from=search_history&page=5&q=%E0%B8%99%E0%B8%B2%E0%B8%AC%E0%B8%B4%E0%B8%81%E0%B8%B2%20galaxy%20watch%208&spm=a2o4m.pdp_revamp.search.2.94932546MCRbxX&sugg=%E0%B8%99%E0%B8%B2%E0%B8%AC%E0%B8%B4%E0%B8%81%E0%B8%B2%20galaxy%20watch%208_0_1","","แถบซิลิโคนสำหรับ Samsung Galaxy Watch8 8 Classic 46mm สปอร์ตสายรัดข้อมืออัจฉริยะ Galaxy Watch 8 20mm 22mm Watchstrap","฿78.00","แถบซิลิโคนสำหรับ Samsung Galaxy Watch8 8 Classic 46mm สปอร์ตสายรัดข้อมืออัจฉริยะ Galaxy Watch 8 20mm 22mm Watchstrap","https://www.lazada.co.th/products/pdp-i5811665759.html","4.9"
"1791088461-118","https://www.lazada.co.th/tag/%E0%B8%99%E0%B8%B2%E0%B8%AC%E0%B8%B4%E0%B8%81%E0%B8%B2-galaxy-watch-8/?_keyori=ss&catalog_redirect_tag=true&from=search_history&page=5&q=%E0%B8%99%E0%B8%B2%E0%B8%AC%E0%B8%B4%E0%B8%81%E0%B8%B2%20galaxy%20watch%208&spm=a2o4m.pdp_revamp.search.2.94932546MCRbxX&sugg=%E0%B8%99%E0%B8%B2%E0%B8%AC%E0%B8%B4%E0%B8%81%E0%B8%B2%20galaxy%20watch%208_0_1","","9D ชิ้นกระจกนิรภัยสำหรับ For Samsung Galaxy Watch Ultra2 9 8 Classic 42mm 46mm Ultra 2025 47mm ฟิล์ม Watch 9 8 7 40mm 44mm ฟิล์มกระจกนิรภัยสำหรับ กระจกนิรภัย","฿109.42","9D ชิ้นกระจกนิรภัยสำหรับ For Samsung Galaxy Watch Ultra2 9 8 Classic 42mm 46mm Ultra 2025 47mm ฟิล์ม Watch 9 8 7 40mm 44mm ฟิล์มกระจกนิรภัยสำหรับ กระจกนิรภัย","https://www.lazada.co.th/products/pdp-i5225840420.html","4.6"
"1791088463-119","https://www.lazada.co.th/tag/%E0%B8%99%E0%B8%B2%E0%B8%AC%E0%B8%B4%E0%B8%81%E0%B8%B2-galaxy-watch-8/?_keyori=ss&catalog_redirect_tag=true&from=search_history&page=5&q=%E0%B8%99%E0%B8%B2%E0%B8%AC%E0%B8%B4%E0%B8%81%E0%B8%B2%20galaxy%20watch%208&spm=a2o4m.pdp_revamp.search.2.94932546MCRbxX&sugg=%E0%B8%99%E0%B8%B2%E0%B8%AC%E0%B8%B4%E0%B8%81%E0%B8%B2%20galaxy%20watch%208_0_1","","MAFAM【🔥พร้อมส่ง🔥】1-5PCS ป้องกันหน้าจอแก้วนิรภัยสำหรับ Samsung Galaxy Watch 7 40mm 44mm ฟิล์มป้องกันสำหรับ Samsung Galaxy Watch 7 ติดตั้งง","฿39.00","MAFAM【🔥พร้อมส่ง🔥】1-5PCS ป้องกันหน้าจอแก้วนิรภัยสำหรับ Samsung Galaxy Watch 7 40mm 44mm ฟิล์มป้องกันสำหรับ Samsung Galaxy Watch 7 ติดตั้งง","https://www.lazada.co.th/products/pdp-i5913306935.html","4.9"
"1791088465-120","https://www.lazada.co.th/tag/%E0%B8%99%E0%B8%B2%E0%B8%AC%E0%B8%B4%E0%B8%81%E0%B8%B2-galaxy-watch-8/?_keyori=ss&catalog_redirect_tag=true&from=search_history&page=5&q=%E0%B8%99%E0%B8%B2%E0%B8%AC%E0%B8%B4%E0%B8%81%E0%B8%B2%20galaxy%20watch%208&spm=a2o4m.pdp_revamp.search.2.94932546MCRbxX&sugg=%E0%B8%99%E0%B8%B2%E0%B8%AC%E0%B8%B4%E0%B8%81%E0%B8%B2%20galaxy%20watch%208_0_1","","Galaxy Watch 7 47mm นาฬิกาอัจฉริยะ Watch 7 นาฬิกาอัจฉริยะบลูทูธ นาฬิกาสมาร์ทวอทช์ กันน้ำ GPS บลูทูธ ฟิตเนส ความดันโลหิต ออกซิเจนในเลือด การตรวจสอบการนอนหลับ กีฬา IOS และ Android","฿1,320.92","Galaxy Watch 7 47mm นาฬิกาอัจฉริยะ Watch 7 นาฬิกาอัจฉริยะบลูทูธ นาฬิกาสมาร์ทวอทช์ กันน้ำ GPS บลูทูธ ฟิตเนส ความดันโลหิต ออกซิเจนในเลือด การตรวจสอบการนอนหลับ กีฬา IOS และ Android","https://www.lazada.co.th/products/pdp-i5843165371.html","4.5"
"1791088467-121","https://www.lazada.co.th/tag/%E0%B8%99%E0%B8%B2%E0%B8%AC%E0%B8%B4%E0%B8%81%E0%B8%B2-galaxy-watch-8/?_keyori=ss&catalog_redirect_tag=true&from=search_history&page=5&q=%E0%B8%99%E0%B8%B2%E0%B8%AC%E0%B8%B4%E0%B8%81%E0%B8%B2%20galaxy%20watch%208&spm=a2o4m.pdp_revamp.search.2.94932546MCRbxX&sugg=%E0%B8%99%E0%B8%B2%E0%B8%AC%E0%B8%B4%E0%B8%81%E0%B8%B2%20galaxy%20watch%208_0_1","","สำหรับ iWatch Series 9 8 7 6 5 4 3 2 1 ที่ชาร์จไร้สาย สายชาร์จแม่เหล็กสำหรับนาฬิกา ขนาด 49mm 41mm 45mm 38MM 40MM 42MM 44MM สีขาว USB Type C แม่เหล็ก","฿68.94","สำหรับ iWatch Series 9 8 7 6 5 4 3 2 1 ที่ชาร์จไร้สาย สายชาร์จแม่เหล็กสำหรับนาฬิกา ขนาด 49mm 41mm 45mm 38MM 40MM 42MM 44MM สีขาว USB Type C แม่เหล็ก","https://www.lazada.co.th/products/pdp-i5861730435.html","4.9"
"1791088469-122","https://www.lazada.co.th/tag/%E0%B8%99%E0%B8%B2%E0%B8%AC%E0%B8%B4%E0%B8%81%E0%B8%B2-galaxy-watch-8/?_keyori=ss&catalog_redirect_tag=true&from=search_history&page=5&q=%E0%B8%99%E0%B8%B2%E0%B8%AC%E0%B8%B4%E0%B8%81%E0%B8%B2%20galaxy%20watch%208&spm=a2o4m.pdp_revamp.search.2.94932546MCRbxX&sugg=%E0%B8%99%E0%B8%B2%E0%B8%AC%E0%B8%B4%E0%B8%81%E0%B8%B2%20galaxy%20watch%208_0_1","","นาฬิกาสายชาร์จแม่เหล็ก i-watch USB-Type C แบบพกพาเหมาะสำหรับ i-Watch series 9 8 7 6 SE 5 4 3 2 1","฿83.00","นาฬิกาสายชาร์จแม่เหล็ก i-watch USB-Type C แบบพกพาเหมาะสำหรับ i-Watch series 9 8 7 6 SE 5 4 3 2 1","https://www.lazada.co.th/products/pdp-i5168640508.html","4.8"
"1791088471-123","https://www.lazada.co.th/tag/%E0%B8%99%E0%B8%B2%E0%B8%AC%E0%B8%B4%E0%B8%81%E0%B8%B2-galaxy-watch-8/?_keyori=ss&catalog_redirect_tag=true&from=search_history&page=5&q=%E0%B8%99%E0%B8%B2%E0%B8%AC%E0%B8%B4%E0%B8%81%E0%B8%B2%20galaxy%20watch%208&spm=a2o4m.pdp_revamp.search.2.94932546MCRbxX&sugg=%E0%B8%99%E0%B8%B2%E0%B8%AC%E0%B8%B4%E0%B8%81%E0%B8%B2%20galaxy%20watch%208_0_1","","สมาร์ทวอทช์ SmartWatch  &lt;จัดส่ง 24 ชั่วโมง&gt;นาฬิกาดิจิตอล LED แฟชั่นสายซิลิโคนผู้ชายและผู้หญิงนาฬิกาอิเล็กทรอนิกส์คู่สไตล์ย้อนยุคนาฬิกา ผู้หญิง","฿12.24","สมาร์ทวอทช์ SmartWatch  &lt;จัดส่ง 24 ชั่วโมง&gt;นาฬิกาดิจิตอล LED แฟชั่นสายซิลิโคนผู้ชายและผู้หญิงนาฬิกาอิเล็กทรอนิกส์คู่สไตล์ย้อนยุคนาฬิกา ผู้หญิง","https://www.lazada.co.th/products/pdp-i5954703585.html","4.4"
"1791088474-124","https://www.lazada.co.th/tag/%E0%B8%99%E0%B8%B2%E0%B8%AC%E0%B8%B4%E0%B8%81%E0%B8%B2-galaxy-watch-8/?_keyori=ss&catalog_redirect_tag=true&from=search_history&page=5&q=%E0%B8%99%E0%B8%B2%E0%B8%AC%E0%B8%B4%E0%B8%81%E0%B8%B2%20galaxy%20watch%208&spm=a2o4m.pdp_revamp.search.2.94932546MCRbxX&sugg=%E0%B8%99%E0%B8%B2%E0%B8%AC%E0%B8%B4%E0%B8%81%E0%B8%B2%20galaxy%20watch%208_0_1","","Joystick for XBOX ONE PC Windows7/8/10/11/12/13/14 Joy xbox 360 controller Vibration game controller Joystick PC ตัวควบคุมเกม xbox 360 จอยสติ๊กเกม ตัวควบคุม Gamepad คอนโทรลเลอร์แบบมีสาย USB จอย เกม เกมแพด คอนโทรลเลอร์ จอยสติ๊ก จอยเกมส์","฿209.00","Joystick for XBOX ONE PC Windows7/8/10/11/12/13/14 Joy xbox 360 controller Vibration game controller Joystick PC ตัวควบคุมเกม xbox 360 จอยสติ๊กเกม ตัวควบคุม Gamepad คอนโทรลเลอร์แบบมีสาย USB จอย เกม เกมแพด คอนโทรลเลอร์ จอยสติ๊ก จอยเกมส์","https://www.lazada.co.th/products/pdp-i2567265751.html","4.9"
"1791088476-125","https://www.lazada.co.th/tag/%E0%B8%99%E0%B8%B2%E0%B8%AC%E0%B8%B4%E0%B8%81%E0%B8%B2-galaxy-watch-8/?_keyori=ss&catalog_redirect_tag=true&from=search_history&page=5&q=%E0%B8%99%E0%B8%B2%E0%B8%AC%E0%B8%B4%E0%B8%81%E0%B8%B2%20galaxy%20watch%208&spm=a2o4m.pdp_revamp.search.2.94932546MCRbxX&sugg=%E0%B8%99%E0%B8%B2%E0%B8%AC%E0%B8%B4%E0%B8%81%E0%B8%B2%20galaxy%20watch%208_0_1","","RENBEN  นาฬิกาสมาร์ทวอชแฟชั่นสำหรับผู้ชายและผู้หญิงพร้อมฟังก์ชันวัดอัตราการเต้นของหัวใจและแสงสว่างในเวลากลางคืน","฿76.00","RENBEN  นาฬิกาสมาร์ทวอชแฟชั่นสำหรับผู้ชายและผู้หญิงพร้อมฟังก์ชันวัดอัตราการเต้นของหัวใจและแสงสว่างในเวลากลางคืน","https://www.lazada.co.th/products/pdp-i16163816403.html","5"
"1791088478-126","https://www.lazada.co.th/tag/%E0%B8%99%E0%B8%B2%E0%B8%AC%E0%B8%B4%E0%B8%81%E0%B8%B2-galaxy-watch-8/?_keyori=ss&catalog_redirect_tag=true&from=search_history&page=5&q=%E0%B8%99%E0%B8%B2%E0%B8%AC%E0%B8%B4%E0%B8%81%E0%B8%B2%20galaxy%20watch%208&spm=a2o4m.pdp_revamp.search.2.94932546MCRbxX&sugg=%E0%B8%99%E0%B8%B2%E0%B8%AC%E0%B8%B4%E0%B8%81%E0%B8%B2%20galaxy%20watch%208_0_1","","เคส Apple watch  ใช้กับ iWatch 11/10/9/8/7/6/5/4/3/2/1/SE PC+Glass case 38mm/41mm/42mm/44mm/40/mm45mm/46mm49mm","฿31.24","เคส Apple watch  ใช้กับ iWatch 11/10/9/8/7/6/5/4/3/2/1/SE PC+Glass case 38mm/41mm/42mm/44mm/40/mm45mm/46mm49mm","https://www.lazada.co.th/products/pdp-i4226500182.html","4.9"
"1791088480-127","https://www.lazada.co.th/tag/%E0%B8%99%E0%B8%B2%E0%B8%AC%E0%B8%B4%E0%B8%81%E0%B8%B2-galaxy-watch-8/?_keyori=ss&catalog_redirect_tag=true&from=search_history&page=5&q=%E0%B8%99%E0%B8%B2%E0%B8%AC%E0%B8%B4%E0%B8%81%E0%B8%B2%20galaxy%20watch%208&spm=a2o4m.pdp_revamp.search.2.94932546MCRbxX&sugg=%E0%B8%99%E0%B8%B2%E0%B8%AC%E0%B8%B4%E0%B8%81%E0%B8%B2%20galaxy%20watch%208_0_1","","VINTLOOK นาฬิกาดิจิตอล LED แฟชั่นสายซิลิโคนผู้ชายและผู้หญิงนาฬิกาอิเล็กทรอนิกส์คู่สไตล์ย้อนยุคนาฬิกา ผู้หญิง","฿16.87","VINTLOOK นาฬิกาดิจิตอล LED แฟชั่นสายซิลิโคนผู้ชายและผู้หญิงนาฬิกาอิเล็กทรอนิกส์คู่สไตล์ย้อนยุคนาฬิกา ผู้หญิง","https://www.lazada.co.th/products/pdp-i5628607170.html","4.4"
"1791088482-128","https://www.lazada.co.th/tag/%E0%B8%99%E0%B8%B2%E0%B8%AC%E0%B8%B4%E0%B8%81%E0%B8%B2-galaxy-watch-8/?_keyori=ss&catalog_redirect_tag=true&from=search_history&page=5&q=%E0%B8%99%E0%B8%B2%E0%B8%AC%E0%B8%B4%E0%B8%81%E0%B8%B2%20galaxy%20watch%208&spm=a2o4m.pdp_revamp.search.2.94932546MCRbxX&sugg=%E0%B8%99%E0%B8%B2%E0%B8%AC%E0%B8%B4%E0%B8%81%E0%B8%B2%20galaxy%20watch%208_0_1","","Case เคส ด้าน Appl.e watch สำหรับ appl.e Watch 11 10 9 8 7 6 se  5 4 3 2 1 case 38/440/41/44/45/49/46mm เคสซิลิโคน เคสแอปเปิ้ลวอช","฿9.00","Case เคส ด้าน Appl.e watch สำหรับ appl.e Watch 11 10 9 8 7 6 se  5 4 3 2 1 case 38/440/41/44/45/49/46mm เคสซิลิโคน เคสแอปเปิ้ลวอช","https://www.lazada.co.th/products/pdp-i3975760095.html","4.9"
"1791088485-129","https://www.lazada.co.th/tag/%E0%B8%99%E0%B8%B2%E0%B8%AC%E0%B8%B4%E0%B8%81%E0%B8%B2-galaxy-watch-8/?_keyori=ss&catalog_redirect_tag=true&from=search_history&page=5&q=%E0%B8%99%E0%B8%B2%E0%B8%AC%E0%B8%B4%E0%B8%81%E0%B8%B2%20galaxy%20watch%208&spm=a2o4m.pdp_revamp.search.2.94932546MCRbxX&sugg=%E0%B8%99%E0%B8%B2%E0%B8%AC%E0%B8%B4%E0%B8%81%E0%B8%B2%20galaxy%20watch%208_0_1","","20 มม.22 มม.สายหนังสําหรับ Samsung Galaxy Watch 6 5 4 40 มม.44 มม.เกียร์สร้อยข้อมือวินเทจสําหรับ Xiaomi Redmi นาฬิกา 3 Lite/Active","฿91.17","20 มม.22 มม.สายหนังสําหรับ Samsung Galaxy Watch 6 5 4 40 มม.44 มม.เกียร์สร้อยข้อมือวินเทจสําหรับ Xiaomi Redmi นาฬิกา 3 Lite/Active","https://www.lazada.co.th/products/pdp-i5294037591.html","4.9"
"1791088487-130","https://www.lazada.co.th/tag/%E0%B8%99%E0%B8%B2%E0%B8%AC%E0%B8%B4%E0%B8%81%E0%B8%B2-galaxy-watch-8/?_keyori=ss&catalog_redirect_tag=true&from=search_history&page=5&q=%E0%B8%99%E0%B8%B2%E0%B8%AC%E0%B8%B4%E0%B8%81%E0%B8%B2%20galaxy%20watch%208&spm=a2o4m.pdp_revamp.search.2.94932546MCRbxX&sugg=%E0%B8%99%E0%B8%B2%E0%B8%AC%E0%B8%B4%E0%B8%81%E0%B8%B2%20galaxy%20watch%208_0_1","","เคสกันน้ำแบบมีฟิล์มกระจกนิรภัยสำหรับ Apple Watch Ultra 3 / Ultra 2 / Ultra 1 49mm 45mm 44mm 41mm 40mm lWatch Series 11 10 46mm 42mm lWatch Series 9 8 SE SE2 7 6 5 4 สายรัดเคสป้องกันแบบมีฟิล์มกระจกนิรภัยสำหรับ Apple Watch","฿49.73","เคสกันน้ำแบบมีฟิล์มกระจกนิรภัยสำหรับ Apple Watch Ultra 3 / Ultra 2 / Ultra 1 49mm 45mm 44mm 41mm 40mm lWatch Series 11 10 46mm 42mm lWatch Series 9 8 SE SE2 7 6 5 4 สายรัดเคสป้องกันแบบมีฟิล์มกระจกนิรภัยสำหรับ Apple Watch","https://www.lazada.co.th/products/pdp-i5623914282.html","4.9"
"1791088489-131","https://www.lazada.co.th/tag/%E0%B8%99%E0%B8%B2%E0%B8%AC%E0%B8%B4%E0%B8%81%E0%B8%B2-galaxy-watch-8/?_keyori=ss&catalog_redirect_tag=true&from=search_history&page=5&q=%E0%B8%99%E0%B8%B2%E0%B8%AC%E0%B8%B4%E0%B8%81%E0%B8%B2%20galaxy%20watch%208&spm=a2o4m.pdp_revamp.search.2.94932546MCRbxX&sugg=%E0%B8%99%E0%B8%B2%E0%B8%AC%E0%B8%B4%E0%B8%81%E0%B8%B2%20galaxy%20watch%208_0_1","","YONUO นาฬิกา นาฬิกาข้อมือ นาฬิกาดิจิตอลแฟชั่นสำหรับวัยรุ่น พร้อมติดตามอัตราการเต้นของหัวใจ กันน้ำและหน้าจอเรืองแสงในที่มืด นาฬิกาสไตล์ลำลองและแฟชั่น","฿16.00","YONUO นาฬิกา นาฬิกาข้อมือ นาฬิกาดิจิตอลแฟชั่นสำหรับวัยรุ่น พร้อมติดตามอัตราการเต้นของหัวใจ กันน้ำและหน้าจอเรืองแสงในที่มืด นาฬิกาสไตล์ลำลองและแฟชั่น","https://www.lazada.co.th/products/pdp-i6064912373.html","4.8"
"1791088492-132","https://www.lazada.co.th/tag/%E0%B8%99%E0%B8%B2%E0%B8%AC%E0%B8%B4%E0%B8%81%E0%B8%B2-galaxy-watch-8/?_keyori=ss&catalog_redirect_tag=true&from=search_history&page=5&q=%E0%B8%99%E0%B8%B2%E0%B8%AC%E0%B8%B4%E0%B8%81%E0%B8%B2%20galaxy%20watch%208&spm=a2o4m.pdp_revamp.search.2.94932546MCRbxX&sugg=%E0%B8%99%E0%B8%B2%E0%B8%AC%E0%B8%B4%E0%B8%81%E0%B8%B2%20galaxy%20watch%208_0_1","","AOJN สมาร์ทวอทช์ SmartWatch นาฬิกา LED ใหม่ P7 พร้อมปุ่มคู่ ดีไซน์ทันสมัยและสปอร์ต","฿17.34","AOJN สมาร์ทวอทช์ SmartWatch นาฬิกา LED ใหม่ P7 พร้อมปุ่มคู่ ดีไซน์ทันสมัยและสปอร์ต","https://www.lazada.co.th/products/pdp-i5844388396.html","4.4"
"1791088494-133","https://www.lazada.co.th/tag/%E0%B8%99%E0%B8%B2%E0%B8%AC%E0%B8%B4%E0%B8%81%E0%B8%B2-galaxy-watch-8/?_keyori=ss&catalog_redirect_tag=true&from=search_history&page=5&q=%E0%B8%99%E0%B8%B2%E0%B8%AC%E0%B8%B4%E0%B8%81%E0%B8%B2%20galaxy%20watch%208&spm=a2o4m.pdp_revamp.search.2.94932546MCRbxX&sugg=%E0%B8%99%E0%B8%B2%E0%B8%AC%E0%B8%B4%E0%B8%81%E0%B8%B2%20galaxy%20watch%208_0_1","","AOJN สมาร์ทวอทช์ SmartWatch【จัดส่งในท้องถิ่นในประเทศไทย】นาฬิกาดิจิตอล LED แฟชั่นสายซิลิโคนผู้ชายและผู้หญิงนาฬิกาอิเล็กทรอนิกส์คู่สไตล์ย้อนยุคนาฬิกา ผู้หญิง","฿11.76","AOJN สมาร์ทวอทช์ SmartWatch【จัดส่งในท้องถิ่นในประเทศไทย】นาฬิกาดิจิตอล LED แฟชั่นสายซิลิโคนผู้ชายและผู้หญิงนาฬิกาอิเล็กทรอนิกส์คู่สไตล์ย้อนยุคนาฬิกา ผู้หญิง","https://www.lazada.co.th/products/pdp-i5831825477.html","4.5"
"1791088496-134","https://www.lazada.co.th/tag/%E0%B8%99%E0%B8%B2%E0%B8%AC%E0%B8%B4%E0%B8%81%E0%B8%B2-galaxy-watch-8/?_keyori=ss&catalog_redirect_tag=true&from=search_history&page=5&q=%E0%B8%99%E0%B8%B2%E0%B8%AC%E0%B8%B4%E0%B8%81%E0%B8%B2%20galaxy%20watch%208&spm=a2o4m.pdp_revamp.search.2.94932546MCRbxX&sugg=%E0%B8%99%E0%B8%B2%E0%B8%AC%E0%B8%B4%E0%B8%81%E0%B8%B2%20galaxy%20watch%208_0_1","","[ของแท้ 100%] Q88S Q19 นาฬิกาข้อมือเด็ก ยกจอได้ มี GPS ติดตามตำแหน่ง Anti Lost Monitor นาฬิกาไอโม่เด็ก ถ่ายรูปกล้องหน้า/หลัง เล่นเกมได้ โทรเข้า-ออก นาฬิกาถ่ายรูปได้ นาฬิกาเด็ก นาฬิกาไอโม่ สมาร์ทวอทช์ อัจฉริยะ","฿235.00","[ของแท้ 100%] Q88S Q19 นาฬิกาข้อมือเด็ก ยกจอได้ มี GPS ติดตามตำแหน่ง Anti Lost Monitor นาฬิกาไอโม่เด็ก ถ่ายรูปกล้องหน้า/หลัง เล่นเกมได้ โทรเข้า-ออก นาฬิกาถ่ายรูปได้ นาฬิกาเด็ก นาฬิกาไอโม่ สมาร์ทวอทช์ อัจฉริยะ","https://www.lazada.co.th/products/pdp-i16184254485.html","5"
"1791088498-135","https://www.lazada.co.th/tag/%E0%B8%99%E0%B8%B2%E0%B8%AC%E0%B8%B4%E0%B8%81%E0%B8%B2-galaxy-watch-8/?_keyori=ss&catalog_redirect_tag=true&from=search_history&page=5&q=%E0%B8%99%E0%B8%B2%E0%B8%AC%E0%B8%B4%E0%B8%81%E0%B8%B2%20galaxy%20watch%208&spm=a2o4m.pdp_revamp.search.2.94932546MCRbxX&sugg=%E0%B8%99%E0%B8%B2%E0%B8%AC%E0%B8%B4%E0%B8%81%E0%B8%B2%20galaxy%20watch%208_0_1","","AOJN นาฬิกาดิจิตอลแฟชั่นสำหรับวัยรุ่น พร้อมติดตามอัตราการเต้นของหัวใจ กันน้ำและหน้าจอเรืองแสงในที่มืด","฿14.70","AOJN นาฬิกาดิจิตอลแฟชั่นสำหรับวัยรุ่น พร้อมติดตามอัตราการเต้นของหัวใจ กันน้ำและหน้าจอเรืองแสงในที่มืด","https://www.lazada.co.th/products/pdp-i16086681196.html","2.9"
"1791088500-136","https://www.lazada.co.th/tag/%E0%B8%99%E0%B8%B2%E0%B8%AC%E0%B8%B4%E0%B8%81%E0%B8%B2-galaxy-watch-8/?_keyori=ss&catalog_redirect_tag=true&from=search_history&page=5&q=%E0%B8%99%E0%B8%B2%E0%B8%AC%E0%B8%B4%E0%B8%81%E0%B8%B2%20galaxy%20watch%208&spm=a2o4m.pdp_revamp.search.2.94932546MCRbxX&sugg=%E0%B8%99%E0%B8%B2%E0%B8%AC%E0%B8%B4%E0%B8%81%E0%B8%B2%20galaxy%20watch%208_0_1","","สมาร์ตวอทช์อัจฉริยะ แถบข้อมือวัดสุขภาพ วัดอัตราการเต้นหัวใจและความดันโลหิต FD68S หน้าจอสี นับก้าว แจ้งเตือนข้อความ สำหรับนักออกกำลังกาย","฿190.66","สมาร์ตวอทช์อัจฉริยะ แถบข้อมือวัดสุขภาพ วัดอัตราการเต้นหัวใจและความดันโลหิต FD68S หน้าจอสี นับก้าว แจ้งเตือนข้อความ สำหรับนักออกกำลังกาย","https://www.lazada.co.th/products/pdp-i16126170211.html",""
"1791088503-137","https://www.lazada.co.th/tag/%E0%B8%99%E0%B8%B2%E0%B8%AC%E0%B8%B4%E0%B8%81%E0%B8%B2-galaxy-watch-8/?_keyori=ss&catalog_redirect_tag=true&from=search_history&page=5&q=%E0%B8%99%E0%B8%B2%E0%B8%AC%E0%B8%B4%E0%B8%81%E0%B8%B2%20galaxy%20watch%208&spm=a2o4m.pdp_revamp.search.2.94932546MCRbxX&sugg=%E0%B8%99%E0%B8%B2%E0%B8%AC%E0%B8%B4%E0%B8%81%E0%B8%B2%20galaxy%20watch%208_0_1","","H9 นาฬิกาอัจฉริยะสามารถรับสายได้ทุกเพศ, สมาร์ทวอท์ชกีฬา, ฟังก์ชั่นเตือนข้อความ, ควบคุมเพลงด้วยระบบอัจฉริยะสามารถใช้งานร่วมกับ","฿45.00","H9 นาฬิกาอัจฉริยะสามารถรับสายได้ทุกเพศ, สมาร์ทวอท์ชกีฬา, ฟังก์ชั่นเตือนข้อความ, ควบคุมเพลงด้วยระบบอัจฉริยะสามารถใช้งานร่วมกับ","https://www.lazada.co.th/products/pdp-i5599933678.html","4.6"
"1791088505-138","https://www.lazada.co.th/tag/%E0%B8%99%E0%B8%B2%E0%B8%AC%E0%B8%B4%E0%B8%81%E0%B8%B2-galaxy-watch-8/?_keyori=ss&catalog_redirect_tag=true&from=search_history&page=5&q=%E0%B8%99%E0%B8%B2%E0%B8%AC%E0%B8%B4%E0%B8%81%E0%B8%B2%20galaxy%20watch%208&spm=a2o4m.pdp_revamp.search.2.94932546MCRbxX&sugg=%E0%B8%99%E0%B8%B2%E0%B8%AC%E0%B8%B4%E0%B8%81%E0%B8%B2%20galaxy%20watch%208_0_1","","Ringke Slim for [Samsung Galaxy Watch 9 / 8 40mm] - เคสโพลีคาร์บอเนตแบบบางพิเศษ พร้อมคุณสมบัติป้องกันรอยเหลืองและรอยขีดข่วน และติดตั้งได้ง่ายด้วยการกดเพียงครั้งเดียว","฿529.00","Ringke Slim for [Samsung Galaxy Watch 9 / 8 40mm] - เคสโพลีคาร์บอเนตแบบบางพิเศษ พร้อมคุณสมบัติป้องกันรอยเหลืองและรอยขีดข่วน และติดตั้งได้ง่ายด้วยการกดเพียงครั้งเดียว","https://www.lazada.co.th/products/pdp-i5797454070.html","4.9"
"1791088507-139","https://www.lazada.co.th/tag/%E0%B8%99%E0%B8%B2%E0%B8%AC%E0%B8%B4%E0%B8%81%E0%B8%B2-galaxy-watch-8/?_keyori=ss&catalog_redirect_tag=true&from=search_history&page=5&q=%E0%B8%99%E0%B8%B2%E0%B8%AC%E0%B8%B4%E0%B8%81%E0%B8%B2%20galaxy%20watch%208&spm=a2o4m.pdp_revamp.search.2.94932546MCRbxX&sugg=%E0%B8%99%E0%B8%B2%E0%B8%AC%E0%B8%B4%E0%B8%81%E0%B8%B2%20galaxy%20watch%208_0_1","","20mm 22mm สายนาฬิกาสำหรับ Redmi Watch 5 Active / Redmi Watch 5 Lite / Redmi Watch 3 Active / Samsung Galaxy Watch 7 6 5 4 Pro Classic 40mm 44mm 46mm 42mm 43mm 47mm Active 2เกียร์S3 Frontier / Huawei Watch GT 5 4 3 2 Pro / Realme Watch สายรัด","฿52.03","20mm 22mm สายนาฬิกาสำหรับ Redmi Watch 5 Active / Redmi Watch 5 Lite / Redmi Watch 3 Active / Samsung Galaxy Watch 7 6 5 4 Pro Classic 40mm 44mm 46mm 42mm 43mm 47mm Active 2เกียร์S3 Frontier / Huawei Watch GT 5 4 3 2 Pro / Realme Watch สายรัด","https://www.lazada.co.th/products/pdp-i4813700729.html","4.9"
"1791088510-140","https://www.lazada.co.th/tag/%E0%B8%99%E0%B8%B2%E0%B8%AC%E0%B8%B4%E0%B8%81%E0%B8%B2-galaxy-watch-8/?_keyori=ss&catalog_redirect_tag=true&from=search_history&page=5&q=%E0%B8%99%E0%B8%B2%E0%B8%AC%E0%B8%B4%E0%B8%81%E0%B8%B2%20galaxy%20watch%208&spm=a2o4m.pdp_revamp.search.2.94932546MCRbxX&sugg=%E0%B8%99%E0%B8%B2%E0%B8%AC%E0%B8%B4%E0%B8%81%E0%B8%B2%20galaxy%20watch%208_0_1","","สายชาร์จแม่เหล็ก Huawei Band 11Pro/11/10/9/8/7/6 Watch Fit 3/2 Honor Band 7/6/ES Samsung Galaxy Fit 3 รองรับหลายรุ่น","฿59.00","สายชาร์จแม่เหล็ก Huawei Band 11Pro/11/10/9/8/7/6 Watch Fit 3/2 Honor Band 7/6/ES Samsung Galaxy Fit 3 รองรับหลายรุ่น","https://www.lazada.co.th/products/pdp-i5859151859.html","4.9"
"1791088512-141","https://www.lazada.co.th/tag/%E0%B8%99%E0%B8%B2%E0%B8%AC%E0%B8%B4%E0%B8%81%E0%B8%B2-galaxy-watch-8/?_keyori=ss&catalog_redirect_tag=true&from=search_history&page=5&q=%E0%B8%99%E0%B8%B2%E0%B8%AC%E0%B8%B4%E0%B8%81%E0%B8%B2%20galaxy%20watch%208&spm=a2o4m.pdp_revamp.search.2.94932546MCRbxX&sugg=%E0%B8%99%E0%B8%B2%E0%B8%AC%E0%B8%B4%E0%B8%81%E0%B8%B2%20galaxy%20watch%208_0_1","","SPIGEN เคสสำหรับ Galaxy Watch 9 / 8 [Liquid Air] Diamond-cut Pattern with Shock Absorption / เคส Galaxy Watch 9 / 8","฿441.00","SPIGEN เคสสำหรับ Galaxy Watch 9 / 8 [Liquid Air] Diamond-cut Pattern with Shock Absorption / เคส Galaxy Watch 9 / 8","https://www.lazada.co.th/products/pdp-i5781612407.html","4.9"
"1791088514-142","https://www.lazada.co.th/tag/%E0%B8%99%E0%B8%B2%E0%B8%AC%E0%B8%B4%E0%B8%81%E0%B8%B2-galaxy-watch-8/?_keyori=ss&catalog_redirect_tag=true&from=search_history&page=5&q=%E0%B8%99%E0%B8%B2%E0%B8%AC%E0%B8%B4%E0%B8%81%E0%B8%B2%20galaxy%20watch%208&spm=a2o4m.pdp_revamp.search.2.94932546MCRbxX&sugg=%E0%B8%99%E0%B8%B2%E0%B8%AC%E0%B8%B4%E0%B8%81%E0%B8%B2%20galaxy%20watch%208_0_1","","สําหรับแอปเปิ้ลวอช สายนาฬิกา smart watch 11 10 9 8 Ultra7 6 se 5 4 3 สายนาฬิกา smart watch สายนิ่ม ปรับง่าย สาย 38/40/44/41/42/45/46/49 สายนาฬิกา","฿19.90","สําหรับแอปเปิ้ลวอช สายนาฬิกา smart watch 11 10 9 8 Ultra7 6 se 5 4 3 สายนาฬิกา smart watch สายนิ่ม ปรับง่าย สาย 38/40/44/41/42/45/46/49 สายนาฬิกา","https://www.lazada.co.th/products/pdp-i4210809644.html","4.9"
"1791088516-143","https://www.lazada.co.th/tag/%E0%B8%99%E0%B8%B2%E0%B8%AC%E0%B8%B4%E0%B8%81%E0%B8%B2-galaxy-watch-8/?_keyori=ss&catalog_redirect_tag=true&from=search_history&page=5&q=%E0%B8%99%E0%B8%B2%E0%B8%AC%E0%B8%B4%E0%B8%81%E0%B8%B2%20galaxy%20watch%208&spm=a2o4m.pdp_revamp.search.2.94932546MCRbxX&sugg=%E0%B8%99%E0%B8%B2%E0%B8%AC%E0%B8%B4%E0%B8%81%E0%B8%B2%20galaxy%20watch%208_0_1","","SPIGEN เคสกับสายสำหรับ Galaxy Watch 9 / 8 [Rugged Armor Pro] Flexible Layer Defends Against Daily Damage / เคส Galaxy Watch 9 / 8 / สาย Galaxy Watch 9 / 8 / เคสกับสาย Galaxy Watch 9 / 8","฿621.00","SPIGEN เคสกับสายสำหรับ Galaxy Watch 9 / 8 [Rugged Armor Pro] Flexible Layer Defends Against Daily Damage / เคส Galaxy Watch 9 / 8 / สาย Galaxy Watch 9 / 8 / เคสกับสาย Galaxy Watch 9 / 8","https://www.lazada.co.th/products/pdp-i5781088125.html","5"
"1791088518-144","https://www.lazada.co.th/tag/%E0%B8%99%E0%B8%B2%E0%B8%AC%E0%B8%B4%E0%B8%81%E0%B8%B2-galaxy-watch-8/?_keyori=ss&catalog_redirect_tag=true&from=search_history&page=5&q=%E0%B8%99%E0%B8%B2%E0%B8%AC%E0%B8%B4%E0%B8%81%E0%B8%B2%20galaxy%20watch%208&spm=a2o4m.pdp_revamp.search.2.94932546MCRbxX&sugg=%E0%B8%99%E0%B8%B2%E0%B8%AC%E0%B8%B4%E0%B8%81%E0%B8%B2%20galaxy%20watch%208_0_1","","AXON Mega Smart Watch นาฬิกาเพื่อสุขภาพ Smartwatch จอใหญ่สุด IPS 1.85"" โทรได้ วัดชีพจร SpO2 ประกัน 2 ปี","฿1,712.70","AXON Mega Smart Watch นาฬิกาเพื่อสุขภาพ Smartwatch จอใหญ่สุด IPS 1.85"" โทรได้ วัดชีพจร SpO2 ประกัน 2 ปี","https://www.lazada.co.th/products/pdp-i5372360144.html","5"
"1791088520-145","https://www.lazada.co.th/tag/%E0%B8%99%E0%B8%B2%E0%B8%AC%E0%B8%B4%E0%B8%81%E0%B8%B2-galaxy-watch-8/?_keyori=ss&catalog_redirect_tag=true&from=search_history&page=5&q=%E0%B8%99%E0%B8%B2%E0%B8%AC%E0%B8%B4%E0%B8%81%E0%B8%B2%20galaxy%20watch%208&spm=a2o4m.pdp_revamp.search.2.94932546MCRbxX&sugg=%E0%B8%99%E0%B8%B2%E0%B8%AC%E0%B8%B4%E0%B8%81%E0%B8%B2%20galaxy%20watch%208_0_1","","Samsung Galaxy Watch7 AI สมาร์ทวอทช์ ระบบบลูทูธ 40MM,44MM","฿4,990.00","Samsung Galaxy Watch7 AI สมาร์ทวอทช์ ระบบบลูทูธ 40MM,44MM","https://www.lazada.co.th/products/pdp-i5223874171.html","5"
"1791088523-146","https://www.lazada.co.th/tag/%E0%B8%99%E0%B8%B2%E0%B8%AC%E0%B8%B4%E0%B8%81%E0%B8%B2-galaxy-watch-8/?_keyori=ss&catalog_redirect_tag=true&from=search_history&page=5&q=%E0%B8%99%E0%B8%B2%E0%B8%AC%E0%B8%B4%E0%B8%81%E0%B8%B2%20galaxy%20watch%208&spm=a2o4m.pdp_revamp.search.2.94932546MCRbxX&sugg=%E0%B8%99%E0%B8%B2%E0%B8%AC%E0%B8%B4%E0%B8%81%E0%B8%B2%20galaxy%20watch%208_0_1","","ฝาครอบป้องกันหน้าจอ For Samsung Galaxy Watch 8 Case การป้องกันเต็มหน้าจอซิลิโคนบางเฉียบ Galaxy Watch 7 6 5 4 40mm 44mm","฿118.96","ฝาครอบป้องกันหน้าจอ For Samsung Galaxy Watch 8 Case การป้องกันเต็มหน้าจอซิลิโคนบางเฉียบ Galaxy Watch 7 6 5 4 40mm 44mm","https://www.lazada.co.th/products/pdp-i604846657.html","4.8"
"1791088525-147","https://www.lazada.co.th/tag/%E0%B8%99%E0%B8%B2%E0%B8%AC%E0%B8%B4%E0%B8%81%E0%B8%B2-galaxy-watch-8/?_keyori=ss&catalog_redirect_tag=true&from=search_history&page=5&q=%E0%B8%99%E0%B8%B2%E0%B8%AC%E0%B8%B4%E0%B8%81%E0%B8%B2%20galaxy%20watch%208&spm=a2o4m.pdp_revamp.search.2.94932546MCRbxX&sugg=%E0%B8%99%E0%B8%B2%E0%B8%AC%E0%B8%B4%E0%B8%81%E0%B8%B2%20galaxy%20watch%208_0_1","","ฟิล์ม For Samsung Galaxy Watch 8 Classic 7 FE 6 5 4 40mm 44mm 46mm 6Classic 5Pro 45mm Galaxy Watch Ultra 2025 ฟิล์ม HD Clear ฟิล์มกระจกนิรภัยกันรอยหน้าจอสําหรับ","฿104.86","ฟิล์ม For Samsung Galaxy Watch 8 Classic 7 FE 6 5 4 40mm 44mm 46mm 6Classic 5Pro 45mm Galaxy Watch Ultra 2025 ฟิล์ม HD Clear ฟิล์มกระจกนิรภัยกันรอยหน้าจอสําหรับ","https://www.lazada.co.th/products/pdp-i2694133244.html","4.9"
"1791088527-148","https://www.lazada.co.th/tag/%E0%B8%99%E0%B8%B2%E0%B8%AC%E0%B8%B4%E0%B8%81%E0%B8%B2-galaxy-watch-8/?_keyori=ss&catalog_redirect_tag=true&from=search_history&page=5&q=%E0%B8%99%E0%B8%B2%E0%B8%AC%E0%B8%B4%E0%B8%81%E0%B8%B2%20galaxy%20watch%208&spm=a2o4m.pdp_revamp.search.2.94932546MCRbxX&sugg=%E0%B8%99%E0%B8%B2%E0%B8%AC%E0%B8%B4%E0%B8%81%E0%B8%B2%20galaxy%20watch%208_0_1","","แถบซิลิโคนสำหรับ Samsung Galaxy Watch 8 40mm 44mm อุปกรณ์สายรัดกำไลข้อมือยางสำหรับ Samsung Galaxy Watch 8สาย46mm แบบClassic","฿84.00","แถบซิลิโคนสำหรับ Samsung Galaxy Watch 8 40mm 44mm อุปกรณ์สายรัดกำไลข้อมือยางสำหรับ Samsung Galaxy Watch 8สาย46mm แบบClassic","https://www.lazada.co.th/products/pdp-i5827250664.html","5"
"1791088529-149","https://www.lazada.co.th/tag/%E0%B8%99%E0%B8%B2%E0%B8%AC%E0%B8%B4%E0%B8%81%E0%B8%B2-galaxy-watch-8/?_keyori=ss&catalog_redirect_tag=true&from=search_history&page=5&q=%E0%B8%99%E0%B8%B2%E0%B8%AC%E0%B8%B4%E0%B8%81%E0%B8%B2%20galaxy%20watch%208&spm=a2o4m.pdp_revamp.search.2.94932546MCRbxX&sugg=%E0%B8%99%E0%B8%B2%E0%B8%AC%E0%B8%B4%E0%B8%81%E0%B8%B2%20galaxy%20watch%208_0_1","","ฟิล์มกระจกแบบกลมกันรอย กันฝุ่นระดับ HD นาฬิกาทุกรุ่น กันรอย Smart Watch ทุกรุ่น มีทุกขนาดตั้งแต่ 26mm-44mm","฿24.00","ฟิล์มกระจกแบบกลมกันรอย กันฝุ่นระดับ HD นาฬิกาทุกรุ่น กันรอย Smart Watch ทุกรุ่น มีทุกขนาดตั้งแต่ 26mm-44mm","https://www.lazada.co.th/products/pdp-i5275492760.html","4.9"
"1791088531-150","https://www.lazada.co.th/tag/%E0%B8%99%E0%B8%B2%E0%B8%AC%E0%B8%B4%E0%B8%81%E0%B8%B2-galaxy-watch-8/?_keyori=ss&catalog_redirect_tag=true&from=search_history&page=5&q=%E0%B8%99%E0%B8%B2%E0%B8%AC%E0%B8%B4%E0%B8%81%E0%B8%B2%20galaxy%20watch%208&spm=a2o4m.pdp_revamp.search.2.94932546MCRbxX&sugg=%E0%B8%99%E0%B8%B2%E0%B8%AC%E0%B8%B4%E0%B8%81%E0%B8%B2%20galaxy%20watch%208_0_1","","สมาร์ทวอทช์ Samsung Galaxy Watch 9 44mm (BT) (สินค้ารับประกัน1ปี) By TG","฿15,645.00","สมาร์ทวอทช์ Samsung Galaxy Watch 9 44mm (BT) (สินค้ารับประกัน1ปี) By TG","https://www.lazada.co.th/products/pdp-i16222648385.html","5"
"1791088533-151","https://www.lazada.co.th/tag/%E0%B8%99%E0%B8%B2%E0%B8%AC%E0%B8%B4%E0%B8%81%E0%B8%B2-galaxy-watch-8/?_keyori=ss&catalog_redirect_tag=true&from=search_history&page=5&q=%E0%B8%99%E0%B8%B2%E0%B8%AC%E0%B8%B4%E0%B8%81%E0%B8%B2%20galaxy%20watch%208&spm=a2o4m.pdp_revamp.search.2.94932546MCRbxX&sugg=%E0%B8%99%E0%B8%B2%E0%B8%AC%E0%B8%B4%E0%B8%81%E0%B8%B2%20galaxy%20watch%208_0_1","","For Samsung Galaxy Watch 9 44mm 40mm สาย Galaxy Watch 8 Classic สาย Original ซิลิโคน สายนาฬิกา Sport นาฬิกา สมาร์ทวอทช์ สายนาฬิกา Watch7 สาย","฿162.39","For Samsung Galaxy Watch 9 44mm 40mm สาย Galaxy Watch 8 Classic สาย Original ซิลิโคน สายนาฬิกา Sport นาฬิกา สมาร์ทวอทช์ สายนาฬิกา Watch7 สาย","https://www.lazada.co.th/products/pdp-i5259823641.html","4.9"
"1791088536-152","https://www.lazada.co.th/tag/%E0%B8%99%E0%B8%B2%E0%B8%AC%E0%B8%B4%E0%B8%81%E0%B8%B2-galaxy-watch-8/?_keyori=ss&catalog_redirect_tag=true&from=search_history&page=5&q=%E0%B8%99%E0%B8%B2%E0%B8%AC%E0%B8%B4%E0%B8%81%E0%B8%B2%20galaxy%20watch%208&spm=a2o4m.pdp_revamp.search.2.94932546MCRbxX&sugg=%E0%B8%99%E0%B8%B2%E0%B8%AC%E0%B8%B4%E0%B8%81%E0%B8%B2%20galaxy%20watch%208_0_1","","สายถักแม่เหล็กสำหรับนาฬิกา Samsung Galaxy Watch 8 40mm 44mm อุปกรณ์เสริมสร้อยข้อมือไนลอน Galaxy Watch 8 Classic 46mm","฿124.00","สายถักแม่เหล็กสำหรับนาฬิกา Samsung Galaxy Watch 8 40mm 44mm อุปกรณ์เสริมสร้อยข้อมือไนลอน Galaxy Watch 8 Classic 46mm","https://www.lazada.co.th/products/pdp-i5799894854.html","5"
"1791088538-153","https://www.lazada.co.th/tag/%E0%B8%99%E0%B8%B2%E0%B8%AC%E0%B8%B4%E0%B8%81%E0%B8%B2-galaxy-watch-8/?_keyori=ss&catalog_redirect_tag=true&from=search_history&page=5&q=%E0%B8%99%E0%B8%B2%E0%B8%AC%E0%B8%B4%E0%B8%81%E0%B8%B2%20galaxy%20watch%208&spm=a2o4m.pdp_revamp.search.2.94932546MCRbxX&sugg=%E0%B8%99%E0%B8%B2%E0%B8%AC%E0%B8%B4%E0%B8%81%E0%B8%B2%20galaxy%20watch%208_0_1","","ผ้านายลอนสำหรับสายนาฬิกา Samsung Galaxy Watch 9/8 ขนาด 40mm 44mm อุปกรณ์เสริมนาฬิกาอัจฉริยะ สายรัดข้อมือกีฬา สายรัดข้อมือ สำหรับ Galaxy Watch 8 Classic ขนาด 46mm สำหรับผู้ชายและผู้หญิง","฿68.00","ผ้านายลอนสำหรับสายนาฬิกา Samsung Galaxy Watch 9/8 ขนาด 40mm 44mm อุปกรณ์เสริมนาฬิกาอัจฉริยะ สายรัดข้อมือกีฬา สายรัดข้อมือ สำหรับ Galaxy Watch 8 Classic ขนาด 46mm สำหรับผู้ชายและผู้หญิง","https://www.lazada.co.th/products/pdp-i5815862596.html","4.6"
"1791088541-154","https://www.lazada.co.th/tag/%E0%B8%99%E0%B8%B2%E0%B8%AC%E0%B8%B4%E0%B8%81%E0%B8%B2-galaxy-watch-8/?_keyori=ss&catalog_redirect_tag=true&from=search_history&page=5&q=%E0%B8%99%E0%B8%B2%E0%B8%AC%E0%B8%B4%E0%B8%81%E0%B8%B2%20galaxy%20watch%208&spm=a2o4m.pdp_revamp.search.2.94932546MCRbxX&sugg=%E0%B8%99%E0%B8%B2%E0%B8%AC%E0%B8%B4%E0%B8%81%E0%B8%B2%20galaxy%20watch%208_0_1","","MAFAM【🔥เคส+สายรัด🔥】READYสำหรับ Samsung Galaxy Watch 8 44 มม. 40 มม. สแตนเลสโลหะ Mlanese Loop กรณีแก้วสำหรับ Galaxy Watch 8 สายรัด","฿59.00","MAFAM【🔥เคส+สายรัด🔥】READYสำหรับ Samsung Galaxy Watch 8 44 มม. 40 มม. สแตนเลสโลหะ Mlanese Loop กรณีแก้วสำหรับ Galaxy Watch 8 สายรัด","https://www.lazada.co.th/products/pdp-i5868706265.html","4.9"
"1791088543-155","https://www.lazada.co.th/tag/%E0%B8%99%E0%B8%B2%E0%B8%AC%E0%B8%B4%E0%B8%81%E0%B8%B2-galaxy-watch-8/?_keyori=ss&catalog_redirect_tag=true&from=search_history&page=5&q=%E0%B8%99%E0%B8%B2%E0%B8%AC%E0%B8%B4%E0%B8%81%E0%B8%B2%20galaxy%20watch%208&spm=a2o4m.pdp_revamp.search.2.94932546MCRbxX&sugg=%E0%B8%99%E0%B8%B2%E0%B8%AC%E0%B8%B4%E0%B8%81%E0%B8%B2%20galaxy%20watch%208_0_1","","SAMSUNG นาฬิกา smart watch แท้ สมาร์ทวอทช์ วัดความดันโลหิต อัตราการเต้นของหัวใจ มีโหมดกีฬาหลากหลาย รองรับการโทร หน้าจอ2.01นิ้ว รองรับ Android IOS","฿777.18","SAMSUNG นาฬิกา smart watch แท้ สมาร์ทวอทช์ วัดความดันโลหิต อัตราการเต้นของหัวใจ มีโหมดกีฬาหลากหลาย รองรับการโทร หน้าจอ2.01นิ้ว รองรับ Android IOS","https://www.lazada.co.th/products/pdp-i4840287079.html","4.9"
"1791088545-156","https://www.lazada.co.th/tag/%E0%B8%99%E0%B8%B2%E0%B8%AC%E0%B8%B4%E0%B8%81%E0%B8%B2-galaxy-watch-8/?_keyori=ss&catalog_redirect_tag=true&from=search_history&page=5&q=%E0%B8%99%E0%B8%B2%E0%B8%AC%E0%B8%B4%E0%B8%81%E0%B8%B2%20galaxy%20watch%208&spm=a2o4m.pdp_revamp.search.2.94932546MCRbxX&sugg=%E0%B8%99%E0%B8%B2%E0%B8%AC%E0%B8%B4%E0%B8%81%E0%B8%B2%20galaxy%20watch%208_0_1","","film Galaxy Watch 7 40mm/44mm 3D TPU เต็มจอ ฟิล์มsamsung galaxy Watch 7Ultra  47mm ฟิล์มกันรอย","฿39.00","film Galaxy Watch 7 40mm/44mm 3D TPU เต็มจอ ฟิล์มsamsung galaxy Watch 7Ultra  47mm ฟิล์มกันรอย","https://www.lazada.co.th/products/pdp-i5271327828.html","4.9"
"1791088548-157","https://www.lazada.co.th/tag/%E0%B8%99%E0%B8%B2%E0%B8%AC%E0%B8%B4%E0%B8%81%E0%B8%B2-galaxy-watch-8/?_keyori=ss&catalog_redirect_tag=true&from=search_history&page=5&q=%E0%B8%99%E0%B8%B2%E0%B8%AC%E0%B8%B4%E0%B8%81%E0%B8%B2%20galaxy%20watch%208&spm=a2o4m.pdp_revamp.search.2.94932546MCRbxX&sugg=%E0%B8%99%E0%B8%B2%E0%B8%AC%E0%B8%B4%E0%B8%81%E0%B8%B2%20galaxy%20watch%208_0_1","","Samsung Galaxy  Watch7 40mm Green  📍ราคา 3,500 - 📍","฿3,500.00","Samsung Galaxy  Watch7 40mm Green  📍ราคา 3,500 - 📍","https://www.lazada.co.th/products/pdp-i16256240638.html",""
"1791088550-158","https://www.lazada.co.th/tag/%E0%B8%99%E0%B8%B2%E0%B8%AC%E0%B8%B4%E0%B8%81%E0%B8%B2-galaxy-watch-8/?_keyori=ss&catalog_redirect_tag=true&from=search_history&page=5&q=%E0%B8%99%E0%B8%B2%E0%B8%AC%E0%B8%B4%E0%B8%81%E0%B8%B2%20galaxy%20watch%208&spm=a2o4m.pdp_revamp.search.2.94932546MCRbxX&sugg=%E0%B8%99%E0%B8%B2%E0%B8%AC%E0%B8%B4%E0%B8%81%E0%B8%B2%20galaxy%20watch%208_0_1","","เคสป้องกันสำหรับ Samsung Galaxy Watch Ultra 2 47mm ขอบกันกระแทกแข็งแบบ PC ไม่มีฟิล์มกันรอยหน้าจอ สำหรับอุปกรณ์เสริม Galaxy Ultra 2","฿90.73","เคสป้องกันสำหรับ Samsung Galaxy Watch Ultra 2 47mm ขอบกันกระแทกแข็งแบบ PC ไม่มีฟิล์มกันรอยหน้าจอ สำหรับอุปกรณ์เสริม Galaxy Ultra 2","https://www.lazada.co.th/products/pdp-i16231527958.html","4.9"
"1791088552-159","https://www.lazada.co.th/tag/%E0%B8%99%E0%B8%B2%E0%B8%AC%E0%B8%B4%E0%B8%81%E0%B8%B2-galaxy-watch-8/?_keyori=ss&catalog_redirect_tag=true&from=search_history&page=5&q=%E0%B8%99%E0%B8%B2%E0%B8%AC%E0%B8%B4%E0%B8%81%E0%B8%B2%20galaxy%20watch%208&spm=a2o4m.pdp_revamp.search.2.94932546MCRbxX&sugg=%E0%B8%99%E0%B8%B2%E0%B8%AC%E0%B8%B4%E0%B8%81%E0%B8%B2%20galaxy%20watch%208_0_1","","ฟิล์มกระจกกันรอย Glass film For ฟิล์ม Samsung Galaxy Watch 9 8 Classic 46mm ฟิล์ม Watch 9 8 7 6 5 40mm 44mm Ultra 2026 ฟิล์ม Ultra2 47mm ล์มกันรอย ฟิล์ม","฿129.94","ฟิล์มกระจกกันรอย Glass film For ฟิล์ม Samsung Galaxy Watch 9 8 Classic 46mm ฟิล์ม Watch 9 8 7 6 5 40mm 44mm Ultra 2026 ฟิล์ม Ultra2 47mm ล์มกันรอย ฟิล์ม","https://www.lazada.co.th/products/pdp-i2693157408.html","4.9"
"1791088554-160","https://www.lazada.co.th/tag/%E0%B8%99%E0%B8%B2%E0%B8%AC%E0%B8%B4%E0%B8%81%E0%B8%B2-galaxy-watch-8/?_keyori=ss&catalog_redirect_tag=true&from=search_history&page=5&q=%E0%B8%99%E0%B8%B2%E0%B8%AC%E0%B8%B4%E0%B8%81%E0%B8%B2%20galaxy%20watch%208&spm=a2o4m.pdp_revamp.search.2.94932546MCRbxX&sugg=%E0%B8%99%E0%B8%B2%E0%B8%AC%E0%B8%B4%E0%B8%81%E0%B8%B2%20galaxy%20watch%208_0_1","","เคสสแตนเลสกันกระแทกสไตล์ธุรกิจสำหรับ Samsung Galaxy Watch 9/8 40mm 44mm ฝาครอบโลหะทนทาน","฿412.00","เคสสแตนเลสกันกระแทกสไตล์ธุรกิจสำหรับ Samsung Galaxy Watch 9/8 40mm 44mm ฝาครอบโลหะทนทาน","https://www.lazada.co.th/products/pdp-i16166300199.html","5"
"1791088556-161","https://www.lazada.co.th/tag/%E0%B8%99%E0%B8%B2%E0%B8%AC%E0%B8%B4%E0%B8%81%E0%B8%B2-galaxy-watch-8/?_keyori=ss&catalog_redirect_tag=true&from=search_history&page=5&q=%E0%B8%99%E0%B8%B2%E0%B8%AC%E0%B8%B4%E0%B8%81%E0%B8%B2%20galaxy%20watch%208&spm=a2o4m.pdp_revamp.search.2.94932546MCRbxX&sugg=%E0%B8%99%E0%B8%B2%E0%B8%AC%E0%B8%B4%E0%B8%81%E0%B8%B2%20galaxy%20watch%208_0_1","","สายนาฬิกาซิลิโคนแม่เหล็กที่สามารถหายใจได้","฿252.00","สายนาฬิกาซิลิโคนแม่เหล็กที่สามารถหายใจได้","https://www.lazada.co.th/products/pdp-i16272284176.html",""
"1791088559-162","https://www.lazada.co.th/tag/%E0%B8%99%E0%B8%B2%E0%B8%AC%E0%B8%B4%E0%B8%81%E0%B8%B2-galaxy-watch-8/?_keyori=ss&catalog_redirect_tag=true&from=search_history&page=5&q=%E0%B8%99%E0%B8%B2%E0%B8%AC%E0%B8%B4%E0%B8%81%E0%B8%B2%20galaxy%20watch%208&spm=a2o4m.pdp_revamp.search.2.94932546MCRbxX&sugg=%E0%B8%99%E0%B8%B2%E0%B8%AC%E0%B8%B4%E0%B8%81%E0%B8%B2%20galaxy%20watch%208_0_1","","นาฬิกาสมาร์ทวอชแฟชั่นสำหรับผู้ชายและผู้หญิงพร้อมฟังก์ชันวัดอัตราการเต้นของหัวใจและแสงสว่างในเวลากลางคืน","฿28.00","นาฬิกาสมาร์ทวอชแฟชั่นสำหรับผู้ชายและผู้หญิงพร้อมฟังก์ชันวัดอัตราการเต้นของหัวใจและแสงสว่างในเวลากลางคืน","https://www.lazada.co.th/products/pdp-i16165963625.html",""
"1791088561-163","https://www.lazada.co.th/tag/%E0%B8%99%E0%B8%B2%E0%B8%AC%E0%B8%B4%E0%B8%81%E0%B8%B2-galaxy-watch-8/?_keyori=ss&catalog_redirect_tag=true&from=search_history&page=5&q=%E0%B8%99%E0%B8%B2%E0%B8%AC%E0%B8%B4%E0%B8%81%E0%B8%B2%20galaxy%20watch%208&spm=a2o4m.pdp_revamp.search.2.94932546MCRbxX&sugg=%E0%B8%99%E0%B8%B2%E0%B8%AC%E0%B8%B4%E0%B8%81%E0%B8%B2%20galaxy%20watch%208_0_1","","การโทรผ่านบลูทูธหน้าจอสัมผัสแบบเต็มหน้าจอของสมาร์ทวอทช์ - Galaxy Watch Active 2 Pro Ultra","฿690.00","การโทรผ่านบลูทูธหน้าจอสัมผัสแบบเต็มหน้าจอของสมาร์ทวอทช์ - Galaxy Watch Active 2 Pro Ultra","https://www.lazada.co.th/products/pdp-i16262939340.html",""
"1791088563-164","https://www.lazada.co.th/tag/%E0%B8%99%E0%B8%B2%E0%B8%AC%E0%B8%B4%E0%B8%81%E0%B8%B2-galaxy-watch-8/?_keyori=ss&catalog_redirect_tag=true&from=search_history&page=5&q=%E0%B8%99%E0%B8%B2%E0%B8%AC%E0%B8%B4%E0%B8%81%E0%B8%B2%20galaxy%20watch%208&spm=a2o4m.pdp_revamp.search.2.94932546MCRbxX&sugg=%E0%B8%99%E0%B8%B2%E0%B8%AC%E0%B8%B4%E0%B8%81%E0%B8%B2%20galaxy%20watch%208_0_1","","เคสนาฬิกา เคสเพชรไม่มีจอ KT Apple Watch Case 11/10/9/8/7 Smartwatch ขนาด 41mm (S10)42 45mm 46mm","฿55.00","เคสนาฬิกา เคสเพชรไม่มีจอ KT Apple Watch Case 11/10/9/8/7 Smartwatch ขนาด 41mm (S10)42 45mm 46mm","https://www.lazada.co.th/products/pdp-i5710834710.html","4.9"
"1791088565-165","https://www.lazada.co.th/tag/%E0%B8%99%E0%B8%B2%E0%B8%AC%E0%B8%B4%E0%B8%81%E0%B8%B2-galaxy-watch-8/?_keyori=ss&catalog_redirect_tag=true&from=search_history&page=5&q=%E0%B8%99%E0%B8%B2%E0%B8%AC%E0%B8%B4%E0%B8%81%E0%B8%B2%20galaxy%20watch%208&spm=a2o4m.pdp_revamp.search.2.94932546MCRbxX&sugg=%E0%B8%99%E0%B8%B2%E0%B8%AC%E0%B8%B4%E0%B8%81%E0%B8%B2%20galaxy%20watch%208_0_1","","20 มม.22 มม.นาฬิกา QUICK RELEASE สายหนังสําหรับ Samsung Galaxy Watch 3 Active2 40 44 มม.Huawei Watch GT 2 นาฬิกา 18 24 มม.","฿88.76","20 มม.22 มม.นาฬิกา QUICK RELEASE สายหนังสําหรับ Samsung Galaxy Watch 3 Active2 40 44 มม.Huawei Watch GT 2 นาฬิกา 18 24 มม.","https://www.lazada.co.th/products/pdp-i6071879079.html","5"
"1791088567-166","https://www.lazada.co.th/tag/%E0%B8%99%E0%B8%B2%E0%B8%AC%E0%B8%B4%E0%B8%81%E0%B8%B2-galaxy-watch-8/?_keyori=ss&catalog_redirect_tag=true&from=search_history&page=5&q=%E0%B8%99%E0%B8%B2%E0%B8%AC%E0%B8%B4%E0%B8%81%E0%B8%B2%20galaxy%20watch%208&spm=a2o4m.pdp_revamp.search.2.94932546MCRbxX&sugg=%E0%B8%99%E0%B8%B2%E0%B8%AC%E0%B8%B4%E0%B8%81%E0%B8%B2%20galaxy%20watch%208_0_1","","AOJN สมาร์ทวอทช์ SmartWatch【จัดส่งในท้องถิ่นในประเทศไทย】Jam Tangan Digital ปุ่มไฟไฟ LED กลางคืนแบบใหม่สำหรับกีฬากลางแจ้งและเทรนด์แฟชั่น","฿17.34","AOJN สมาร์ทวอทช์ SmartWatch【จัดส่งในท้องถิ่นในประเทศไทย】Jam Tangan Digital ปุ่มไฟไฟ LED กลางคืนแบบใหม่สำหรับกีฬากลางแจ้งและเทรนด์แฟชั่น","https://www.lazada.co.th/products/pdp-i5831704976.html","4.5"
"1791088569-167","https://www.lazada.co.th/tag/%E0%B8%99%E0%B8%B2%E0%B8%AC%E0%B8%B4%E0%B8%81%E0%B8%B2-galaxy-watch-8/?_keyori=ss&catalog_redirect_tag=true&from=search_history&page=5&q=%E0%B8%99%E0%B8%B2%E0%B8%AC%E0%B8%B4%E0%B8%81%E0%B8%B2%20galaxy%20watch%208&spm=a2o4m.pdp_revamp.search.2.94932546MCRbxX&sugg=%E0%B8%99%E0%B8%B2%E0%B8%AC%E0%B8%B4%E0%B8%81%E0%B8%B2%20galaxy%20watch%208_0_1","","นาฬิกาสมาร์ทวอชพร้อมฟังก์ชันวัดหัวใจและนับก้าวสำหรับคนรักการออกกำลังกาย","฿15.00","นาฬิกาสมาร์ทวอชพร้อมฟังก์ชันวัดหัวใจและนับก้าวสำหรับคนรักการออกกำลังกาย","https://www.lazada.co.th/products/pdp-i16167692138.html","5"
"1791088572-168","https://www.lazada.co.th/tag/%E0%B8%99%E0%B8%B2%E0%B8%AC%E0%B8%B4%E0%B8%81%E0%B8%B2-galaxy-watch-8/?_keyori=ss&catalog_redirect_tag=true&from=search_history&page=5&q=%E0%B8%99%E0%B8%B2%E0%B8%AC%E0%B8%B4%E0%B8%81%E0%B8%B2%20galaxy%20watch%208&spm=a2o4m.pdp_revamp.search.2.94932546MCRbxX&sugg=%E0%B8%99%E0%B8%B2%E0%B8%AC%E0%B8%B4%E0%B8%81%E0%B8%B2%20galaxy%20watch%208_0_1","","Healing shield | ฟลมกนรอยหนาจอ/ดานหลง/ดานขางสำหรบ Galaxy Watch8 ขนาด 44 มม. จำนวน 2 ชน","฿356.25","Healing shield | ฟลมกนรอยหนาจอ/ดานหลง/ดานขางสำหรบ Galaxy Watch8 ขนาด 44 มม. จำนวน 2 ชน","https://www.lazada.co.th/products/pdp-i16225623339.html",""
"1791088574-169","https://www.lazada.co.th/tag/%E0%B8%99%E0%B8%B2%E0%B8%AC%E0%B8%B4%E0%B8%81%E0%B8%B2-galaxy-watch-8/?_keyori=ss&catalog_redirect_tag=true&from=search_history&page=5&q=%E0%B8%99%E0%B8%B2%E0%B8%AC%E0%B8%B4%E0%B8%81%E0%B8%B2%20galaxy%20watch%208&spm=a2o4m.pdp_revamp.search.2.94932546MCRbxX&sugg=%E0%B8%99%E0%B8%B2%E0%B8%AC%E0%B8%B4%E0%B8%81%E0%B8%B2%20galaxy%20watch%208_0_1","","【สินค้าใหม่】sansung สมาร์ทวอทช์ รองรับภาษาไทย นาฬิกาสมาร์ทวอทช์ สัมผัสได้เต็มจอ นาฬิกาsport นาฬิกากันน้ำ COD","฿197.00","【สินค้าใหม่】sansung สมาร์ทวอทช์ รองรับภาษาไทย นาฬิกาสมาร์ทวอทช์ สัมผัสได้เต็มจอ นาฬิกาsport นาฬิกากันน้ำ COD","https://www.lazada.co.th/products/pdp-i5902323052.html","5"
"1791088576-170","https://www.lazada.co.th/tag/%E0%B8%99%E0%B8%B2%E0%B8%AC%E0%B8%B4%E0%B8%81%E0%B8%B2-galaxy-watch-8/?_keyori=ss&catalog_redirect_tag=true&from=search_history&page=5&q=%E0%B8%99%E0%B8%B2%E0%B8%AC%E0%B8%B4%E0%B8%81%E0%B8%B2%20galaxy%20watch%208&spm=a2o4m.pdp_revamp.search.2.94932546MCRbxX&sugg=%E0%B8%99%E0%B8%B2%E0%B8%AC%E0%B8%B4%E0%B8%81%E0%B8%B2%20galaxy%20watch%208_0_1","","Samsung Galaxy Watch7 AI สมาร์ทวอทช์ ระบบบลูทูธ 40MM,44MM","฿4,990.00","Samsung Galaxy Watch7 AI สมาร์ทวอทช์ ระบบบลูทูธ 40MM,44MM","https://www.lazada.co.th/products/pdp-i5487502303.html","5"
"1791088578-171","https://www.lazada.co.th/tag/%E0%B8%99%E0%B8%B2%E0%B8%AC%E0%B8%B4%E0%B8%81%E0%B8%B2-galaxy-watch-8/?_keyori=ss&catalog_redirect_tag=true&from=search_history&page=5&q=%E0%B8%99%E0%B8%B2%E0%B8%AC%E0%B8%B4%E0%B8%81%E0%B8%B2%20galaxy%20watch%208&spm=a2o4m.pdp_revamp.search.2.94932546MCRbxX&sugg=%E0%B8%99%E0%B8%B2%E0%B8%AC%E0%B8%B4%E0%B8%81%E0%B8%B2%20galaxy%20watch%208_0_1","","Li-Ning สมาร์ทวอทช์ SmartWatch นาฬิกาสมาร์ทวอชแฟชั่นสำหรับผู้ชายและผู้หญิงพร้อมฟังก์ชันวัดอัตราการเต้นของหัวใจและแสงสว่างในเวลากลางคืน","฿11.76","Li-Ning สมาร์ทวอทช์ SmartWatch นาฬิกาสมาร์ทวอชแฟชั่นสำหรับผู้ชายและผู้หญิงพร้อมฟังก์ชันวัดอัตราการเต้นของหัวใจและแสงสว่างในเวลากลางคืน","https://www.lazada.co.th/products/pdp-i5958549172.html","4.3"
"1791088580-172","https://www.lazada.co.th/tag/%E0%B8%99%E0%B8%B2%E0%B8%AC%E0%B8%B4%E0%B8%81%E0%B8%B2-galaxy-watch-8/?_keyori=ss&catalog_redirect_tag=true&from=search_history&page=5&q=%E0%B8%99%E0%B8%B2%E0%B8%AC%E0%B8%B4%E0%B8%81%E0%B8%B2%20galaxy%20watch%208&spm=a2o4m.pdp_revamp.search.2.94932546MCRbxX&sugg=%E0%B8%99%E0%B8%B2%E0%B8%AC%E0%B8%B4%E0%B8%81%E0%B8%B2%20galaxy%20watch%208_0_1","","สายแม่เหล็กขนาด 18 มม. 22 มม. 20 มม. สำหรับนาฬิกา Samsung Galaxy Watch 7 6 5 4 3 สายซิลิโคนสำหรับนาฬิกา Huawei Watch GT5/4/3Pro Ultimate Correa","฿164.16","สายแม่เหล็กขนาด 18 มม. 22 มม. 20 มม. สำหรับนาฬิกา Samsung Galaxy Watch 7 6 5 4 3 สายซิลิโคนสำหรับนาฬิกา Huawei Watch GT5/4/3Pro Ultimate Correa","https://www.lazada.co.th/products/pdp-i5984031942.html","5"
"1791088582-173","https://www.lazada.co.th/tag/%E0%B8%99%E0%B8%B2%E0%B8%AC%E0%B8%B4%E0%B8%81%E0%B8%B2-galaxy-watch-8/?_keyori=ss&catalog_redirect_tag=true&from=search_history&page=5&q=%E0%B8%99%E0%B8%B2%E0%B8%AC%E0%B8%B4%E0%B8%81%E0%B8%B2%20galaxy%20watch%208&spm=a2o4m.pdp_revamp.search.2.94932546MCRbxX&sugg=%E0%B8%99%E0%B8%B2%E0%B8%AC%E0%B8%B4%E0%B8%81%E0%B8%B2%20galaxy%20watch%208_0_1","","สมาร์ทวอทช์, H9 max, ใหม่ล่าสุด, สำหรับผู้ชายและผู้หญิง, นาฬิกาสปอร์ต, หน้าจอสัมผัส HD 2.01"", รับสายและโทรออก, เพลงบลูทู","฿185.00","สมาร์ทวอทช์, H9 max, ใหม่ล่าสุด, สำหรับผู้ชายและผู้หญิง, นาฬิกาสปอร์ต, หน้าจอสัมผัส HD 2.01"", รับสายและโทรออก, เพลงบลูทู","https://www.lazada.co.th/products/pdp-i5878060006.html","4.9"
"1791088585-174","https://www.lazada.co.th/tag/%E0%B8%99%E0%B8%B2%E0%B8%AC%E0%B8%B4%E0%B8%81%E0%B8%B2-galaxy-watch-8/?_keyori=ss&catalog_redirect_tag=true&from=search_history&page=5&q=%E0%B8%99%E0%B8%B2%E0%B8%AC%E0%B8%B4%E0%B8%81%E0%B8%B2%20galaxy%20watch%208&spm=a2o4m.pdp_revamp.search.2.94932546MCRbxX&sugg=%E0%B8%99%E0%B8%B2%E0%B8%AC%E0%B8%B4%E0%B8%81%E0%B8%B2%20galaxy%20watch%208_0_1","","สมาร์ทวอทช์ Samsung Galaxy Watch 9 40mm (BT) (สินค้ารับประกัน1ปี) By TG","฿13,545.00","สมาร์ทวอทช์ Samsung Galaxy Watch 9 40mm (BT) (สินค้ารับประกัน1ปี) By TG","https://www.lazada.co.th/products/pdp-i16221833395.html","5"
"1791088587-175","https://www.lazada.co.th/tag/%E0%B8%99%E0%B8%B2%E0%B8%AC%E0%B8%B4%E0%B8%81%E0%B8%B2-galaxy-watch-8/?_keyori=ss&catalog_redirect_tag=true&from=search_history&page=5&q=%E0%B8%99%E0%B8%B2%E0%B8%AC%E0%B8%B4%E0%B8%81%E0%B8%B2%20galaxy%20watch%208&spm=a2o4m.pdp_revamp.search.2.94932546MCRbxX&sugg=%E0%B8%99%E0%B8%B2%E0%B8%AC%E0%B8%B4%E0%B8%81%E0%B8%B2%20galaxy%20watch%208_0_1","","AOJN สมาร์ทวอทช์ SmartWatch【จัดส่งในท้องถิ่นในประเทศไทย】จัดส่ง 24 ชั่วโมง&gt;นาฬิกาดิจิตอล LED แฟชั่นสายซิลิโคนผู้ชายและผู้หญิงนาฬิกาอิเล็กทรอนิกส์คู่สไตล์ย้อนยุคนาฬิกา ผู้หญิง","฿11.76","AOJN สมาร์ทวอทช์ SmartWatch【จัดส่งในท้องถิ่นในประเทศไทย】จัดส่ง 24 ชั่วโมง&gt;นาฬิกาดิจิตอล LED แฟชั่นสายซิลิโคนผู้ชายและผู้หญิงนาฬิกาอิเล็กทรอนิกส์คู่สไตล์ย้อนยุคนาฬิกา ผู้หญิง","https://www.lazada.co.th/products/pdp-i5883220373.html","4.6"
"1791088589-176","https://www.lazada.co.th/tag/%E0%B8%99%E0%B8%B2%E0%B8%AC%E0%B8%B4%E0%B8%81%E0%B8%B2-galaxy-watch-8/?_keyori=ss&catalog_redirect_tag=true&from=search_history&page=5&q=%E0%B8%99%E0%B8%B2%E0%B8%AC%E0%B8%B4%E0%B8%81%E0%B8%B2%20galaxy%20watch%208&spm=a2o4m.pdp_revamp.search.2.94932546MCRbxX&sugg=%E0%B8%99%E0%B8%B2%E0%B8%AC%E0%B8%B4%E0%B8%81%E0%B8%B2%20galaxy%20watch%208_0_1","","นาฬิกาสมาร์ทวอชแฟชั่นสำหรับผู้ชายและผู้หญิงพร้อมฟังก์ชันวัดอัตราการเต้นของหัวใจและแสงสว่างในเวลากลางคืน","฿23.00","นาฬิกาสมาร์ทวอชแฟชั่นสำหรับผู้ชายและผู้หญิงพร้อมฟังก์ชันวัดอัตราการเต้นของหัวใจและแสงสว่างในเวลากลางคืน","https://www.lazada.co.th/products/pdp-i16166756286.html","5"
"1791088592-177","https://www.lazada.co.th/tag/%E0%B8%99%E0%B8%B2%E0%B8%AC%E0%B8%B4%E0%B8%81%E0%B8%B2-galaxy-watch-8/?_keyori=ss&catalog_redirect_tag=true&from=search_history&page=5&q=%E0%B8%99%E0%B8%B2%E0%B8%AC%E0%B8%B4%E0%B8%81%E0%B8%B2%20galaxy%20watch%208&spm=a2o4m.pdp_revamp.search.2.94932546MCRbxX&sugg=%E0%B8%99%E0%B8%B2%E0%B8%AC%E0%B8%B4%E0%B8%81%E0%B8%B2%20galaxy%20watch%208_0_1","","Casing PC เพชรกลวงออกสำหรับ Samsung Galaxy Watch 9 40Mm 44Mm เปลือกกรอบกันชนพีซีปกแข็งเคสป้องกันการกระแทกสำหรับ Galaxy Watch 9","฿58.00","Casing PC เพชรกลวงออกสำหรับ Samsung Galaxy Watch 9 40Mm 44Mm เปลือกกรอบกันชนพีซีปกแข็งเคสป้องกันการกระแทกสำหรับ Galaxy Watch 9","https://www.lazada.co.th/products/pdp-i16253614808.html","5"
"1791088594-178","https://www.lazada.co.th/tag/%E0%B8%99%E0%B8%B2%E0%B8%AC%E0%B8%B4%E0%B8%81%E0%B8%B2-galaxy-watch-8/?_keyori=ss&catalog_redirect_tag=true&from=search_history&page=5&q=%E0%B8%99%E0%B8%B2%E0%B8%AC%E0%B8%B4%E0%B8%81%E0%B8%B2%20galaxy%20watch%208&spm=a2o4m.pdp_revamp.search.2.94932546MCRbxX&sugg=%E0%B8%99%E0%B8%B2%E0%B8%AC%E0%B8%B4%E0%B8%81%E0%B8%B2%20galaxy%20watch%208_0_1","","Casing PC กระจกสำหรับ Samsung Galaxy Watch 9 40มม. 44มม. พีซีปกแข็งกรอบกันชนพร้อมฟิล์มเคสกันกระแทกมือถือกระจกเทมเปอร์กรอบสำหรับ Galaxy Watch 9","฿67.00","Casing PC กระจกสำหรับ Samsung Galaxy Watch 9 40มม. 44มม. พีซีปกแข็งกรอบกันชนพร้อมฟิล์มเคสกันกระแทกมือถือกระจกเทมเปอร์กรอบสำหรับ Galaxy Watch 9","https://www.lazada.co.th/products/pdp-i16235527086.html","5"
"1791088596-179","https://www.lazada.co.th/tag/%E0%B8%99%E0%B8%B2%E0%B8%AC%E0%B8%B4%E0%B8%81%E0%B8%B2-galaxy-watch-8/?_keyori=ss&catalog_redirect_tag=true&from=search_history&page=5&q=%E0%B8%99%E0%B8%B2%E0%B8%AC%E0%B8%B4%E0%B8%81%E0%B8%B2%20galaxy%20watch%208&spm=a2o4m.pdp_revamp.search.2.94932546MCRbxX&sugg=%E0%B8%99%E0%B8%B2%E0%B8%AC%E0%B8%B4%E0%B8%81%E0%B8%B2%20galaxy%20watch%208_0_1","","Muse Harbor  นาฬิกาสมาร์ทวอชแฟชั่นสำหรับผู้ชายและผู้หญิงพร้อมฟังก์ชันวัดอัตราการเต้นของหัวใจและแสงสว่างในเวลากลางคืน","฿12.00","Muse Harbor  นาฬิกาสมาร์ทวอชแฟชั่นสำหรับผู้ชายและผู้หญิงพร้อมฟังก์ชันวัดอัตราการเต้นของหัวใจและแสงสว่างในเวลากลางคืน","https://www.lazada.co.th/products/pdp-i16164451142.html","4.7"
"1791088598-180","https://www.lazada.co.th/tag/%E0%B8%99%E0%B8%B2%E0%B8%AC%E0%B8%B4%E0%B8%81%E0%B8%B2-galaxy-watch-8/?_keyori=ss&catalog_redirect_tag=true&from=search_history&page=5&q=%E0%B8%99%E0%B8%B2%E0%B8%AC%E0%B8%B4%E0%B8%81%E0%B8%B2%20galaxy%20watch%208&spm=a2o4m.pdp_revamp.search.2.94932546MCRbxX&sugg=%E0%B8%99%E0%B8%B2%E0%B8%AC%E0%B8%B4%E0%B8%81%E0%B8%B2%20galaxy%20watch%208_0_1","","SPIGEN สายสำหรับ Galaxy Watch 9 / 8 Classic / 8 [WBF1] Soft and Lightweight Band for All-Day Comfort / สาย Galaxy Watch 9 / 8 Classic / 8","฿621.00","SPIGEN สายสำหรับ Galaxy Watch 9 / 8 Classic / 8 [WBF1] Soft and Lightweight Band for All-Day Comfort / สาย Galaxy Watch 9 / 8 Classic / 8","https://www.lazada.co.th/products/pdp-i16215068853.html","5"
"1791088601-181","https://www.lazada.co.th/tag/%E0%B8%99%E0%B8%B2%E0%B8%AC%E0%B8%B4%E0%B8%81%E0%B8%B2-galaxy-watch-8/?_keyori=ss&catalog_redirect_tag=true&from=search_history&page=5&q=%E0%B8%99%E0%B8%B2%E0%B8%AC%E0%B8%B4%E0%B8%81%E0%B8%B2%20galaxy%20watch%208&spm=a2o4m.pdp_revamp.search.2.94932546MCRbxX&sugg=%E0%B8%99%E0%B8%B2%E0%B8%AC%E0%B8%B4%E0%B8%81%E0%B8%B2%20galaxy%20watch%208_0_1","","[OPPO]Smart Watch รองรับภาษาไทย นาฬิกาสมาร์ทวอทช์ สัมผัสได้เต็มจอ นาฬิกาsport พร้อม GPS NFC Bluetooth และการโทรแบบกันน้ำ","฿254.00","[OPPO]Smart Watch รองรับภาษาไทย นาฬิกาสมาร์ทวอทช์ สัมผัสได้เต็มจอ นาฬิกาsport พร้อม GPS NFC Bluetooth และการโทรแบบกันน้ำ","https://www.lazada.co.th/products/pdp-i16179340757.html","4.3"
"1791088603-182","https://www.lazada.co.th/tag/%E0%B8%99%E0%B8%B2%E0%B8%AC%E0%B8%B4%E0%B8%81%E0%B8%B2-galaxy-watch-8/?_keyori=ss&catalog_redirect_tag=true&from=search_history&page=5&q=%E0%B8%99%E0%B8%B2%E0%B8%AC%E0%B8%B4%E0%B8%81%E0%B8%B2%20galaxy%20watch%208&spm=a2o4m.pdp_revamp.search.2.94932546MCRbxX&sugg=%E0%B8%99%E0%B8%B2%E0%B8%AC%E0%B8%B4%E0%B8%81%E0%B8%B2%20galaxy%20watch%208_0_1","","Series 10 Pro Max สมาร์ทนาฬิกาบลูทูธ Voice Call Fitness Tracker Heart Rate Monitor H9 Pro Max สมาร์ทนาฬิกาสําหรับ Android IOS ผู้ชายผู้หญิง","฿158.98","Series 10 Pro Max สมาร์ทนาฬิกาบลูทูธ Voice Call Fitness Tracker Heart Rate Monitor H9 Pro Max สมาร์ทนาฬิกาสําหรับ Android IOS ผู้ชายผู้หญิง","https://www.lazada.co.th/products/pdp-i5717658926.html","4.9"
"1791088605-183","https://www.lazada.co.th/tag/%E0%B8%99%E0%B8%B2%E0%B8%AC%E0%B8%B4%E0%B8%81%E0%B8%B2-galaxy-watch-8/?_keyori=ss&catalog_redirect_tag=true&from=search_history&page=5&q=%E0%B8%99%E0%B8%B2%E0%B8%AC%E0%B8%B4%E0%B8%81%E0%B8%B2%20galaxy%20watch%208&spm=a2o4m.pdp_revamp.search.2.94932546MCRbxX&sugg=%E0%B8%99%E0%B8%B2%E0%B8%AC%E0%B8%B4%E0%B8%81%E0%B8%B2%20galaxy%20watch%208_0_1","","ฟิล์ม สำหรับ Samsung Galaxy Watch 8 Classic 46mm Smart Watch 8 40mm 44mm Galaxy Watch Ultra2 เคสกันรอยหน้าจอ 3 มิติใสเคส นาฬิกาอัจฉริยะ","฿92.32","ฟิล์ม สำหรับ Samsung Galaxy Watch 8 Classic 46mm Smart Watch 8 40mm 44mm Galaxy Watch Ultra2 เคสกันรอยหน้าจอ 3 มิติใสเคส นาฬิกาอัจฉริยะ","https://www.lazada.co.th/products/pdp-i5798952351.html","4.9"
"1791088607-184","https://www.lazada.co.th/tag/%E0%B8%99%E0%B8%B2%E0%B8%AC%E0%B8%B4%E0%B8%81%E0%B8%B2-galaxy-watch-8/?_keyori=ss&catalog_redirect_tag=true&from=search_history&page=5&q=%E0%B8%99%E0%B8%B2%E0%B8%AC%E0%B8%B4%E0%B8%81%E0%B8%B2%20galaxy%20watch%208&spm=a2o4m.pdp_revamp.search.2.94932546MCRbxX&sugg=%E0%B8%99%E0%B8%B2%E0%B8%AC%E0%B8%B4%E0%B8%81%E0%B8%B2%20galaxy%20watch%208_0_1","","[รับประกัน 1 ปี]Smartwatch S11 Pro Max พร้อม 2.3""HD AMOLED กีฬาสมาร์ทวอทช์บลูทูธ GPS NFC ชาร์จไร้สายนาฬิกาผู้หญิงนาฬิกาอัจฉริยะผู้ชายผู้หญิงนาฬิกาอัจฉริยะกันน้ำ IP68 Heart Rate Monitor Monitor นาฬิกาสมาร์ทวอทช์ Smartwatch นาฬิกาอัจฉริยะที่มีสไตล์","฿375.46","[รับประกัน 1 ปี]Smartwatch S11 Pro Max พร้อม 2.3""HD AMOLED กีฬาสมาร์ทวอทช์บลูทูธ GPS NFC ชาร์จไร้สายนาฬิกาผู้หญิงนาฬิกาอัจฉริยะผู้ชายผู้หญิงนาฬิกาอัจฉริยะกันน้ำ IP68 Heart Rate Monitor Monitor นาฬิกาสมาร์ทวอทช์ Smartwatch นาฬิกาอัจฉริยะที่มีสไตล์","https://www.lazada.co.th/products/pdp-i16155940737.html","4.6"
"1791088609-185","https://www.lazada.co.th/tag/%E0%B8%99%E0%B8%B2%E0%B8%AC%E0%B8%B4%E0%B8%81%E0%B8%B2-galaxy-watch-8/?_keyori=ss&catalog_redirect_tag=true&from=search_history&page=5&q=%E0%B8%99%E0%B8%B2%E0%B8%AC%E0%B8%B4%E0%B8%81%E0%B8%B2%20galaxy%20watch%208&spm=a2o4m.pdp_revamp.search.2.94932546MCRbxX&sugg=%E0%B8%99%E0%B8%B2%E0%B8%AC%E0%B8%B4%E0%B8%81%E0%B8%B2%20galaxy%20watch%208_0_1","","นาฬิกาอัจฉริยะ Galaxy Watch 7 ใหม่ ขนาด 44 มม. สำหรับผู้ชาย ผ่านบลูทูธ ตรวจสอบสุขภาพ ฟิตเนส กีฬา อัตราการเต้นของหัวใจ ออกซิเจนในเลือด สมาร์ทวอทช์ผู้ชาย Android IOS","฿566.35","นาฬิกาอัจฉริยะ Galaxy Watch 7 ใหม่ ขนาด 44 มม. สำหรับผู้ชาย ผ่านบลูทูธ ตรวจสอบสุขภาพ ฟิตเนส กีฬา อัตราการเต้นของหัวใจ ออกซิเจนในเลือด สมาร์ทวอทช์ผู้ชาย Android IOS","https://www.lazada.co.th/products/pdp-i16222659116.html","5"
"1791088611-186","https://www.lazada.co.th/tag/%E0%B8%99%E0%B8%B2%E0%B8%AC%E0%B8%B4%E0%B8%81%E0%B8%B2-galaxy-watch-8/?_keyori=ss&catalog_redirect_tag=true&from=search_history&page=5&q=%E0%B8%99%E0%B8%B2%E0%B8%AC%E0%B8%B4%E0%B8%81%E0%B8%B2%20galaxy%20watch%208&spm=a2o4m.pdp_revamp.search.2.94932546MCRbxX&sugg=%E0%B8%99%E0%B8%B2%E0%B8%AC%E0%B8%B4%E0%B8%81%E0%B8%B2%20galaxy%20watch%208_0_1","","สมาร์ทวอทช์ผู้ชาย T900 Ultra ใหม่ หน้าจอ AMOLED ขนาด 49 มม. ซีรีส์ 9 พร้อมเข็มทิศ NFC กันน้ำ คุณสมบัติหลัก เข้ากันได้กับนาฬิกา LX และ IWO Ultra 9, รองรับการโทร","฿152.80","สมาร์ทวอทช์ผู้ชาย T900 Ultra ใหม่ หน้าจอ AMOLED ขนาด 49 มม. ซีรีส์ 9 พร้อมเข็มทิศ NFC กันน้ำ คุณสมบัติหลัก เข้ากันได้กับนาฬิกา LX และ IWO Ultra 9, รองรับการโทร","https://www.lazada.co.th/products/pdp-i6049310269.html","4.8"
"1791088614-187","https://www.lazada.co.th/tag/%E0%B8%99%E0%B8%B2%E0%B8%AC%E0%B8%B4%E0%B8%81%E0%B8%B2-galaxy-watch-8/?_keyori=ss&catalog_redirect_tag=true&from=search_history&page=5&q=%E0%B8%99%E0%B8%B2%E0%B8%AC%E0%B8%B4%E0%B8%81%E0%B8%B2%20galaxy%20watch%208&spm=a2o4m.pdp_revamp.search.2.94932546MCRbxX&sugg=%E0%B8%99%E0%B8%B2%E0%B8%AC%E0%B8%B4%E0%B8%81%E0%B8%B2%20galaxy%20watch%208_0_1","","ฟิล์ม สําหรับ Samsung Galaxy Watch 8 ฟิล์มป้องกันหน้าจอ สําหรับนาฬิกาสมาร์ทวอทซ์ สําหรับ Samsung Galaxy Watch 8 Classic นาฬิกาอัฉริยะ","฿73.14","ฟิล์ม สําหรับ Samsung Galaxy Watch 8 ฟิล์มป้องกันหน้าจอ สําหรับนาฬิกาสมาร์ทวอทซ์ สําหรับ Samsung Galaxy Watch 8 Classic นาฬิกาอัฉริยะ","https://www.lazada.co.th/products/pdp-i5802484966.html","5"
"1791088616-188","https://www.lazada.co.th/tag/%E0%B8%99%E0%B8%B2%E0%B8%AC%E0%B8%B4%E0%B8%81%E0%B8%B2-galaxy-watch-8/?_keyori=ss&catalog_redirect_tag=true&from=search_history&page=5&q=%E0%B8%99%E0%B8%B2%E0%B8%AC%E0%B8%B4%E0%B8%81%E0%B8%B2%20galaxy%20watch%208&spm=a2o4m.pdp_revamp.search.2.94932546MCRbxX&sugg=%E0%B8%99%E0%B8%B2%E0%B8%AC%E0%B8%B4%E0%B8%81%E0%B8%B2%20galaxy%20watch%208_0_1","","GARMIN นาฬิกา smart watch แท้ ของแท้ สมาร์ทวอทช์ นาฬิกาสมาร์ทwatch สมาร์ทนาฬิกากีฬาฟิตเนสนาฬิกา ความดันโลหิตนาฬิกาสมาร์ทกันน้ำสำหรับ Android IOS","฿705.00","GARMIN นาฬิกา smart watch แท้ ของแท้ สมาร์ทวอทช์ นาฬิกาสมาร์ทwatch สมาร์ทนาฬิกากีฬาฟิตเนสนาฬิกา ความดันโลหิตนาฬิกาสมาร์ทกันน้ำสำหรับ Android IOS","https://www.lazada.co.th/products/pdp-i3035704089.html","4.8"
"1791088618-189","https://www.lazada.co.th/tag/%E0%B8%99%E0%B8%B2%E0%B8%AC%E0%B8%B4%E0%B8%81%E0%B8%B2-galaxy-watch-8/?_keyori=ss&catalog_redirect_tag=true&from=search_history&page=5&q=%E0%B8%99%E0%B8%B2%E0%B8%AC%E0%B8%B4%E0%B8%81%E0%B8%B2%20galaxy%20watch%208&spm=a2o4m.pdp_revamp.search.2.94932546MCRbxX&sugg=%E0%B8%99%E0%B8%B2%E0%B8%AC%E0%B8%B4%E0%B8%81%E0%B8%B2%20galaxy%20watch%208_0_1","","Pre-Order Samsung Galaxy Watch 9 44 mm (รับประกันศูนย์ 1 ปี) By Jaymart","฿11,771.00","Pre-Order Samsung Galaxy Watch 9 44 mm (รับประกันศูนย์ 1 ปี) By Jaymart","https://www.lazada.co.th/products/pdp-i16219887766.html","4.9"
"1791088620-190","https://www.lazada.co.th/tag/%E0%B8%99%E0%B8%B2%E0%B8%AC%E0%B8%B4%E0%B8%81%E0%B8%B2-galaxy-watch-8/?_keyori=ss&catalog_redirect_tag=true&from=search_history&page=5&q=%E0%B8%99%E0%B8%B2%E0%B8%AC%E0%B8%B4%E0%B8%81%E0%B8%B2%20galaxy%20watch%208&spm=a2o4m.pdp_revamp.search.2.94932546MCRbxX&sugg=%E0%B8%99%E0%B8%B2%E0%B8%AC%E0%B8%B4%E0%B8%81%E0%B8%B2%20galaxy%20watch%208_0_1","","สาย สําหรับ Samsung Galaxy Watch 8 Classic 46 มม. 44 มม. 40 มม. แท้ นาฬิกาอัจฉริยะ สายซิลิโคนสำหรับเล่นกีฬา","฿141.34","สาย สําหรับ Samsung Galaxy Watch 8 Classic 46 มม. 44 มม. 40 มม. แท้ นาฬิกาอัจฉริยะ สายซิลิโคนสำหรับเล่นกีฬา","https://www.lazada.co.th/products/pdp-i5804996717.html","5"
"1791088622-191","https://www.lazada.co.th/tag/%E0%B8%99%E0%B8%B2%E0%B8%AC%E0%B8%B4%E0%B8%81%E0%B8%B2-galaxy-watch-8/?_keyori=ss&catalog_redirect_tag=true&from=search_history&page=5&q=%E0%B8%99%E0%B8%B2%E0%B8%AC%E0%B8%B4%E0%B8%81%E0%B8%B2%20galaxy%20watch%208&spm=a2o4m.pdp_revamp.search.2.94932546MCRbxX&sugg=%E0%B8%99%E0%B8%B2%E0%B8%AC%E0%B8%B4%E0%B8%81%E0%B8%B2%20galaxy%20watch%208_0_1","","สายนาฬิกาอัจฉริยะซิลิโคนนิ่มสำหรับ Samsung Galaxy Watch 9สายคลาสสิกสีสันสดใส","฿49.00","สายนาฬิกาอัจฉริยะซิลิโคนนิ่มสำหรับ Samsung Galaxy Watch 9สายคลาสสิกสีสันสดใส","https://www.lazada.co.th/products/pdp-i16216026258.html","4.9"
"1791088624-192","https://www.lazada.co.th/tag/%E0%B8%99%E0%B8%B2%E0%B8%AC%E0%B8%B4%E0%B8%81%E0%B8%B2-galaxy-watch-8/?_keyori=ss&catalog_redirect_tag=true&from=search_history&page=5&q=%E0%B8%99%E0%B8%B2%E0%B8%AC%E0%B8%B4%E0%B8%81%E0%B8%B2%20galaxy%20watch%208&spm=a2o4m.pdp_revamp.search.2.94932546MCRbxX&sugg=%E0%B8%99%E0%B8%B2%E0%B8%AC%E0%B8%B4%E0%B8%81%E0%B8%B2%20galaxy%20watch%208_0_1","","สายหนังสําหรับ Samsung Galaxy Watch 8 44 มม.40 มม./8 คลาสสิก 46 มม.สายรัดข้อมือสําหรับ Samsung Galaxy Watch 7 8 Ultra 2025 47 มม.","฿243.87","สายหนังสําหรับ Samsung Galaxy Watch 8 44 มม.40 มม./8 คลาสสิก 46 มม.สายรัดข้อมือสําหรับ Samsung Galaxy Watch 7 8 Ultra 2025 47 มม.","https://www.lazada.co.th/products/pdp-i16102118114.html","4.1"
"1791088627-193","https://www.lazada.co.th/tag/%E0%B8%99%E0%B8%B2%E0%B8%AC%E0%B8%B4%E0%B8%81%E0%B8%B2-galaxy-watch-8/?_keyori=ss&catalog_redirect_tag=true&from=search_history&page=5&q=%E0%B8%99%E0%B8%B2%E0%B8%AC%E0%B8%B4%E0%B8%81%E0%B8%B2%20galaxy%20watch%208&spm=a2o4m.pdp_revamp.search.2.94932546MCRbxX&sugg=%E0%B8%99%E0%B8%B2%E0%B8%AC%E0%B8%B4%E0%B8%81%E0%B8%B2%20galaxy%20watch%208_0_1","","2026ใหม่ล่าสุด สมาร์ทวอทช์,H9 max,สำหรับผู้ชายและผู้หญิง, นาฬิกาสปอร์ต, หน้าจอสัมผัส HD 2.01"",IP67 กันน้ำ, ตรวจสอบร่างกาย 24 ชั่วโมง, รองรับการแจ้งเตือนข้อมูล โทรผ่านบลูทูธ วัดอัตราการเต้นหัวใจ จำนวนก้าว และฟังก์ชันอื่นๆ  เข้ากันได้กับ Android และ iOS","฿193.56","2026ใหม่ล่าสุด สมาร์ทวอทช์,H9 max,สำหรับผู้ชายและผู้หญิง, นาฬิกาสปอร์ต, หน้าจอสัมผัส HD 2.01"",IP67 กันน้ำ, ตรวจสอบร่างกาย 24 ชั่วโมง, รองรับการแจ้งเตือนข้อมูล โทรผ่านบลูทูธ วัดอัตราการเต้นหัวใจ จำนวนก้าว และฟังก์ชันอื่นๆ  เข้ากันได้กับ Android และ iOS","https://www.lazada.co.th/products/pdp-i16216372294.html","5"
"1791088629-194","https://www.lazada.co.th/tag/%E0%B8%99%E0%B8%B2%E0%B8%AC%E0%B8%B4%E0%B8%81%E0%B8%B2-galaxy-watch-8/?_keyori=ss&catalog_redirect_tag=true&from=search_history&page=5&q=%E0%B8%99%E0%B8%B2%E0%B8%AC%E0%B8%B4%E0%B8%81%E0%B8%B2%20galaxy%20watch%208&spm=a2o4m.pdp_revamp.search.2.94932546MCRbxX&sugg=%E0%B8%99%E0%B8%B2%E0%B8%AC%E0%B8%B4%E0%B8%81%E0%B8%B2%20galaxy%20watch%208_0_1","","สมาร์ทวอทช์ AI รุ่นผู้สูงอายุ Bluetooth Gps Smartwatch เครื่องวัดสุขภาพ การจัดการฟิตเนส ใช้ได้นาน รองรับหัวใจ นอนหลับ แจ้งเตือนเมื่อตก","฿433.90","สมาร์ทวอทช์ AI รุ่นผู้สูงอายุ Bluetooth Gps Smartwatch เครื่องวัดสุขภาพ การจัดการฟิตเนส ใช้ได้นาน รองรับหัวใจ นอนหลับ แจ้งเตือนเมื่อตก","https://www.lazada.co.th/products/pdp-i16213323586.html","5"
"1791088631-195","https://www.lazada.co.th/tag/%E0%B8%99%E0%B8%B2%E0%B8%AC%E0%B8%B4%E0%B8%81%E0%B8%B2-galaxy-watch-8/?_keyori=ss&catalog_redirect_tag=true&from=search_history&page=5&q=%E0%B8%99%E0%B8%B2%E0%B8%AC%E0%B8%B4%E0%B8%81%E0%B8%B2%20galaxy%20watch%208&spm=a2o4m.pdp_revamp.search.2.94932546MCRbxX&sugg=%E0%B8%99%E0%B8%B2%E0%B8%AC%E0%B8%B4%E0%B8%81%E0%B8%B2%20galaxy%20watch%208_0_1","","Samsung Smart Watch สมาร์ทวอทช์ รองรับภาษาไทย นาฬิกาสมาร์ทวอทช์ สัมผัสได้เต็มจอ นาฬิกาsport นาฬิกากันน้ำ COD รองรับ iOS และ Android ฟังก์ชั่นครบครัน","฿267.00","Samsung Smart Watch สมาร์ทวอทช์ รองรับภาษาไทย นาฬิกาสมาร์ทวอทช์ สัมผัสได้เต็มจอ นาฬิกาsport นาฬิกากันน้ำ COD รองรับ iOS และ Android ฟังก์ชั่นครบครัน","https://www.lazada.co.th/products/pdp-i5950187527.html","4.8"
"1791088633-196","https://www.lazada.co.th/tag/%E0%B8%99%E0%B8%B2%E0%B8%AC%E0%B8%B4%E0%B8%81%E0%B8%B2-galaxy-watch-8/?_keyori=ss&catalog_redirect_tag=true&from=search_history&page=5&q=%E0%B8%99%E0%B8%B2%E0%B8%AC%E0%B8%B4%E0%B8%81%E0%B8%B2%20galaxy%20watch%208&spm=a2o4m.pdp_revamp.search.2.94932546MCRbxX&sugg=%E0%B8%99%E0%B8%B2%E0%B8%AC%E0%B8%B4%E0%B8%81%E0%B8%B2%20galaxy%20watch%208_0_1","","SPIGEN เคสสำหรับ Galaxy Watch 9 / 8 [Thin Fit 360] Waterproof Design for Complete Protection / เคส Galaxy Watch 9 / 8","฿531.00","SPIGEN เคสสำหรับ Galaxy Watch 9 / 8 [Thin Fit 360] Waterproof Design for Complete Protection / เคส Galaxy Watch 9 / 8","https://www.lazada.co.th/products/pdp-i16215138320.html","5"
"1791088636-197","https://www.lazada.co.th/tag/%E0%B8%99%E0%B8%B2%E0%B8%AC%E0%B8%B4%E0%B8%81%E0%B8%B2-galaxy-watch-8/?_keyori=ss&catalog_redirect_tag=true&from=search_history&page=5&q=%E0%B8%99%E0%B8%B2%E0%B8%AC%E0%B8%B4%E0%B8%81%E0%B8%B2%20galaxy%20watch%208&spm=a2o4m.pdp_revamp.search.2.94932546MCRbxX&sugg=%E0%B8%99%E0%B8%B2%E0%B8%AC%E0%B8%B4%E0%B8%81%E0%B8%B2%20galaxy%20watch%208_0_1","","Samsung สมาร์ทวอทช์แท้ นาฬิกาโทรศัพท์ สมาร์ทวอทช์ โหมดออกกำลังกายหลายโหมด ควบคุมเพลง รองรับ Android IOS นาฬิกาสมาร์ทวอช ผู้ชาย","฿377.40","Samsung สมาร์ทวอทช์แท้ นาฬิกาโทรศัพท์ สมาร์ทวอทช์ โหมดออกกำลังกายหลายโหมด ควบคุมเพลง รองรับ Android IOS นาฬิกาสมาร์ทวอช ผู้ชาย","https://www.lazada.co.th/products/pdp-i5663696038.html","4.5"
"1791088638-198","https://www.lazada.co.th/tag/%E0%B8%99%E0%B8%B2%E0%B8%AC%E0%B8%B4%E0%B8%81%E0%B8%B2-galaxy-watch-8/?_keyori=ss&catalog_redirect_tag=true&from=search_history&page=5&q=%E0%B8%99%E0%B8%B2%E0%B8%AC%E0%B8%B4%E0%B8%81%E0%B8%B2%20galaxy%20watch%208&spm=a2o4m.pdp_revamp.search.2.94932546MCRbxX&sugg=%E0%B8%99%E0%B8%B2%E0%B8%AC%E0%B8%B4%E0%B8%81%E0%B8%B2%20galaxy%20watch%208_0_1","","Samsung  สมาร์ทวอทช์ 2024 Smart watch นาฬิกาสปอร์ตวัดสุขภาพแบบเรียลไทม์ รองรับภาษาไทย จอทัสกรีน IOS Android","฿349.19","Samsung  สมาร์ทวอทช์ 2024 Smart watch นาฬิกาสปอร์ตวัดสุขภาพแบบเรียลไทม์ รองรับภาษาไทย จอทัสกรีน IOS Android","https://www.lazada.co.th/products/pdp-i5275898751.html","4.8"
"1791088640-199","https://www.lazada.co.th/tag/%E0%B8%99%E0%B8%B2%E0%B8%AC%E0%B8%B4%E0%B8%81%E0%B8%B2-galaxy-watch-8/?_keyori=ss&catalog_redirect_tag=true&from=search_history&page=5&q=%E0%B8%99%E0%B8%B2%E0%B8%AC%E0%B8%B4%E0%B8%81%E0%B8%B2%20galaxy%20watch%208&spm=a2o4m.pdp_revamp.search.2.94932546MCRbxX&sugg=%E0%B8%99%E0%B8%B2%E0%B8%AC%E0%B8%B4%E0%B8%81%E0%B8%B2%20galaxy%20watch%208_0_1","","9.9 ลดราคา สายรัดข้อมือไนลอนยืดหยุ่นสำหรับ Samsung Galaxy Watch 9/8 ขนาด 40mm 44mm สายรัดสำหรับผู้หญิง ปรับขนาดได้ สร้อยข้อมือสำหรับ Galaxy Watch 8 Classic ขนาด 46mm","฿84.00","9.9 ลดราคา สายรัดข้อมือไนลอนยืดหยุ่นสำหรับ Samsung Galaxy Watch 9/8 ขนาด 40mm 44mm สายรัดสำหรับผู้หญิง ปรับขนาดได้ สร้อยข้อมือสำหรับ Galaxy Watch 8 Classic ขนาด 46mm","https://www.lazada.co.th/products/pdp-i5856726999.html","5"
"1791088642-200","https://www.lazada.co.th/tag/%E0%B8%99%E0%B8%B2%E0%B8%AC%E0%B8%B4%E0%B8%81%E0%B8%B2-galaxy-watch-8/?_keyori=ss&catalog_redirect_tag=true&from=search_history&page=5&q=%E0%B8%99%E0%B8%B2%E0%B8%AC%E0%B8%B4%E0%B8%81%E0%B8%B2%20galaxy%20watch%208&spm=a2o4m.pdp_revamp.search.2.94932546MCRbxX&sugg=%E0%B8%99%E0%B8%B2%E0%B8%AC%E0%B8%B4%E0%B8%81%E0%B8%B2%20galaxy%20watch%208_0_1","","【รับประกัน 1 ปี】ของแท้100% 2025 ใหม่ Sansumg Galaxy Watch 5 Pro 1.39"" AMOLED GPS IP68 สมาร์ทวอทช์ รองรับภาษาไทย นาฬิกาสมาร์ทวอทช์ สัมผัสได้เต็มจอ นาฬิกา sport สมาร์ทวอทช์ จอสัมผัสกันน้ำนาฬิกาออกกำวัดชีพจรนาฬิกานับก้าวการตรวจสอบกีฬานาฬิกา จัดส่งฟรี","฿1,320.92","【รับประกัน 1 ปี】ของแท้100% 2025 ใหม่ Sansumg Galaxy Watch 5 Pro 1.39"" AMOLED GPS IP68 สมาร์ทวอทช์ รองรับภาษาไทย นาฬิกาสมาร์ทวอทช์ สัมผัสได้เต็มจอ นาฬิกา sport สมาร์ทวอทช์ จอสัมผัสกันน้ำนาฬิกาออกกำวัดชีพจรนาฬิกานับก้าวการตรวจสอบกีฬานาฬิกา จัดส่งฟรี","https://www.lazada.co.th/products/pdp-i5309222101.html","4.8"
