web_scraper_order,web_scraper_start_url,pagination,ชื่อรุ่น,ราคา,item_page_title,item_page_link,rating_score
"1791086607-1","https://www.lazada.co.th/tag/%E0%B8%99%E0%B8%B2%E0%B8%AC%E0%B8%B4%E0%B8%81%E0%B8%B2-galaxy-watch-7/?_keyori=ss&catalog_redirect_tag=true&from=search_history&page=5&q=%E0%B8%99%E0%B8%B2%E0%B8%AC%E0%B8%B4%E0%B8%81%E0%B8%B2%20galaxy%20watch%207&spm=a2o4m.tm80189098.search.2.f254oG8doG8dKq&sugg=%E0%B8%99%E0%B8%B2%E0%B8%AC%E0%B8%B4%E0%B8%81%E0%B8%B2%20galaxy%20watch%207_0_1","","T500Ultra สมาร์ทวอทช์พร้อมระบบติดตามการออกกำลังกายเครื่องวัดชีพจรและการควบคุมกล้องระยะไกล","฿115.00","T500Ultra สมาร์ทวอทช์พร้อมระบบติดตามการออกกำลังกายเครื่องวัดชีพจรและการควบคุมกล้องระยะไกล","https://www.lazada.co.th/products/pdp-i5773645545.html","4.6"
"1791086609-2","https://www.lazada.co.th/tag/%E0%B8%99%E0%B8%B2%E0%B8%AC%E0%B8%B4%E0%B8%81%E0%B8%B2-galaxy-watch-7/?_keyori=ss&catalog_redirect_tag=true&from=search_history&page=5&q=%E0%B8%99%E0%B8%B2%E0%B8%AC%E0%B8%B4%E0%B8%81%E0%B8%B2%20galaxy%20watch%207&spm=a2o4m.tm80189098.search.2.f254oG8doG8dKq&sugg=%E0%B8%99%E0%B8%B2%E0%B8%AC%E0%B8%B4%E0%B8%81%E0%B8%B2%20galaxy%20watch%207_0_1","","นาฬิกาสมาร์ทวอทช์ รุ่นใหม่ H19 สำหรับผู้ชาย แบบทนทาน พร้อมไฟฉายในตัว หน้าจอใหญ่ 2.01 นิ้วความละเอียดสูง โทรผ่านบลูทูธ","฿349.00","นาฬิกาสมาร์ทวอทช์ รุ่นใหม่ H19 สำหรับผู้ชาย แบบทนทาน พร้อมไฟฉายในตัว หน้าจอใหญ่ 2.01 นิ้วความละเอียดสูง โทรผ่านบลูทูธ","https://www.lazada.co.th/products/pdp-i16125457387.html","4.6"
"1791086611-3","https://www.lazada.co.th/tag/%E0%B8%99%E0%B8%B2%E0%B8%AC%E0%B8%B4%E0%B8%81%E0%B8%B2-galaxy-watch-7/?_keyori=ss&catalog_redirect_tag=true&from=search_history&page=5&q=%E0%B8%99%E0%B8%B2%E0%B8%AC%E0%B8%B4%E0%B8%81%E0%B8%B2%20galaxy%20watch%207&spm=a2o4m.tm80189098.search.2.f254oG8doG8dKq&sugg=%E0%B8%99%E0%B8%B2%E0%B8%AC%E0%B8%B4%E0%B8%81%E0%B8%B2%20galaxy%20watch%207_0_1","","Samsung ใหม่ล่าสุด รองรับ นาฬิกา smart watch 2024 นาฬิกาออกกำลังกายหน้าจอสัมผัสกันน้ำ IP68 นาฬิกากันน้ำ ใช้ได้กับระบบ การแจ้งเตือนข้อความโทรผ่านบลูทูธ การนับขั้นตอนการออกกำลังกาย Android ios รับประกัน1ปี","฿212.04","Samsung ใหม่ล่าสุด รองรับ นาฬิกา smart watch 2024 นาฬิกาออกกำลังกายหน้าจอสัมผัสกันน้ำ IP68 นาฬิกากันน้ำ ใช้ได้กับระบบ การแจ้งเตือนข้อความโทรผ่านบลูทูธ การนับขั้นตอนการออกกำลังกาย Android ios รับประกัน1ปี","https://www.lazada.co.th/products/pdp-i5792756464.html","4.8"
"1791086613-4","https://www.lazada.co.th/tag/%E0%B8%99%E0%B8%B2%E0%B8%AC%E0%B8%B4%E0%B8%81%E0%B8%B2-galaxy-watch-7/?_keyori=ss&catalog_redirect_tag=true&from=search_history&page=5&q=%E0%B8%99%E0%B8%B2%E0%B8%AC%E0%B8%B4%E0%B8%81%E0%B8%B2%20galaxy%20watch%207&spm=a2o4m.tm80189098.search.2.f254oG8doG8dKq&sugg=%E0%B8%99%E0%B8%B2%E0%B8%AC%E0%B8%B4%E0%B8%81%E0%B8%B2%20galaxy%20watch%207_0_1","","นาฬิกาสมาร์ทwatch smartwatch นาฬิกาออกกำลังกาย วัดความดันโลหิต วัดแคลอรี่ IP67 กันน้ำ โหมดกีฬาที่หลากหลาย หน้าจอสัมผัส รองรับ Android IOS","฿709.09","นาฬิกาสมาร์ทwatch smartwatch นาฬิกาออกกำลังกาย วัดความดันโลหิต วัดแคลอรี่ IP67 กันน้ำ โหมดกีฬาที่หลากหลาย หน้าจอสัมผัส รองรับ Android IOS","https://www.lazada.co.th/products/pdp-i4894292894.html","5"
"1791086616-5","https://www.lazada.co.th/tag/%E0%B8%99%E0%B8%B2%E0%B8%AC%E0%B8%B4%E0%B8%81%E0%B8%B2-galaxy-watch-7/?_keyori=ss&catalog_redirect_tag=true&from=search_history&page=5&q=%E0%B8%99%E0%B8%B2%E0%B8%AC%E0%B8%B4%E0%B8%81%E0%B8%B2%20galaxy%20watch%207&spm=a2o4m.tm80189098.search.2.f254oG8doG8dKq&sugg=%E0%B8%99%E0%B8%B2%E0%B8%AC%E0%B8%B4%E0%B8%81%E0%B8%B2%20galaxy%20watch%207_0_1","","【COD】นาฬิกาสมาร์ทวอทช์ S10 Pro Max หน้าจอเต็ม 2.3 นิ้ว กันน้ำระดับ IP68 โทรออกและเปลี่ยนวอลเปเปอร์ได้ วัดอัตราการเต้นของหัวใจ ความดันโลหิต นาฬิกาสมาร์ทวอทช์","฿375.46","【COD】นาฬิกาสมาร์ทวอทช์ S10 Pro Max หน้าจอเต็ม 2.3 นิ้ว กันน้ำระดับ IP68 โทรออกและเปลี่ยนวอลเปเปอร์ได้ วัดอัตราการเต้นของหัวใจ ความดันโลหิต นาฬิกาสมาร์ทวอทช์","https://www.lazada.co.th/products/pdp-i5875948584.html","4.8"
"1791086618-6","https://www.lazada.co.th/tag/%E0%B8%99%E0%B8%B2%E0%B8%AC%E0%B8%B4%E0%B8%81%E0%B8%B2-galaxy-watch-7/?_keyori=ss&catalog_redirect_tag=true&from=search_history&page=5&q=%E0%B8%99%E0%B8%B2%E0%B8%AC%E0%B8%B4%E0%B8%81%E0%B8%B2%20galaxy%20watch%207&spm=a2o4m.tm80189098.search.2.f254oG8doG8dKq&sugg=%E0%B8%99%E0%B8%B2%E0%B8%AC%E0%B8%B4%E0%B8%81%E0%B8%B2%20galaxy%20watch%207_0_1","","สมาร์ทวอทช์ 2026, โทรผ่านบลูทูธ, หน้าจอสัมผัส 2.01นิ้ว,ตรวจสอบร่างกาย 24 ชั่วโมง,ติดตามการออกกำลังกาย, แจ้งเตือนข้อมูล, กันน้ำ, สไตล์ทหาร,เข้ากันได้กับ Android และ iOS","฿388.10","สมาร์ทวอทช์ 2026, โทรผ่านบลูทูธ, หน้าจอสัมผัส 2.01นิ้ว,ตรวจสอบร่างกาย 24 ชั่วโมง,ติดตามการออกกำลังกาย, แจ้งเตือนข้อมูล, กันน้ำ, สไตล์ทหาร,เข้ากันได้กับ Android และ iOS","https://www.lazada.co.th/products/pdp-i16245952142.html","5"
"1791086620-7","https://www.lazada.co.th/tag/%E0%B8%99%E0%B8%B2%E0%B8%AC%E0%B8%B4%E0%B8%81%E0%B8%B2-galaxy-watch-7/?_keyori=ss&catalog_redirect_tag=true&from=search_history&page=5&q=%E0%B8%99%E0%B8%B2%E0%B8%AC%E0%B8%B4%E0%B8%81%E0%B8%B2%20galaxy%20watch%207&spm=a2o4m.tm80189098.search.2.f254oG8doG8dKq&sugg=%E0%B8%99%E0%B8%B2%E0%B8%AC%E0%B8%B4%E0%B8%81%E0%B8%B2%20galaxy%20watch%207_0_1","","สมาร์ทวอทช์, สำหรับน้ำตาลในเลือด, ความดันโลหิตและการตรวจสอบออกซิเจนในเลือด, กันน้ำ, เหมาะสำหรับการเล่นกีฬาและฟิตเนส, สำหรับผู้ชายและผู้หญิง","฿582.64","สมาร์ทวอทช์, สำหรับน้ำตาลในเลือด, ความดันโลหิตและการตรวจสอบออกซิเจนในเลือด, กันน้ำ, เหมาะสำหรับการเล่นกีฬาและฟิตเนส, สำหรับผู้ชายและผู้หญิง","https://www.lazada.co.th/products/pdp-i16246973580.html","4.8"
"1791086622-8","https://www.lazada.co.th/tag/%E0%B8%99%E0%B8%B2%E0%B8%AC%E0%B8%B4%E0%B8%81%E0%B8%B2-galaxy-watch-7/?_keyori=ss&catalog_redirect_tag=true&from=search_history&page=5&q=%E0%B8%99%E0%B8%B2%E0%B8%AC%E0%B8%B4%E0%B8%81%E0%B8%B2%20galaxy%20watch%207&spm=a2o4m.tm80189098.search.2.f254oG8doG8dKq&sugg=%E0%B8%99%E0%B8%B2%E0%B8%AC%E0%B8%B4%E0%B8%81%E0%B8%B2%20galaxy%20watch%207_0_1","","Samsung Smart Watch นาฬิกาอัจฉริยะพร้อมสั่งซื้อ หน้าจอ 1.85 นิ้วโทรออกและรับสาย IP67 นาฬิกากันน้ำสำหรับ IOS Android Smart Watch","฿375.46","Samsung Smart Watch นาฬิกาอัจฉริยะพร้อมสั่งซื้อ หน้าจอ 1.85 นิ้วโทรออกและรับสาย IP67 นาฬิกากันน้ำสำหรับ IOS Android Smart Watch","https://www.lazada.co.th/products/pdp-i5792682581.html","4.7"
"1791086624-9","https://www.lazada.co.th/tag/%E0%B8%99%E0%B8%B2%E0%B8%AC%E0%B8%B4%E0%B8%81%E0%B8%B2-galaxy-watch-7/?_keyori=ss&catalog_redirect_tag=true&from=search_history&page=5&q=%E0%B8%99%E0%B8%B2%E0%B8%AC%E0%B8%B4%E0%B8%81%E0%B8%B2%20galaxy%20watch%207&spm=a2o4m.tm80189098.search.2.f254oG8doG8dKq&sugg=%E0%B8%99%E0%B8%B2%E0%B8%AC%E0%B8%B4%E0%B8%81%E0%B8%B2%20galaxy%20watch%207_0_1","","Samsung นาฬิกา smart watch แท้ สมาร์ทวอทช์ แท้ สมาทวอชของแท้2024 รองรับการโทรด้วยบลูทูธ การแจ้งเตือนข้อความ, การนับก้าวการออกกำลังกาย IP67 นาฬิกากันน้ำ ใช้ได้กับระบบ Android ios","฿382.27","Samsung นาฬิกา smart watch แท้ สมาร์ทวอทช์ แท้ สมาทวอชของแท้2024 รองรับการโทรด้วยบลูทูธ การแจ้งเตือนข้อความ, การนับก้าวการออกกำลังกาย IP67 นาฬิกากันน้ำ ใช้ได้กับระบบ Android ios","https://www.lazada.co.th/products/pdp-i4093003411.html","4.8"
"1791086626-10","https://www.lazada.co.th/tag/%E0%B8%99%E0%B8%B2%E0%B8%AC%E0%B8%B4%E0%B8%81%E0%B8%B2-galaxy-watch-7/?_keyori=ss&catalog_redirect_tag=true&from=search_history&page=5&q=%E0%B8%99%E0%B8%B2%E0%B8%AC%E0%B8%B4%E0%B8%81%E0%B8%B2%20galaxy%20watch%207&spm=a2o4m.tm80189098.search.2.f254oG8doG8dKq&sugg=%E0%B8%99%E0%B8%B2%E0%B8%AC%E0%B8%B4%E0%B8%81%E0%B8%B2%20galaxy%20watch%207_0_1","","Samsung ใหม่ล่าสุด รองรับ นาฬิกา smart watch นาฬิกาสมาร์ทส นาฬิกาออกกำลังกายหน้าจอสัมผัสกันน้ำ IP67 นาฬิกากันน้ำ หน้าจอสัมผัสแบบเต็มรองรับการโทรผ่าน Bluetooth ใช้ได้กับระบบ Android ios","฿388.10","Samsung ใหม่ล่าสุด รองรับ นาฬิกา smart watch นาฬิกาสมาร์ทส นาฬิกาออกกำลังกายหน้าจอสัมผัสกันน้ำ IP67 นาฬิกากันน้ำ หน้าจอสัมผัสแบบเต็มรองรับการโทรผ่าน Bluetooth ใช้ได้กับระบบ Android ios","https://www.lazada.co.th/products/pdp-i5555809577.html","4.8"
"1791086628-11","https://www.lazada.co.th/tag/%E0%B8%99%E0%B8%B2%E0%B8%AC%E0%B8%B4%E0%B8%81%E0%B8%B2-galaxy-watch-7/?_keyori=ss&catalog_redirect_tag=true&from=search_history&page=5&q=%E0%B8%99%E0%B8%B2%E0%B8%AC%E0%B8%B4%E0%B8%81%E0%B8%B2%20galaxy%20watch%207&spm=a2o4m.tm80189098.search.2.f254oG8doG8dKq&sugg=%E0%B8%99%E0%B8%B2%E0%B8%AC%E0%B8%B4%E0%B8%81%E0%B8%B2%20galaxy%20watch%207_0_1","","สมาร์ทวอทช์ T900 U2 สำหรับผู้ชายและผู้หญิง, การโทรด้วยบลูทูธ, การชาร์จแบบไร้สาย, NFC, แทร็ก GPS, BT, เพลง, เกม, มาใหม่, ขนาด 49 มม., 2525","฿154.00","สมาร์ทวอทช์ T900 U2 สำหรับผู้ชายและผู้หญิง, การโทรด้วยบลูทูธ, การชาร์จแบบไร้สาย, NFC, แทร็ก GPS, BT, เพลง, เกม, มาใหม่, ขนาด 49 มม., 2525","https://www.lazada.co.th/products/pdp-i6044830662.html","4.7"
"1791086631-12","https://www.lazada.co.th/tag/%E0%B8%99%E0%B8%B2%E0%B8%AC%E0%B8%B4%E0%B8%81%E0%B8%B2-galaxy-watch-7/?_keyori=ss&catalog_redirect_tag=true&from=search_history&page=5&q=%E0%B8%99%E0%B8%B2%E0%B8%AC%E0%B8%B4%E0%B8%81%E0%B8%B2%20galaxy%20watch%207&spm=a2o4m.tm80189098.search.2.f254oG8doG8dKq&sugg=%E0%B8%99%E0%B8%B2%E0%B8%AC%E0%B8%B4%E0%B8%81%E0%B8%B2%20galaxy%20watch%207_0_1","","（ระบบไทย）smart watch ZL02 สมาร์ทวอทช์บลูทูธ เมนูภาษาไทย สมาร์ทวอทช์กีฬากันน้ำ","฿611.82","（ระบบไทย）smart watch ZL02 สมาร์ทวอทช์บลูทูธ เมนูภาษาไทย สมาร์ทวอทช์กีฬากันน้ำ","https://www.lazada.co.th/products/pdp-i4740835946.html","4.9"
"1791086633-13","https://www.lazada.co.th/tag/%E0%B8%99%E0%B8%B2%E0%B8%AC%E0%B8%B4%E0%B8%81%E0%B8%B2-galaxy-watch-7/?_keyori=ss&catalog_redirect_tag=true&from=search_history&page=5&q=%E0%B8%99%E0%B8%B2%E0%B8%AC%E0%B8%B4%E0%B8%81%E0%B8%B2%20galaxy%20watch%207&spm=a2o4m.tm80189098.search.2.f254oG8doG8dKq&sugg=%E0%B8%99%E0%B8%B2%E0%B8%AC%E0%B8%B4%E0%B8%81%E0%B8%B2%20galaxy%20watch%207_0_1","","Samsung สมาร์ทวอทช์ Smart watch ไทยนาฬิกาสมาร์ทวอทช์ 1.92 นิ้วกันน้ํา IP67สำหรับ Android IOS ส่งสายนาฬิกา รับประกันหนึ่งปี","฿388.10","Samsung สมาร์ทวอทช์ Smart watch ไทยนาฬิกาสมาร์ทวอทช์ 1.92 นิ้วกันน้ํา IP67สำหรับ Android IOS ส่งสายนาฬิกา รับประกันหนึ่งปี","https://www.lazada.co.th/products/pdp-i5276005050.html","4.6"
"1791086635-14","https://www.lazada.co.th/tag/%E0%B8%99%E0%B8%B2%E0%B8%AC%E0%B8%B4%E0%B8%81%E0%B8%B2-galaxy-watch-7/?_keyori=ss&catalog_redirect_tag=true&from=search_history&page=5&q=%E0%B8%99%E0%B8%B2%E0%B8%AC%E0%B8%B4%E0%B8%81%E0%B8%B2%20galaxy%20watch%207&spm=a2o4m.tm80189098.search.2.f254oG8doG8dKq&sugg=%E0%B8%99%E0%B8%B2%E0%B8%AC%E0%B8%B4%E0%B8%81%E0%B8%B2%20galaxy%20watch%207_0_1","","【รับประกัน 1 ปี】ของแท้100% 2025 ใหม่ Sansumg Galaxy Watch 5 Pro 1.39"" AMOLED GPS IP68 สมาร์ทวอทช์ รองรับภาษาไทย นาฬิกาสมาร์ทวอทช์ สัมผัสได้เต็มจอ นาฬิกา sport สมาร์ทวอทช์ จอสัมผัสกันน้ำนาฬิกาออกกำวัดชีพจรนาฬิกานับก้าวการตรวจสอบกีฬานาฬิกา จัดส่งฟรี","฿1,320.92","【รับประกัน 1 ปี】ของแท้100% 2025 ใหม่ Sansumg Galaxy Watch 5 Pro 1.39"" AMOLED GPS IP68 สมาร์ทวอทช์ รองรับภาษาไทย นาฬิกาสมาร์ทวอทช์ สัมผัสได้เต็มจอ นาฬิกา sport สมาร์ทวอทช์ จอสัมผัสกันน้ำนาฬิกาออกกำวัดชีพจรนาฬิกานับก้าวการตรวจสอบกีฬานาฬิกา จัดส่งฟรี","https://www.lazada.co.th/products/pdp-i5309222101.html","4.8"
"1791086637-15","https://www.lazada.co.th/tag/%E0%B8%99%E0%B8%B2%E0%B8%AC%E0%B8%B4%E0%B8%81%E0%B8%B2-galaxy-watch-7/?_keyori=ss&catalog_redirect_tag=true&from=search_history&page=5&q=%E0%B8%99%E0%B8%B2%E0%B8%AC%E0%B8%B4%E0%B8%81%E0%B8%B2%20galaxy%20watch%207&spm=a2o4m.tm80189098.search.2.f254oG8doG8dKq&sugg=%E0%B8%99%E0%B8%B2%E0%B8%AC%E0%B8%B4%E0%B8%81%E0%B8%B2%20galaxy%20watch%207_0_1","","รวม นาฬิกา Galaxy Watch Series | Watch Ultra | Watch 7 | Watch 8 series สมาร์ทวอทช์ LTE Bluetooth ศูนย์ไทย SixteenPhone","฿6,880.00","รวม นาฬิกา Galaxy Watch Series | Watch Ultra | Watch 7 | Watch 8 series สมาร์ทวอทช์ LTE Bluetooth ศูนย์ไทย SixteenPhone","https://www.lazada.co.th/products/pdp-i5807184585.html","5"
"1791086639-16","https://www.lazada.co.th/tag/%E0%B8%99%E0%B8%B2%E0%B8%AC%E0%B8%B4%E0%B8%81%E0%B8%B2-galaxy-watch-7/?_keyori=ss&catalog_redirect_tag=true&from=search_history&page=5&q=%E0%B8%99%E0%B8%B2%E0%B8%AC%E0%B8%B4%E0%B8%81%E0%B8%B2%20galaxy%20watch%207&spm=a2o4m.tm80189098.search.2.f254oG8doG8dKq&sugg=%E0%B8%99%E0%B8%B2%E0%B8%AC%E0%B8%B4%E0%B8%81%E0%B8%B2%20galaxy%20watch%207_0_1","","สมาร์ทวอทช์ นาฬิกาบลูทูธ เครื่องวัดอัตราการเต้นของหัวใจ เครื่องนับก้าว เครื่องวัดความดัน กันน้ำ นาฬิกากีฬา จอทัสกรีน นาฬิกา นาฬิกาสำหรับใส่ออกกำลังกาย นาฬิกาสมาร์ทวอทช์ ใช้ได้กับ Androidและios Bluetooth Full Touch Screen Sport Fitness Smart Watch Sansumg","฿430.00","สมาร์ทวอทช์ นาฬิกาบลูทูธ เครื่องวัดอัตราการเต้นของหัวใจ เครื่องนับก้าว เครื่องวัดความดัน กันน้ำ นาฬิกากีฬา จอทัสกรีน นาฬิกา นาฬิกาสำหรับใส่ออกกำลังกาย นาฬิกาสมาร์ทวอทช์ ใช้ได้กับ Androidและios Bluetooth Full Touch Screen Sport Fitness Smart Watch Sansumg","https://www.lazada.co.th/products/pdp-i4063955182.html","4.9"
"1791086641-17","https://www.lazada.co.th/tag/%E0%B8%99%E0%B8%B2%E0%B8%AC%E0%B8%B4%E0%B8%81%E0%B8%B2-galaxy-watch-7/?_keyori=ss&catalog_redirect_tag=true&from=search_history&page=5&q=%E0%B8%99%E0%B8%B2%E0%B8%AC%E0%B8%B4%E0%B8%81%E0%B8%B2%20galaxy%20watch%207&spm=a2o4m.tm80189098.search.2.f254oG8doG8dKq&sugg=%E0%B8%99%E0%B8%B2%E0%B8%AC%E0%B8%B4%E0%B8%81%E0%B8%B2%20galaxy%20watch%207_0_1","","PureHealth Life Hr6 nano หน้าจอ amoled     รับสายโทรออก พร้อมระบบ SOS","฿2,890.00","PureHealth Life Hr6 nano หน้าจอ amoled     รับสายโทรออก พร้อมระบบ SOS","https://www.lazada.co.th/products/pdp-i16115161893.html","4.9"
"1791086644-18","https://www.lazada.co.th/tag/%E0%B8%99%E0%B8%B2%E0%B8%AC%E0%B8%B4%E0%B8%81%E0%B8%B2-galaxy-watch-7/?_keyori=ss&catalog_redirect_tag=true&from=search_history&page=5&q=%E0%B8%99%E0%B8%B2%E0%B8%AC%E0%B8%B4%E0%B8%81%E0%B8%B2%20galaxy%20watch%207&spm=a2o4m.tm80189098.search.2.f254oG8doG8dKq&sugg=%E0%B8%99%E0%B8%B2%E0%B8%AC%E0%B8%B4%E0%B8%81%E0%B8%B2%20galaxy%20watch%207_0_1","","Samsung ใหม่ สมาร์ทวอทช์ นาฬิกาสมาร์ทwatch นาฬิกา smart watch แท้  กีฬาฟิตเนสนาฬิกาสนับสนุน กันน้ำ รองรับ Android iOS","฿670.19","Samsung ใหม่ สมาร์ทวอทช์ นาฬิกาสมาร์ทwatch นาฬิกา smart watch แท้  กีฬาฟิตเนสนาฬิกาสนับสนุน กันน้ำ รองรับ Android iOS","https://www.lazada.co.th/products/pdp-i4762939681.html","4.9"
"1791086646-19","https://www.lazada.co.th/tag/%E0%B8%99%E0%B8%B2%E0%B8%AC%E0%B8%B4%E0%B8%81%E0%B8%B2-galaxy-watch-7/?_keyori=ss&catalog_redirect_tag=true&from=search_history&page=5&q=%E0%B8%99%E0%B8%B2%E0%B8%AC%E0%B8%B4%E0%B8%81%E0%B8%B2%20galaxy%20watch%207&spm=a2o4m.tm80189098.search.2.f254oG8doG8dKq&sugg=%E0%B8%99%E0%B8%B2%E0%B8%AC%E0%B8%B4%E0%B8%81%E0%B8%B2%20galaxy%20watch%207_0_1","","นาฬิกาสตรีมมิ่ง S7 ULTRA รุ่นใหม่ปี จอขนาด 1.53 นิ้ว ฟังก์ชันหลากหลาย ติดตามการออกกำลังกายและสุขภาพ","฿299.00","นาฬิกาสตรีมมิ่ง S7 ULTRA รุ่นใหม่ปี จอขนาด 1.53 นิ้ว ฟังก์ชันหลากหลาย ติดตามการออกกำลังกายและสุขภาพ","https://www.lazada.co.th/products/pdp-i16125800479.html","4.5"
"1791086648-20","https://www.lazada.co.th/tag/%E0%B8%99%E0%B8%B2%E0%B8%AC%E0%B8%B4%E0%B8%81%E0%B8%B2-galaxy-watch-7/?_keyori=ss&catalog_redirect_tag=true&from=search_history&page=5&q=%E0%B8%99%E0%B8%B2%E0%B8%AC%E0%B8%B4%E0%B8%81%E0%B8%B2%20galaxy%20watch%207&spm=a2o4m.tm80189098.search.2.f254oG8doG8dKq&sugg=%E0%B8%99%E0%B8%B2%E0%B8%AC%E0%B8%B4%E0%B8%81%E0%B8%B2%20galaxy%20watch%207_0_1","","SmartWatch นาฬิกาอัจฉริยะ จอใหญ่ 1.83"" เมนูไทย กันน้ำ ออกกำลังกาย ของแท้ สมาร์ทวอทช์","฿199.00","SmartWatch นาฬิกาอัจฉริยะ จอใหญ่ 1.83"" เมนูไทย กันน้ำ ออกกำลังกาย ของแท้ สมาร์ทวอทช์","https://www.lazada.co.th/products/pdp-i16154235450.html","4.9"
"1791086650-21","https://www.lazada.co.th/tag/%E0%B8%99%E0%B8%B2%E0%B8%AC%E0%B8%B4%E0%B8%81%E0%B8%B2-galaxy-watch-7/?_keyori=ss&catalog_redirect_tag=true&from=search_history&page=5&q=%E0%B8%99%E0%B8%B2%E0%B8%AC%E0%B8%B4%E0%B8%81%E0%B8%B2%20galaxy%20watch%207&spm=a2o4m.tm80189098.search.2.f254oG8doG8dKq&sugg=%E0%B8%99%E0%B8%B2%E0%B8%AC%E0%B8%B4%E0%B8%81%E0%B8%B2%20galaxy%20watch%207_0_1","","GARMIN นาฬิกา smart watch แท้ ของแท้ สมาร์ทวอทช์ นาฬิกาสมาร์ทwatch สมาร์ทนาฬิกากีฬาฟิตเนสนาฬิกา ความดันโลหิตนาฬิกาสมาร์ทกันน้ำสำหรับ Android IOS","฿705.00","GARMIN นาฬิกา smart watch แท้ ของแท้ สมาร์ทวอทช์ นาฬิกาสมาร์ทwatch สมาร์ทนาฬิกากีฬาฟิตเนสนาฬิกา ความดันโลหิตนาฬิกาสมาร์ทกันน้ำสำหรับ Android IOS","https://www.lazada.co.th/products/pdp-i3035704089.html","4.8"
"1791086652-22","https://www.lazada.co.th/tag/%E0%B8%99%E0%B8%B2%E0%B8%AC%E0%B8%B4%E0%B8%81%E0%B8%B2-galaxy-watch-7/?_keyori=ss&catalog_redirect_tag=true&from=search_history&page=5&q=%E0%B8%99%E0%B8%B2%E0%B8%AC%E0%B8%B4%E0%B8%81%E0%B8%B2%20galaxy%20watch%207&spm=a2o4m.tm80189098.search.2.f254oG8doG8dKq&sugg=%E0%B8%99%E0%B8%B2%E0%B8%AC%E0%B8%B4%E0%B8%81%E0%B8%B2%20galaxy%20watch%207_0_1","","Smartwatch S7 สําหรับ samsung Galaxy WATCH Ultra 7 smart WATCH ไร้สายชาร์จ BT call สําหรับ man ผู้หญิงนาฬิกากันน้ํา","฿450.00","Smartwatch S7 สําหรับ samsung Galaxy WATCH Ultra 7 smart WATCH ไร้สายชาร์จ BT call สําหรับ man ผู้หญิงนาฬิกากันน้ํา","https://www.lazada.co.th/products/pdp-i5692682788.html","5"
"1791086654-23","https://www.lazada.co.th/tag/%E0%B8%99%E0%B8%B2%E0%B8%AC%E0%B8%B4%E0%B8%81%E0%B8%B2-galaxy-watch-7/?_keyori=ss&catalog_redirect_tag=true&from=search_history&page=5&q=%E0%B8%99%E0%B8%B2%E0%B8%AC%E0%B8%B4%E0%B8%81%E0%B8%B2%20galaxy%20watch%207&spm=a2o4m.tm80189098.search.2.f254oG8doG8dKq&sugg=%E0%B8%99%E0%B8%B2%E0%B8%AC%E0%B8%B4%E0%B8%81%E0%B8%B2%20galaxy%20watch%207_0_1","","GOOJODOQ 700mAh smartwatch 2.01 ""HD จอแสดงผลขนาดใหญ่ 24/7 การตรวจสอบสุขภาพ 3D Dynamic Cube UI การแจ้งเตือนอัจฉริยะและการโทร","฿592.00","GOOJODOQ 700mAh smartwatch 2.01 ""HD จอแสดงผลขนาดใหญ่ 24/7 การตรวจสอบสุขภาพ 3D Dynamic Cube UI การแจ้งเตือนอัจฉริยะและการโทร","https://www.lazada.co.th/products/pdp-i5989691488.html","4.9"
"1791086656-24","https://www.lazada.co.th/tag/%E0%B8%99%E0%B8%B2%E0%B8%AC%E0%B8%B4%E0%B8%81%E0%B8%B2-galaxy-watch-7/?_keyori=ss&catalog_redirect_tag=true&from=search_history&page=5&q=%E0%B8%99%E0%B8%B2%E0%B8%AC%E0%B8%B4%E0%B8%81%E0%B8%B2%20galaxy%20watch%207&spm=a2o4m.tm80189098.search.2.f254oG8doG8dKq&sugg=%E0%B8%99%E0%B8%B2%E0%B8%AC%E0%B8%B4%E0%B8%81%E0%B8%B2%20galaxy%20watch%207_0_1","","นาฬิกาอัจฉริยะ Galaxy Watch 7 รุ่นใหม่ ขนาด 44 มม. สำหรับผู้ชาย รองรับการผ่านบลูทูธ ตรวจสุขภาพ ฟิตเนส กีฬา วัดออกซิเจนในเลือด สมาร์ทวอทช์สำหรับผู้ชาย รองรับ Android และ IOS","฿1,047.45","นาฬิกาอัจฉริยะ Galaxy Watch 7 รุ่นใหม่ ขนาด 44 มม. สำหรับผู้ชาย รองรับการผ่านบลูทูธ ตรวจสุขภาพ ฟิตเนส กีฬา วัดออกซิเจนในเลือด สมาร์ทวอทช์สำหรับผู้ชาย รองรับ Android และ IOS","https://www.lazada.co.th/products/pdp-i16254515771.html",""
"1791086659-25","https://www.lazada.co.th/tag/%E0%B8%99%E0%B8%B2%E0%B8%AC%E0%B8%B4%E0%B8%81%E0%B8%B2-galaxy-watch-7/?_keyori=ss&catalog_redirect_tag=true&from=search_history&page=5&q=%E0%B8%99%E0%B8%B2%E0%B8%AC%E0%B8%B4%E0%B8%81%E0%B8%B2%20galaxy%20watch%207&spm=a2o4m.tm80189098.search.2.f254oG8doG8dKq&sugg=%E0%B8%99%E0%B8%B2%E0%B8%AC%E0%B8%B4%E0%B8%81%E0%B8%B2%20galaxy%20watch%207_0_1","","นาฬิกาอัจฉริยะ Galaxy Watch 7 รุ่นใหม่ ขนาด 44 มม. สำหรับผู้ชาย รองรับการผ่านบลูทูธ ตรวจสุขภาพ ฟิตเนส กีฬา วัดออกซิเจนในเลือด สมาร์ทวอทช์สำหรับผู้ชาย รองรับ Android และ IOS","฿1,045.21","นาฬิกาอัจฉริยะ Galaxy Watch 7 รุ่นใหม่ ขนาด 44 มม. สำหรับผู้ชาย รองรับการผ่านบลูทูธ ตรวจสุขภาพ ฟิตเนส กีฬา วัดออกซิเจนในเลือด สมาร์ทวอทช์สำหรับผู้ชาย รองรับ Android และ IOS","https://www.lazada.co.th/products/pdp-i16241422943.html",""
"1791086661-26","https://www.lazada.co.th/tag/%E0%B8%99%E0%B8%B2%E0%B8%AC%E0%B8%B4%E0%B8%81%E0%B8%B2-galaxy-watch-7/?_keyori=ss&catalog_redirect_tag=true&from=search_history&page=5&q=%E0%B8%99%E0%B8%B2%E0%B8%AC%E0%B8%B4%E0%B8%81%E0%B8%B2%20galaxy%20watch%207&spm=a2o4m.tm80189098.search.2.f254oG8doG8dKq&sugg=%E0%B8%99%E0%B8%B2%E0%B8%AC%E0%B8%B4%E0%B8%81%E0%B8%B2%20galaxy%20watch%207_0_1","","2025 นาฬิกาสมาร์ทวอทช์ Samsung Galaxy Watch 7 GPS ติดตามสำหรับผู้ชายและผู้หญิง Amoled แสดงผลตลอดเวลา นาฬิกาวัดอุณหภูมิร่างกาย BT สนทนา นาฬิกาสมาร์ทวอทช์ ผ่านบลูทูธ","฿1,159.17","2025 นาฬิกาสมาร์ทวอทช์ Samsung Galaxy Watch 7 GPS ติดตามสำหรับผู้ชายและผู้หญิง Amoled แสดงผลตลอดเวลา นาฬิกาวัดอุณหภูมิร่างกาย BT สนทนา นาฬิกาสมาร์ทวอทช์ ผ่านบลูทูธ","https://www.lazada.co.th/products/pdp-i16245424923.html",""
"1791086663-27","https://www.lazada.co.th/tag/%E0%B8%99%E0%B8%B2%E0%B8%AC%E0%B8%B4%E0%B8%81%E0%B8%B2-galaxy-watch-7/?_keyori=ss&catalog_redirect_tag=true&from=search_history&page=5&q=%E0%B8%99%E0%B8%B2%E0%B8%AC%E0%B8%B4%E0%B8%81%E0%B8%B2%20galaxy%20watch%207&spm=a2o4m.tm80189098.search.2.f254oG8doG8dKq&sugg=%E0%B8%99%E0%B8%B2%E0%B8%AC%E0%B8%B4%E0%B8%81%E0%B8%B2%20galaxy%20watch%207_0_1","","สมาร์ทวอทช์ Samsung Galaxy Watch 7 รุ่นปี 2025 พร้อมระบบติดตาม GPS สำหรับผู้ชายและผู้หญิง หน้าจอ AMOLED เปิดตลอดเวลา วัดอุณหภูมิร่างกาย รองรับการสนทนาผ่านบลูทูธ","฿826.39","สมาร์ทวอทช์ Samsung Galaxy Watch 7 รุ่นปี 2025 พร้อมระบบติดตาม GPS สำหรับผู้ชายและผู้หญิง หน้าจอ AMOLED เปิดตลอดเวลา วัดอุณหภูมิร่างกาย รองรับการสนทนาผ่านบลูทูธ","https://www.lazada.co.th/products/pdp-i16245878806.html",""
"1791086665-28","https://www.lazada.co.th/tag/%E0%B8%99%E0%B8%B2%E0%B8%AC%E0%B8%B4%E0%B8%81%E0%B8%B2-galaxy-watch-7/?_keyori=ss&catalog_redirect_tag=true&from=search_history&page=5&q=%E0%B8%99%E0%B8%B2%E0%B8%AC%E0%B8%B4%E0%B8%81%E0%B8%B2%20galaxy%20watch%207&spm=a2o4m.tm80189098.search.2.f254oG8doG8dKq&sugg=%E0%B8%99%E0%B8%B2%E0%B8%AC%E0%B8%B4%E0%B8%81%E0%B8%B2%20galaxy%20watch%207_0_1","","นาฬิกาอัจฉริยะ Galaxy Watch 7 ใหม่ ขนาด 44 มม. สำหรับผู้ชาย ผ่านบลูทูธ ตรวจสอบสุขภาพ ฟิตเนส กีฬา อัตราการเต้นของหัวใจ ออกซิเจนในเลือด สมาร์ทวอทช์ผู้ชาย Android IOS","฿579.21","นาฬิกาอัจฉริยะ Galaxy Watch 7 ใหม่ ขนาด 44 มม. สำหรับผู้ชาย ผ่านบลูทูธ ตรวจสอบสุขภาพ ฟิตเนส กีฬา อัตราการเต้นของหัวใจ ออกซิเจนในเลือด สมาร์ทวอทช์ผู้ชาย Android IOS","https://www.lazada.co.th/products/pdp-i16259576151.html",""
"1791086667-29","https://www.lazada.co.th/tag/%E0%B8%99%E0%B8%B2%E0%B8%AC%E0%B8%B4%E0%B8%81%E0%B8%B2-galaxy-watch-7/?_keyori=ss&catalog_redirect_tag=true&from=search_history&page=5&q=%E0%B8%99%E0%B8%B2%E0%B8%AC%E0%B8%B4%E0%B8%81%E0%B8%B2%20galaxy%20watch%207&spm=a2o4m.tm80189098.search.2.f254oG8doG8dKq&sugg=%E0%B8%99%E0%B8%B2%E0%B8%AC%E0%B8%B4%E0%B8%81%E0%B8%B2%20galaxy%20watch%207_0_1","","Galaxy Watch7 (40mm, BT) Smartwatch ประกันศูนย์","฿10,659.00","Galaxy Watch7 (40mm, BT) Smartwatch ประกันศูนย์","https://www.lazada.co.th/products/pdp-i5349827159.html",""
"1791086669-30","https://www.lazada.co.th/tag/%E0%B8%99%E0%B8%B2%E0%B8%AC%E0%B8%B4%E0%B8%81%E0%B8%B2-galaxy-watch-7/?_keyori=ss&catalog_redirect_tag=true&from=search_history&page=5&q=%E0%B8%99%E0%B8%B2%E0%B8%AC%E0%B8%B4%E0%B8%81%E0%B8%B2%20galaxy%20watch%207&spm=a2o4m.tm80189098.search.2.f254oG8doG8dKq&sugg=%E0%B8%99%E0%B8%B2%E0%B8%AC%E0%B8%B4%E0%B8%81%E0%B8%B2%20galaxy%20watch%207_0_1","","Samsung Galaxy Watch7 40mm","฿10,900.00","Samsung Galaxy Watch7 40mm","https://www.lazada.co.th/products/pdp-i16276901007.html",""
"1791086671-31","https://www.lazada.co.th/tag/%E0%B8%99%E0%B8%B2%E0%B8%AC%E0%B8%B4%E0%B8%81%E0%B8%B2-galaxy-watch-7/?_keyori=ss&catalog_redirect_tag=true&from=search_history&page=5&q=%E0%B8%99%E0%B8%B2%E0%B8%AC%E0%B8%B4%E0%B8%81%E0%B8%B2%20galaxy%20watch%207&spm=a2o4m.tm80189098.search.2.f254oG8doG8dKq&sugg=%E0%B8%99%E0%B8%B2%E0%B8%AC%E0%B8%B4%E0%B8%81%E0%B8%B2%20galaxy%20watch%207_0_1","","Samsung Galaxy Watch 7 AI
ประกันศูนย์ Samsung 1ปี","฿7,490.00","Samsung Galaxy Watch 7 AI
ประกันศูนย์ Samsung 1ปี","https://www.lazada.co.th/products/pdp-i5352983302.html","5"
"1791086674-32","https://www.lazada.co.th/tag/%E0%B8%99%E0%B8%B2%E0%B8%AC%E0%B8%B4%E0%B8%81%E0%B8%B2-galaxy-watch-7/?_keyori=ss&catalog_redirect_tag=true&from=search_history&page=5&q=%E0%B8%99%E0%B8%B2%E0%B8%AC%E0%B8%B4%E0%B8%81%E0%B8%B2%20galaxy%20watch%207&spm=a2o4m.tm80189098.search.2.f254oG8doG8dKq&sugg=%E0%B8%99%E0%B8%B2%E0%B8%AC%E0%B8%B4%E0%B8%81%E0%B8%B2%20galaxy%20watch%207_0_1","","***แท้ศูนย์ไทย ร่วมโค้ด Galaxy Watch 7","฿6,999.00","***แท้ศูนย์ไทย ร่วมโค้ด Galaxy Watch 7","https://www.lazada.co.th/products/pdp-i5244053275.html","5"
"1791086676-33","https://www.lazada.co.th/tag/%E0%B8%99%E0%B8%B2%E0%B8%AC%E0%B8%B4%E0%B8%81%E0%B8%B2-galaxy-watch-7/?_keyori=ss&catalog_redirect_tag=true&from=search_history&page=5&q=%E0%B8%99%E0%B8%B2%E0%B8%AC%E0%B8%B4%E0%B8%81%E0%B8%B2%20galaxy%20watch%207&spm=a2o4m.tm80189098.search.2.f254oG8doG8dKq&sugg=%E0%B8%99%E0%B8%B2%E0%B8%AC%E0%B8%B4%E0%B8%81%E0%B8%B2%20galaxy%20watch%207_0_1","","สมาร์ทวอทช์ Samsung Galaxy Watch7 AI Bluetooth 40mm","฿5,899.00","สมาร์ทวอทช์ Samsung Galaxy Watch7 AI Bluetooth 40mm","https://www.lazada.co.th/products/pdp-i16165690923.html",""
"1791086678-34","https://www.lazada.co.th/tag/%E0%B8%99%E0%B8%B2%E0%B8%AC%E0%B8%B4%E0%B8%81%E0%B8%B2-galaxy-watch-7/?_keyori=ss&catalog_redirect_tag=true&from=search_history&page=5&q=%E0%B8%99%E0%B8%B2%E0%B8%AC%E0%B8%B4%E0%B8%81%E0%B8%B2%20galaxy%20watch%207&spm=a2o4m.tm80189098.search.2.f254oG8doG8dKq&sugg=%E0%B8%99%E0%B8%B2%E0%B8%AC%E0%B8%B4%E0%B8%81%E0%B8%B2%20galaxy%20watch%207_0_1","","Samsung Galaxy Watch7 AI สมาร์ทวอทช์ ระบบบลูทูธ 40MM,44MM","฿4,990.00","Samsung Galaxy Watch7 AI สมาร์ทวอทช์ ระบบบลูทูธ 40MM,44MM","https://www.lazada.co.th/products/pdp-i5487502303.html","5"
"1791086680-35","https://www.lazada.co.th/tag/%E0%B8%99%E0%B8%B2%E0%B8%AC%E0%B8%B4%E0%B8%81%E0%B8%B2-galaxy-watch-7/?_keyori=ss&catalog_redirect_tag=true&from=search_history&page=5&q=%E0%B8%99%E0%B8%B2%E0%B8%AC%E0%B8%B4%E0%B8%81%E0%B8%B2%20galaxy%20watch%207&spm=a2o4m.tm80189098.search.2.f254oG8doG8dKq&sugg=%E0%B8%99%E0%B8%B2%E0%B8%AC%E0%B8%B4%E0%B8%81%E0%B8%B2%20galaxy%20watch%207_0_1","","Samsung Galaxy  Watch7 40mm Green  📍ราคา 3,500 - 📍","฿3,500.00","Samsung Galaxy  Watch7 40mm Green  📍ราคา 3,500 - 📍","https://www.lazada.co.th/products/pdp-i16256240638.html",""
"1791086682-36","https://www.lazada.co.th/tag/%E0%B8%99%E0%B8%B2%E0%B8%AC%E0%B8%B4%E0%B8%81%E0%B8%B2-galaxy-watch-7/?_keyori=ss&catalog_redirect_tag=true&from=search_history&page=5&q=%E0%B8%99%E0%B8%B2%E0%B8%AC%E0%B8%B4%E0%B8%81%E0%B8%B2%20galaxy%20watch%207&spm=a2o4m.tm80189098.search.2.f254oG8doG8dKq&sugg=%E0%B8%99%E0%B8%B2%E0%B8%AC%E0%B8%B4%E0%B8%81%E0%B8%B2%20galaxy%20watch%207_0_1","","B29.นาฬิกาอัจฉริยะบลูทูธ, สำหรับ Samsung Galaxy Watch 7 44mm, พร้อมตัวเครื่อง, อุปกรณ์ติดตามสุขภาพ, ฟิตเนสและการนอน หลับ, แบตเตอรี่ที่ได้รับการปรับปรุง, กระจก คริสตัลแซฟไฟร์, การติดตาม GPS ที่เพิ่มขึ้น, (สีดำ)","฿450.00","B29.นาฬิกาอัจฉริยะบลูทูธ, สำหรับ Samsung Galaxy Watch 7 44mm, พร้อมตัวเครื่อง, อุปกรณ์ติดตามสุขภาพ, ฟิตเนสและการนอน หลับ, แบตเตอรี่ที่ได้รับการปรับปรุง, กระจก คริสตัลแซฟไฟร์, การติดตาม GPS ที่เพิ่มขึ้น, (สีดำ)","https://www.lazada.co.th/products/pdp-i5843299785.html",""
"1791086684-37","https://www.lazada.co.th/tag/%E0%B8%99%E0%B8%B2%E0%B8%AC%E0%B8%B4%E0%B8%81%E0%B8%B2-galaxy-watch-7/?_keyori=ss&catalog_redirect_tag=true&from=search_history&page=5&q=%E0%B8%99%E0%B8%B2%E0%B8%AC%E0%B8%B4%E0%B8%81%E0%B8%B2%20galaxy%20watch%207&spm=a2o4m.tm80189098.search.2.f254oG8doG8dKq&sugg=%E0%B8%99%E0%B8%B2%E0%B8%AC%E0%B8%B4%E0%B8%81%E0%B8%B2%20galaxy%20watch%207_0_1","","นาฬิกาอัจฉริยะ Galaxy Watch 7 ใหม่ ขนาด 44 มม. สำหรับผู้ชาย ผ่านบลูทูธ ตรวจสอบสุขภาพ ฟิตเนส กีฬา อัตราการเต้นของหัวใจ ออกซิเจนในเลือด สมาร์ทวอทช์ผู้ชาย Android IOS","฿566.35","นาฬิกาอัจฉริยะ Galaxy Watch 7 ใหม่ ขนาด 44 มม. สำหรับผู้ชาย ผ่านบลูทูธ ตรวจสอบสุขภาพ ฟิตเนส กีฬา อัตราการเต้นของหัวใจ ออกซิเจนในเลือด สมาร์ทวอทช์ผู้ชาย Android IOS","https://www.lazada.co.th/products/pdp-i16222659116.html","5"
"1791086687-38","https://www.lazada.co.th/tag/%E0%B8%99%E0%B8%B2%E0%B8%AC%E0%B8%B4%E0%B8%81%E0%B8%B2-galaxy-watch-7/?_keyori=ss&catalog_redirect_tag=true&from=search_history&page=5&q=%E0%B8%99%E0%B8%B2%E0%B8%AC%E0%B8%B4%E0%B8%81%E0%B8%B2%20galaxy%20watch%207&spm=a2o4m.tm80189098.search.2.f254oG8doG8dKq&sugg=%E0%B8%99%E0%B8%B2%E0%B8%AC%E0%B8%B4%E0%B8%81%E0%B8%B2%20galaxy%20watch%207_0_1","","Samsung Galaxy Watch7 AI สมาร์ทวอทช์ ระบบบลูทูธ 40MM,44MM","฿4,990.00","Samsung Galaxy Watch7 AI สมาร์ทวอทช์ ระบบบลูทูธ 40MM,44MM","https://www.lazada.co.th/products/pdp-i5223874171.html","5"
"1791086689-39","https://www.lazada.co.th/tag/%E0%B8%99%E0%B8%B2%E0%B8%AC%E0%B8%B4%E0%B8%81%E0%B8%B2-galaxy-watch-7/?_keyori=ss&catalog_redirect_tag=true&from=search_history&page=5&q=%E0%B8%99%E0%B8%B2%E0%B8%AC%E0%B8%B4%E0%B8%81%E0%B8%B2%20galaxy%20watch%207&spm=a2o4m.tm80189098.search.2.f254oG8doG8dKq&sugg=%E0%B8%99%E0%B8%B2%E0%B8%AC%E0%B8%B4%E0%B8%81%E0%B8%B2%20galaxy%20watch%207_0_1","","Galaxy Watch 7 47mm นาฬิกาอัจฉริยะ Watch 7 นาฬิกาอัจฉริยะบลูทูธ นาฬิกาสมาร์ทวอทช์ กันน้ำ GPS บลูทูธ ฟิตเนส ความดันโลหิต ออกซิเจนในเลือด การตรวจสอบการนอนหลับ กีฬา IOS และ Android","฿1,320.92","Galaxy Watch 7 47mm นาฬิกาอัจฉริยะ Watch 7 นาฬิกาอัจฉริยะบลูทูธ นาฬิกาสมาร์ทวอทช์ กันน้ำ GPS บลูทูธ ฟิตเนส ความดันโลหิต ออกซิเจนในเลือด การตรวจสอบการนอนหลับ กีฬา IOS และ Android","https://www.lazada.co.th/products/pdp-i5843165371.html","4.5"
"1791086691-40","https://www.lazada.co.th/tag/%E0%B8%99%E0%B8%B2%E0%B8%AC%E0%B8%B4%E0%B8%81%E0%B8%B2-galaxy-watch-7/?_keyori=ss&catalog_redirect_tag=true&from=search_history&page=5&q=%E0%B8%99%E0%B8%B2%E0%B8%AC%E0%B8%B4%E0%B8%81%E0%B8%B2%20galaxy%20watch%207&spm=a2o4m.tm80189098.search.2.f254oG8doG8dKq&sugg=%E0%B8%99%E0%B8%B2%E0%B8%AC%E0%B8%B4%E0%B8%81%E0%B8%B2%20galaxy%20watch%207_0_1","","MAFAM【🔥ประเทศไทยจัดส่ง🔥】เคส สําหรับ Huawei Watch Fit 5/Fit 5Pro PC เคสฟิล์มกระจก กันชนป้องกันหน้าจอสำหรับ smartwatch Huawei Fit 5/Fit 5Pro","฿59.00","MAFAM【🔥ประเทศไทยจัดส่ง🔥】เคส สําหรับ Huawei Watch Fit 5/Fit 5Pro PC เคสฟิล์มกระจก กันชนป้องกันหน้าจอสำหรับ smartwatch Huawei Fit 5/Fit 5Pro","https://www.lazada.co.th/products/pdp-i16185706896.html","5"
"1791086693-41","https://www.lazada.co.th/tag/%E0%B8%99%E0%B8%B2%E0%B8%AC%E0%B8%B4%E0%B8%81%E0%B8%B2-galaxy-watch-7/?_keyori=ss&catalog_redirect_tag=true&from=search_history&page=5&q=%E0%B8%99%E0%B8%B2%E0%B8%AC%E0%B8%B4%E0%B8%81%E0%B8%B2%20galaxy%20watch%207&spm=a2o4m.tm80189098.search.2.f254oG8doG8dKq&sugg=%E0%B8%99%E0%B8%B2%E0%B8%AC%E0%B8%B4%E0%B8%81%E0%B8%B2%20galaxy%20watch%207_0_1","","ฟิล์มกระจกนิรภัยป้องกันหน้าจอ สำหรับ Redmi Watch 5 Active / Mi Watch 5 Lite ฟิล์มกันรอย กันแตก อุปกรณ์เสริมสมาร์ทวอทช์","฿44.00","ฟิล์มกระจกนิรภัยป้องกันหน้าจอ สำหรับ Redmi Watch 5 Active / Mi Watch 5 Lite ฟิล์มกันรอย กันแตก อุปกรณ์เสริมสมาร์ทวอทช์","https://www.lazada.co.th/products/pdp-i5745077437.html","5"
"1791086695-42","https://www.lazada.co.th/tag/%E0%B8%99%E0%B8%B2%E0%B8%AC%E0%B8%B4%E0%B8%81%E0%B8%B2-galaxy-watch-7/?_keyori=ss&catalog_redirect_tag=true&from=search_history&page=5&q=%E0%B8%99%E0%B8%B2%E0%B8%AC%E0%B8%B4%E0%B8%81%E0%B8%B2%20galaxy%20watch%207&spm=a2o4m.tm80189098.search.2.f254oG8doG8dKq&sugg=%E0%B8%99%E0%B8%B2%E0%B8%AC%E0%B8%B4%E0%B8%81%E0%B8%B2%20galaxy%20watch%207_0_1","","[เคสแบบนุ่ม + สายนาฬิกา] เหมาะสำหรับ Samsung Galaxy Fit 3 SM-R390สายซิลิโคนสายรัดสำรอง","฿34.23","[เคสแบบนุ่ม + สายนาฬิกา] เหมาะสำหรับ Samsung Galaxy Fit 3 SM-R390สายซิลิโคนสายรัดสำรอง","https://www.lazada.co.th/products/pdp-i5752948488.html","5"
"1791086697-43","https://www.lazada.co.th/tag/%E0%B8%99%E0%B8%B2%E0%B8%AC%E0%B8%B4%E0%B8%81%E0%B8%B2-galaxy-watch-7/?_keyori=ss&catalog_redirect_tag=true&from=search_history&page=5&q=%E0%B8%99%E0%B8%B2%E0%B8%AC%E0%B8%B4%E0%B8%81%E0%B8%B2%20galaxy%20watch%207&spm=a2o4m.tm80189098.search.2.f254oG8doG8dKq&sugg=%E0%B8%99%E0%B8%B2%E0%B8%AC%E0%B8%B4%E0%B8%81%E0%B8%B2%20galaxy%20watch%207_0_1","","เคสป้องกัน TPU นุ่ม ฟิล์มกันรอบหน้าจอ สำหรับ Huawei Band 11 / 11 Pro / 10 / 9 / 8 NFC อะไหล่สมาร์ทแบนด์","฿25.00","เคสป้องกัน TPU นุ่ม ฟิล์มกันรอบหน้าจอ สำหรับ Huawei Band 11 / 11 Pro / 10 / 9 / 8 NFC อะไหล่สมาร์ทแบนด์","https://www.lazada.co.th/products/pdp-i16119945734.html","4.8"
"1791086699-44","https://www.lazada.co.th/tag/%E0%B8%99%E0%B8%B2%E0%B8%AC%E0%B8%B4%E0%B8%81%E0%B8%B2-galaxy-watch-7/?_keyori=ss&catalog_redirect_tag=true&from=search_history&page=5&q=%E0%B8%99%E0%B8%B2%E0%B8%AC%E0%B8%B4%E0%B8%81%E0%B8%B2%20galaxy%20watch%207&spm=a2o4m.tm80189098.search.2.f254oG8doG8dKq&sugg=%E0%B8%99%E0%B8%B2%E0%B8%AC%E0%B8%B4%E0%B8%81%E0%B8%B2%20galaxy%20watch%207_0_1","","วัสดป้องกันหน้าจอุ PMMA สำหรับ Redmi Watch 5 Active, Redmi Watch 5 Lite, Redmi Watch 4และ Redmi Watch 3 Active","฿28.00","วัสดป้องกันหน้าจอุ PMMA สำหรับ Redmi Watch 5 Active, Redmi Watch 5 Lite, Redmi Watch 4และ Redmi Watch 3 Active","https://www.lazada.co.th/products/pdp-i5536291091.html","4.9"
"1791086702-45","https://www.lazada.co.th/tag/%E0%B8%99%E0%B8%B2%E0%B8%AC%E0%B8%B4%E0%B8%81%E0%B8%B2-galaxy-watch-7/?_keyori=ss&catalog_redirect_tag=true&from=search_history&page=5&q=%E0%B8%99%E0%B8%B2%E0%B8%AC%E0%B8%B4%E0%B8%81%E0%B8%B2%20galaxy%20watch%207&spm=a2o4m.tm80189098.search.2.f254oG8doG8dKq&sugg=%E0%B8%99%E0%B8%B2%E0%B8%AC%E0%B8%B4%E0%B8%81%E0%B8%B2%20galaxy%20watch%207_0_1","","ฟิล์มกระจกนิรภัย ป้องกันหน้าจอ สำหรับ Redmi Watch 5 Active / 5 Lite นาฬิกาอัฉริยะ กันรอยขีดข่วน กันกระแทก","฿31.00","ฟิล์มกระจกนิรภัย ป้องกันหน้าจอ สำหรับ Redmi Watch 5 Active / 5 Lite นาฬิกาอัฉริยะ กันรอยขีดข่วน กันกระแทก","https://www.lazada.co.th/products/pdp-i16125497024.html","4.9"
"1791086704-46","https://www.lazada.co.th/tag/%E0%B8%99%E0%B8%B2%E0%B8%AC%E0%B8%B4%E0%B8%81%E0%B8%B2-galaxy-watch-7/?_keyori=ss&catalog_redirect_tag=true&from=search_history&page=5&q=%E0%B8%99%E0%B8%B2%E0%B8%AC%E0%B8%B4%E0%B8%81%E0%B8%B2%20galaxy%20watch%207&spm=a2o4m.tm80189098.search.2.f254oG8doG8dKq&sugg=%E0%B8%99%E0%B8%B2%E0%B8%AC%E0%B8%B4%E0%B8%81%E0%B8%B2%20galaxy%20watch%207_0_1","","เคสครอบป้องกัน Redmi Watch 5/4 - พีซีแข็งแรงแบบมีช่องระบายอากาศ กันกระแทก ทนรอยขีดข่วน ครอบคลุมทั้วตัว","฿21.00","เคสครอบป้องกัน Redmi Watch 5/4 - พีซีแข็งแรงแบบมีช่องระบายอากาศ กันกระแทก ทนรอยขีดข่วน ครอบคลุมทั้วตัว","https://www.lazada.co.th/products/pdp-i6039939184.html","4.7"
"1791086706-47","https://www.lazada.co.th/tag/%E0%B8%99%E0%B8%B2%E0%B8%AC%E0%B8%B4%E0%B8%81%E0%B8%B2-galaxy-watch-7/?_keyori=ss&catalog_redirect_tag=true&from=search_history&page=5&q=%E0%B8%99%E0%B8%B2%E0%B8%AC%E0%B8%B4%E0%B8%81%E0%B8%B2%20galaxy%20watch%207&spm=a2o4m.tm80189098.search.2.f254oG8doG8dKq&sugg=%E0%B8%99%E0%B8%B2%E0%B8%AC%E0%B8%B4%E0%B8%81%E0%B8%B2%20galaxy%20watch%207_0_1","","ชุดป้องกันเต็มรูปแบบสำหรับนาฬิกา Redmi 5 Active/5 Lite-สายยืดกีฬาสไตล์ดั้งเดิมพร้อมเคสกระจกเทมเปอร์ป้องกันรอยขีดข่วนและป้องกันการกระแทก","฿25.00","ชุดป้องกันเต็มรูปแบบสำหรับนาฬิกา Redmi 5 Active/5 Lite-สายยืดกีฬาสไตล์ดั้งเดิมพร้อมเคสกระจกเทมเปอร์ป้องกันรอยขีดข่วนและป้องกันการกระแทก","https://www.lazada.co.th/products/pdp-i6028849840.html","5"
"1791086708-48","https://www.lazada.co.th/tag/%E0%B8%99%E0%B8%B2%E0%B8%AC%E0%B8%B4%E0%B8%81%E0%B8%B2-galaxy-watch-7/?_keyori=ss&catalog_redirect_tag=true&from=search_history&page=5&q=%E0%B8%99%E0%B8%B2%E0%B8%AC%E0%B8%B4%E0%B8%81%E0%B8%B2%20galaxy%20watch%207&spm=a2o4m.tm80189098.search.2.f254oG8doG8dKq&sugg=%E0%B8%99%E0%B8%B2%E0%B8%AC%E0%B8%B4%E0%B8%81%E0%B8%B2%20galaxy%20watch%207_0_1","","ขายดีที่สุด!! (กทม.1-2วันได้รับ) Smart watch Q88 นาฬิกาไอโมเด็ก นาฬิกา นาฬิกาข้อมือ เด็กผู้หญิง ผู้ชาย 2024 จอยกได้ เมนูภาษาไทย ใส่ซิม โทรเข้า-โทรออก รับสายได้ กล้องหน้า-หลัง นาฬิกาสมาทวอช นาฬิกาโทรศัพท์ ไอโม่ imoo","฿320.00","ขายดีที่สุด!! (กทม.1-2วันได้รับ) Smart watch Q88 นาฬิกาไอโมเด็ก นาฬิกา นาฬิกาข้อมือ เด็กผู้หญิง ผู้ชาย 2024 จอยกได้ เมนูภาษาไทย ใส่ซิม โทรเข้า-โทรออก รับสายได้ กล้องหน้า-หลัง นาฬิกาสมาทวอช นาฬิกาโทรศัพท์ ไอโม่ imoo","https://www.lazada.co.th/products/pdp-i5103994347.html","4.9"
"1791086710-49","https://www.lazada.co.th/tag/%E0%B8%99%E0%B8%B2%E0%B8%AC%E0%B8%B4%E0%B8%81%E0%B8%B2-galaxy-watch-7/?_keyori=ss&catalog_redirect_tag=true&from=search_history&page=5&q=%E0%B8%99%E0%B8%B2%E0%B8%AC%E0%B8%B4%E0%B8%81%E0%B8%B2%20galaxy%20watch%207&spm=a2o4m.tm80189098.search.2.f254oG8doG8dKq&sugg=%E0%B8%99%E0%B8%B2%E0%B8%AC%E0%B8%B4%E0%B8%81%E0%B8%B2%20galaxy%20watch%207_0_1","","เคสสำหรับ Redmi Watch 5 Active / Redmi Watch 5 Lite / Redmi Watch 4 / Redmi Watch 3 Active / Redmi Watch3เคสป้องกันโปร่งใสอุปกรณ์เสริมฝาครอบเนื้อนิ่ม Tpu กรอบป้องกันเต็มรูปแบบทำจากซิลิโคน Xiaomi","฿12.00","เคสสำหรับ Redmi Watch 5 Active / Redmi Watch 5 Lite / Redmi Watch 4 / Redmi Watch 3 Active / Redmi Watch3เคสป้องกันโปร่งใสอุปกรณ์เสริมฝาครอบเนื้อนิ่ม Tpu กรอบป้องกันเต็มรูปแบบทำจากซิลิโคน Xiaomi","https://www.lazada.co.th/products/pdp-i5314451745.html","4.8"
"1791086713-50","https://www.lazada.co.th/tag/%E0%B8%99%E0%B8%B2%E0%B8%AC%E0%B8%B4%E0%B8%81%E0%B8%B2-galaxy-watch-7/?_keyori=ss&catalog_redirect_tag=true&from=search_history&page=5&q=%E0%B8%99%E0%B8%B2%E0%B8%AC%E0%B8%B4%E0%B8%81%E0%B8%B2%20galaxy%20watch%207&spm=a2o4m.tm80189098.search.2.f254oG8doG8dKq&sugg=%E0%B8%99%E0%B8%B2%E0%B8%AC%E0%B8%B4%E0%B8%81%E0%B8%B2%20galaxy%20watch%207_0_1","","เซ็ตป้องกัน Redmi Watch 5 Active / Mi Watch 5 Lite | กระจกนิรภัย 9H + กันชนพีซีแข็ง | คุ้มครองเต็มรูปแบบ","฿26.00","เซ็ตป้องกัน Redmi Watch 5 Active / Mi Watch 5 Lite | กระจกนิรภัย 9H + กันชนพีซีแข็ง | คุ้มครองเต็มรูปแบบ","https://www.lazada.co.th/products/pdp-i5738189216.html","4.9"
"1791086715-51","https://www.lazada.co.th/tag/%E0%B8%99%E0%B8%B2%E0%B8%AC%E0%B8%B4%E0%B8%81%E0%B8%B2-galaxy-watch-7/?_keyori=ss&catalog_redirect_tag=true&from=search_history&page=5&q=%E0%B8%99%E0%B8%B2%E0%B8%AC%E0%B8%B4%E0%B8%81%E0%B8%B2%20galaxy%20watch%207&spm=a2o4m.tm80189098.search.2.f254oG8doG8dKq&sugg=%E0%B8%99%E0%B8%B2%E0%B8%AC%E0%B8%B4%E0%B8%81%E0%B8%B2%20galaxy%20watch%207_0_1","","Sonoff Basic R2สมาร์ทสวิทช์Wifiไร้สายสมาร์ทรีโมทคอนโทรลจับเวลาDIY Switchผ่าน Ewelink APP ทำงานร่วมกับAlexa google","฿162.00","Sonoff Basic R2สมาร์ทสวิทช์Wifiไร้สายสมาร์ทรีโมทคอนโทรลจับเวลาDIY Switchผ่าน Ewelink APP ทำงานร่วมกับAlexa google","https://www.lazada.co.th/products/pdp-i5723750580.html","4.8"
"1791086717-52","https://www.lazada.co.th/tag/%E0%B8%99%E0%B8%B2%E0%B8%AC%E0%B8%B4%E0%B8%81%E0%B8%B2-galaxy-watch-7/?_keyori=ss&catalog_redirect_tag=true&from=search_history&page=5&q=%E0%B8%99%E0%B8%B2%E0%B8%AC%E0%B8%B4%E0%B8%81%E0%B8%B2%20galaxy%20watch%207&spm=a2o4m.tm80189098.search.2.f254oG8doG8dKq&sugg=%E0%B8%99%E0%B8%B2%E0%B8%AC%E0%B8%B4%E0%B8%81%E0%B8%B2%20galaxy%20watch%207_0_1","","นาฬิกาข้อมือ นาฬิกาดิจิตอล นาฬิกาผู้หญิง ผู้ชาย นาฬิกาแฟชั่น ทรงสมาร์ทวอช smartwatch ทรงกลม สายยาง มีหลายสี","฿120.00","นาฬิกาข้อมือ นาฬิกาดิจิตอล นาฬิกาผู้หญิง ผู้ชาย นาฬิกาแฟชั่น ทรงสมาร์ทวอช smartwatch ทรงกลม สายยาง มีหลายสี","https://www.lazada.co.th/products/pdp-i4977907708.html","5"
"1791086719-53","https://www.lazada.co.th/tag/%E0%B8%99%E0%B8%B2%E0%B8%AC%E0%B8%B4%E0%B8%81%E0%B8%B2-galaxy-watch-7/?_keyori=ss&catalog_redirect_tag=true&from=search_history&page=5&q=%E0%B8%99%E0%B8%B2%E0%B8%AC%E0%B8%B4%E0%B8%81%E0%B8%B2%20galaxy%20watch%207&spm=a2o4m.tm80189098.search.2.f254oG8doG8dKq&sugg=%E0%B8%99%E0%B8%B2%E0%B8%AC%E0%B8%B4%E0%B8%81%E0%B8%B2%20galaxy%20watch%207_0_1","","ฟิล์มกระจกใส Garmin Focus Forerunner 165 255 255S 45 55 225 235 245 645 735XT 935 945 FenixE 8 Fenix7X Fenix7 5x 6 6s Vivoactive3 Vivomove HR และ Galaxy Watch แบบใส กามิน โฟกัส","฿59.00","ฟิล์มกระจกใส Garmin Focus Forerunner 165 255 255S 45 55 225 235 245 645 735XT 935 945 FenixE 8 Fenix7X Fenix7 5x 6 6s Vivoactive3 Vivomove HR และ Galaxy Watch แบบใส กามิน โฟกัส","https://www.lazada.co.th/products/pdp-i3859422610.html","5"
"1791086721-54","https://www.lazada.co.th/tag/%E0%B8%99%E0%B8%B2%E0%B8%AC%E0%B8%B4%E0%B8%81%E0%B8%B2-galaxy-watch-7/?_keyori=ss&catalog_redirect_tag=true&from=search_history&page=5&q=%E0%B8%99%E0%B8%B2%E0%B8%AC%E0%B8%B4%E0%B8%81%E0%B8%B2%20galaxy%20watch%207&spm=a2o4m.tm80189098.search.2.f254oG8doG8dKq&sugg=%E0%B8%99%E0%B8%B2%E0%B8%AC%E0%B8%B4%E0%B8%81%E0%B8%B2%20galaxy%20watch%207_0_1","","สายนาฬิกาซิลิโคนขนาด 22mm สายรัดทดแทน สำหรับ Redmi Watch 5 Active / Mi Watch 5 Lite / Huawei / Samsung / Aolon / Itel สมาร์ทวอทช์","฿60.00","สายนาฬิกาซิลิโคนขนาด 22mm สายรัดทดแทน สำหรับ Redmi Watch 5 Active / Mi Watch 5 Lite / Huawei / Samsung / Aolon / Itel สมาร์ทวอทช์","https://www.lazada.co.th/products/pdp-i5831821281.html","5"
"1791086723-55","https://www.lazada.co.th/tag/%E0%B8%99%E0%B8%B2%E0%B8%AC%E0%B8%B4%E0%B8%81%E0%B8%B2-galaxy-watch-7/?_keyori=ss&catalog_redirect_tag=true&from=search_history&page=5&q=%E0%B8%99%E0%B8%B2%E0%B8%AC%E0%B8%B4%E0%B8%81%E0%B8%B2%20galaxy%20watch%207&spm=a2o4m.tm80189098.search.2.f254oG8doG8dKq&sugg=%E0%B8%99%E0%B8%B2%E0%B8%AC%E0%B8%B4%E0%B8%81%E0%B8%B2%20galaxy%20watch%207_0_1","","ฟิล์มกระจกเทมเปอร์สำหรับ Redmi Watch 5 Active / Mi Watch 5ป้องกันหน้าจอขนาดเล็กปกป้องเต็มรูปแบบสำหรับ Smartwatch Redmi Watch 5 Lite Accessories","฿31.00","ฟิล์มกระจกเทมเปอร์สำหรับ Redmi Watch 5 Active / Mi Watch 5ป้องกันหน้าจอขนาดเล็กปกป้องเต็มรูปแบบสำหรับ Smartwatch Redmi Watch 5 Lite Accessories","https://www.lazada.co.th/products/pdp-i5773568938.html","5"
"1791086726-56","https://www.lazada.co.th/tag/%E0%B8%99%E0%B8%B2%E0%B8%AC%E0%B8%B4%E0%B8%81%E0%B8%B2-galaxy-watch-7/?_keyori=ss&catalog_redirect_tag=true&from=search_history&page=5&q=%E0%B8%99%E0%B8%B2%E0%B8%AC%E0%B8%B4%E0%B8%81%E0%B8%B2%20galaxy%20watch%207&spm=a2o4m.tm80189098.search.2.f254oG8doG8dKq&sugg=%E0%B8%99%E0%B8%B2%E0%B8%AC%E0%B8%B4%E0%B8%81%E0%B8%B2%20galaxy%20watch%207_0_1","","ป้องกัน Gores ฟิล์มป้องกันหน้าจอ แก้วนิรภัย / ฟิล์มนุ่มไฮโดรเจล for Smartwatch Amazfit Bip 6 สำหรับ","฿24.00","ป้องกัน Gores ฟิล์มป้องกันหน้าจอ แก้วนิรภัย / ฟิล์มนุ่มไฮโดรเจล for Smartwatch Amazfit Bip 6 สำหรับ","https://www.lazada.co.th/products/pdp-i5991417876.html","5"
"1791086728-57","https://www.lazada.co.th/tag/%E0%B8%99%E0%B8%B2%E0%B8%AC%E0%B8%B4%E0%B8%81%E0%B8%B2-galaxy-watch-7/?_keyori=ss&catalog_redirect_tag=true&from=search_history&page=5&q=%E0%B8%99%E0%B8%B2%E0%B8%AC%E0%B8%B4%E0%B8%81%E0%B8%B2%20galaxy%20watch%207&spm=a2o4m.tm80189098.search.2.f254oG8doG8dKq&sugg=%E0%B8%99%E0%B8%B2%E0%B8%AC%E0%B8%B4%E0%B8%81%E0%B8%B2%20galaxy%20watch%207_0_1","","Xiaomi miband 3 4 5 6 สายรัดทดแทน สายรัดซิลิโคน mi band 6 5 4 3 miband 6 miband 5 สายนาฬิกา miband strap","฿15.00","Xiaomi miband 3 4 5 6 สายรัดทดแทน สายรัดซิลิโคน mi band 6 5 4 3 miband 6 miband 5 สายนาฬิกา miband strap","https://www.lazada.co.th/products/pdp-i4034890688.html","4.9"
"1791086730-58","https://www.lazada.co.th/tag/%E0%B8%99%E0%B8%B2%E0%B8%AC%E0%B8%B4%E0%B8%81%E0%B8%B2-galaxy-watch-7/?_keyori=ss&catalog_redirect_tag=true&from=search_history&page=5&q=%E0%B8%99%E0%B8%B2%E0%B8%AC%E0%B8%B4%E0%B8%81%E0%B8%B2%20galaxy%20watch%207&spm=a2o4m.tm80189098.search.2.f254oG8doG8dKq&sugg=%E0%B8%99%E0%B8%B2%E0%B8%AC%E0%B8%B4%E0%B8%81%E0%B8%B2%20galaxy%20watch%207_0_1","","สายผ้าไนลอนแม่เหล็กแบบถักสำหรับนาฬิกา Apple Series11/10/9/8/7/6/5 /Se/ultra-All รุ่น49/46/45/44/42/41/40/38mm ห่วงปรับขนาดได้กันเหงื่อ & สวมใส่สบายสำหรับผู้หญิง & ผู้ชาย","฿108.00","สายผ้าไนลอนแม่เหล็กแบบถักสำหรับนาฬิกา Apple Series11/10/9/8/7/6/5 /Se/ultra-All รุ่น49/46/45/44/42/41/40/38mm ห่วงปรับขนาดได้กันเหงื่อ & สวมใส่สบายสำหรับผู้หญิง & ผู้ชาย","https://www.lazada.co.th/products/pdp-i4870662339.html","5"
"1791086732-59","https://www.lazada.co.th/tag/%E0%B8%99%E0%B8%B2%E0%B8%AC%E0%B8%B4%E0%B8%81%E0%B8%B2-galaxy-watch-7/?_keyori=ss&catalog_redirect_tag=true&from=search_history&page=5&q=%E0%B8%99%E0%B8%B2%E0%B8%AC%E0%B8%B4%E0%B8%81%E0%B8%B2%20galaxy%20watch%207&spm=a2o4m.tm80189098.search.2.f254oG8doG8dKq&sugg=%E0%B8%99%E0%B8%B2%E0%B8%AC%E0%B8%B4%E0%B8%81%E0%B8%B2%20galaxy%20watch%207_0_1","","ฟิล์มกันรอยหน้าจอ TPU นิ่ม สำหรับ Garmin Forerunner 165 55 158 ฟิล์มป้องกันหน้าจอสมาร์ทวอทช์ กันกระแทก ภาพคมชัด","฿35.00","ฟิล์มกันรอยหน้าจอ TPU นิ่ม สำหรับ Garmin Forerunner 165 55 158 ฟิล์มป้องกันหน้าจอสมาร์ทวอทช์ กันกระแทก ภาพคมชัด","https://www.lazada.co.th/products/pdp-i5937596774.html","4.9"
"1791086734-60","https://www.lazada.co.th/tag/%E0%B8%99%E0%B8%B2%E0%B8%AC%E0%B8%B4%E0%B8%81%E0%B8%B2-galaxy-watch-7/?_keyori=ss&catalog_redirect_tag=true&from=search_history&page=5&q=%E0%B8%99%E0%B8%B2%E0%B8%AC%E0%B8%B4%E0%B8%81%E0%B8%B2%20galaxy%20watch%207&spm=a2o4m.tm80189098.search.2.f254oG8doG8dKq&sugg=%E0%B8%99%E0%B8%B2%E0%B8%AC%E0%B8%B4%E0%B8%81%E0%B8%B2%20galaxy%20watch%207_0_1","","MAFAM【🔥ประเทศไทยจัดส่ง🔥】READY STOCK！ สำหรับ Huawei Watch Fit 5 4 / 5 Pro / 4 Proสายไนลอนกีฬาระบายอากาศ for Huawei Fit 4 5 อุปกรณ์เสริมสายรัดข้อมือเปลี่ยน","฿31.00","MAFAM【🔥ประเทศไทยจัดส่ง🔥】READY STOCK！ สำหรับ Huawei Watch Fit 5 4 / 5 Pro / 4 Proสายไนลอนกีฬาระบายอากาศ for Huawei Fit 4 5 อุปกรณ์เสริมสายรัดข้อมือเปลี่ยน","https://www.lazada.co.th/products/pdp-i16164492712.html","4.9"
"1791086736-61","https://www.lazada.co.th/tag/%E0%B8%99%E0%B8%B2%E0%B8%AC%E0%B8%B4%E0%B8%81%E0%B8%B2-galaxy-watch-7/?_keyori=ss&catalog_redirect_tag=true&from=search_history&page=5&q=%E0%B8%99%E0%B8%B2%E0%B8%AC%E0%B8%B4%E0%B8%81%E0%B8%B2%20galaxy%20watch%207&spm=a2o4m.tm80189098.search.2.f254oG8doG8dKq&sugg=%E0%B8%99%E0%B8%B2%E0%B8%AC%E0%B8%B4%E0%B8%81%E0%B8%B2%20galaxy%20watch%207_0_1","","15W 3 In 1 Wireless Charger Stand สำหรับ Samsung S22 S21พับ4 Galaxy Watch 5 Pro 4 3 Active 21 Buds Fast แท่นชาร์จ","฿739.64","15W 3 In 1 Wireless Charger Stand สำหรับ Samsung S22 S21พับ4 Galaxy Watch 5 Pro 4 3 Active 21 Buds Fast แท่นชาร์จ","https://www.lazada.co.th/products/pdp-i4779523028.html","4.5"
"1791086739-62","https://www.lazada.co.th/tag/%E0%B8%99%E0%B8%B2%E0%B8%AC%E0%B8%B4%E0%B8%81%E0%B8%B2-galaxy-watch-7/?_keyori=ss&catalog_redirect_tag=true&from=search_history&page=5&q=%E0%B8%99%E0%B8%B2%E0%B8%AC%E0%B8%B4%E0%B8%81%E0%B8%B2%20galaxy%20watch%207&spm=a2o4m.tm80189098.search.2.f254oG8doG8dKq&sugg=%E0%B8%99%E0%B8%B2%E0%B8%AC%E0%B8%B4%E0%B8%81%E0%B8%B2%20galaxy%20watch%207_0_1","","สายสแตนเลสหรูหราสำหรับ Apple Watch Series 12/11/10/9/8/7/6/5 SE, Ultra 4 3/2/1, ขนาด 38-49mm","฿81.00","สายสแตนเลสหรูหราสำหรับ Apple Watch Series 12/11/10/9/8/7/6/5 SE, Ultra 4 3/2/1, ขนาด 38-49mm","https://www.lazada.co.th/products/pdp-i4905433410.html","5"
"1791086741-63","https://www.lazada.co.th/tag/%E0%B8%99%E0%B8%B2%E0%B8%AC%E0%B8%B4%E0%B8%81%E0%B8%B2-galaxy-watch-7/?_keyori=ss&catalog_redirect_tag=true&from=search_history&page=5&q=%E0%B8%99%E0%B8%B2%E0%B8%AC%E0%B8%B4%E0%B8%81%E0%B8%B2%20galaxy%20watch%207&spm=a2o4m.tm80189098.search.2.f254oG8doG8dKq&sugg=%E0%B8%99%E0%B8%B2%E0%B8%AC%E0%B8%B4%E0%B8%81%E0%B8%B2%20galaxy%20watch%207_0_1","","ฟิล์มกันรอยหน้าจอแบบเต็มจอสำหรับ Redmi Watch 6 5 Active Lite / Redmi Watch 5 4 3 Active สำหรับ Redmi Watch 3 2 Lite / Mi Watch Lite สมาร์ทวอทช์ ฟิล์มกันรอยแบบนุ่ม","฿24.35","ฟิล์มกันรอยหน้าจอแบบเต็มจอสำหรับ Redmi Watch 6 5 Active Lite / Redmi Watch 5 4 3 Active สำหรับ Redmi Watch 3 2 Lite / Mi Watch Lite สมาร์ทวอทช์ ฟิล์มกันรอยแบบนุ่ม","https://www.lazada.co.th/products/pdp-i4760307474.html","4.9"
"1791086743-64","https://www.lazada.co.th/tag/%E0%B8%99%E0%B8%B2%E0%B8%AC%E0%B8%B4%E0%B8%81%E0%B8%B2-galaxy-watch-7/?_keyori=ss&catalog_redirect_tag=true&from=search_history&page=5&q=%E0%B8%99%E0%B8%B2%E0%B8%AC%E0%B8%B4%E0%B8%81%E0%B8%B2%20galaxy%20watch%207&spm=a2o4m.tm80189098.search.2.f254oG8doG8dKq&sugg=%E0%B8%99%E0%B8%B2%E0%B8%AC%E0%B8%B4%E0%B8%81%E0%B8%B2%20galaxy%20watch%207_0_1","","สายรัดซิลิโคนสำหรับHuawei Band 9 8 7 6 Honor Band 6 Polos Smartwatch Huawei Band 7 Band 6 สายกีฬานุ่มHemataccOriginalซิลิโคนสายกีฬาสำหรับสร้อยข้อมือ","฿38.00","สายรัดซิลิโคนสำหรับHuawei Band 9 8 7 6 Honor Band 6 Polos Smartwatch Huawei Band 7 Band 6 สายกีฬานุ่มHemataccOriginalซิลิโคนสายกีฬาสำหรับสร้อยข้อมือ","https://www.lazada.co.th/products/pdp-i5357783763.html","4.9"
"1791086745-65","https://www.lazada.co.th/tag/%E0%B8%99%E0%B8%B2%E0%B8%AC%E0%B8%B4%E0%B8%81%E0%B8%B2-galaxy-watch-7/?_keyori=ss&catalog_redirect_tag=true&from=search_history&page=5&q=%E0%B8%99%E0%B8%B2%E0%B8%AC%E0%B8%B4%E0%B8%81%E0%B8%B2%20galaxy%20watch%207&spm=a2o4m.tm80189098.search.2.f254oG8doG8dKq&sugg=%E0%B8%99%E0%B8%B2%E0%B8%AC%E0%B8%B4%E0%B8%81%E0%B8%B2%20galaxy%20watch%207_0_1","","เคสสำหรับ Watch Series 11 10 46mm 42mm 44mm 40mm 45mm 41mm iWatch Ultra 49mm Series 9 8 7 SE SE2 6 5 4 เคสที่มีกระจกป้องกันหน้าจอ samrt watch สมาร์ทวอทช์ สายนาฬิกา","฿93.00","เคสสำหรับ Watch Series 11 10 46mm 42mm 44mm 40mm 45mm 41mm iWatch Ultra 49mm Series 9 8 7 SE SE2 6 5 4 เคสที่มีกระจกป้องกันหน้าจอ samrt watch สมาร์ทวอทช์ สายนาฬิกา","https://www.lazada.co.th/products/pdp-i5387341524.html","4.9"
"1791086747-66","https://www.lazada.co.th/tag/%E0%B8%99%E0%B8%B2%E0%B8%AC%E0%B8%B4%E0%B8%81%E0%B8%B2-galaxy-watch-7/?_keyori=ss&catalog_redirect_tag=true&from=search_history&page=5&q=%E0%B8%99%E0%B8%B2%E0%B8%AC%E0%B8%B4%E0%B8%81%E0%B8%B2%20galaxy%20watch%207&spm=a2o4m.tm80189098.search.2.f254oG8doG8dKq&sugg=%E0%B8%99%E0%B8%B2%E0%B8%AC%E0%B8%B4%E0%B8%81%E0%B8%B2%20galaxy%20watch%207_0_1","","เคสบัมเปอร์กรอบเพชร for Smart Watch Ultra 4/3/2 IWatch 49mm 38mm 42mm 40mm 44mm 41mm 45mm 46mm สมาร์ทวอทช์ Series 10/9/8/7/SE/6/5/4/3/2/1","฿51.00","เคสบัมเปอร์กรอบเพชร for Smart Watch Ultra 4/3/2 IWatch 49mm 38mm 42mm 40mm 44mm 41mm 45mm 46mm สมาร์ทวอทช์ Series 10/9/8/7/SE/6/5/4/3/2/1","https://www.lazada.co.th/products/pdp-i5568891635.html","5"
"1791086749-67","https://www.lazada.co.th/tag/%E0%B8%99%E0%B8%B2%E0%B8%AC%E0%B8%B4%E0%B8%81%E0%B8%B2-galaxy-watch-7/?_keyori=ss&catalog_redirect_tag=true&from=search_history&page=5&q=%E0%B8%99%E0%B8%B2%E0%B8%AC%E0%B8%B4%E0%B8%81%E0%B8%B2%20galaxy%20watch%207&spm=a2o4m.tm80189098.search.2.f254oG8doG8dKq&sugg=%E0%B8%99%E0%B8%B2%E0%B8%AC%E0%B8%B4%E0%B8%81%E0%B8%B2%20galaxy%20watch%207_0_1","","มาใหม่ สายสําหรับแอปเปิ้ลวอชสายสําหรับ Watch 11 10 9 8 ultra 7 Se 6 5 4 3mm. 44mm 45mm.38mm.42mm 49/46mm UT ยาง","฿59.00","มาใหม่ สายสําหรับแอปเปิ้ลวอชสายสําหรับ Watch 11 10 9 8 ultra 7 Se 6 5 4 3mm. 44mm 45mm.38mm.42mm 49/46mm UT ยาง","https://www.lazada.co.th/products/pdp-i4217079610.html","4.9"
"1791086752-68","https://www.lazada.co.th/tag/%E0%B8%99%E0%B8%B2%E0%B8%AC%E0%B8%B4%E0%B8%81%E0%B8%B2-galaxy-watch-7/?_keyori=ss&catalog_redirect_tag=true&from=search_history&page=5&q=%E0%B8%99%E0%B8%B2%E0%B8%AC%E0%B8%B4%E0%B8%81%E0%B8%B2%20galaxy%20watch%207&spm=a2o4m.tm80189098.search.2.f254oG8doG8dKq&sugg=%E0%B8%99%E0%B8%B2%E0%B8%AC%E0%B8%B4%E0%B8%81%E0%B8%B2%20galaxy%20watch%207_0_1","","[ส่งฟรี] Moov CW01 (CS14) เคส สำหรับ Apple Watch + ฟิล์มกระจกกันรอย กันกระแทก สำหรับ AppleWatch Series 11 10 9 8 7 6 5 4 SE3 SE2 SE1 Ultra 3 2 1 ซีรีย์ รองรับทุกขนาด 38mm - 49mm เคสสมาร์ทวอช ป้องกันรอบตัว สำหรับ แอปเปิ้ลวอช smart watch สมาร์ทวอทช์","฿111.00","[ส่งฟรี] Moov CW01 (CS14) เคส สำหรับ Apple Watch + ฟิล์มกระจกกันรอย กันกระแทก สำหรับ AppleWatch Series 11 10 9 8 7 6 5 4 SE3 SE2 SE1 Ultra 3 2 1 ซีรีย์ รองรับทุกขนาด 38mm - 49mm เคสสมาร์ทวอช ป้องกันรอบตัว สำหรับ แอปเปิ้ลวอช smart watch สมาร์ทวอทช์","https://www.lazada.co.th/products/pdp-i5790274940.html","4.9"
"1791086754-69","https://www.lazada.co.th/tag/%E0%B8%99%E0%B8%B2%E0%B8%AC%E0%B8%B4%E0%B8%81%E0%B8%B2-galaxy-watch-7/?_keyori=ss&catalog_redirect_tag=true&from=search_history&page=5&q=%E0%B8%99%E0%B8%B2%E0%B8%AC%E0%B8%B4%E0%B8%81%E0%B8%B2%20galaxy%20watch%207&spm=a2o4m.tm80189098.search.2.f254oG8doG8dKq&sugg=%E0%B8%99%E0%B8%B2%E0%B8%AC%E0%B8%B4%E0%B8%81%E0%B8%B2%20galaxy%20watch%207_0_1","","สายแม่เหล็กซิลิโคนนุ่มสำหรับ Apple Watch Ultra 3/2/1 & Series 12/11/10/9/8/7/6/SE, กันเหงื่อ กันน้ำ ปรับได้ 38-49mm","฿129.00","สายแม่เหล็กซิลิโคนนุ่มสำหรับ Apple Watch Ultra 3/2/1 & Series 12/11/10/9/8/7/6/SE, กันเหงื่อ กันน้ำ ปรับได้ 38-49mm","https://www.lazada.co.th/products/pdp-i5298697241.html","4.9"
"1791086756-70","https://www.lazada.co.th/tag/%E0%B8%99%E0%B8%B2%E0%B8%AC%E0%B8%B4%E0%B8%81%E0%B8%B2-galaxy-watch-7/?_keyori=ss&catalog_redirect_tag=true&from=search_history&page=5&q=%E0%B8%99%E0%B8%B2%E0%B8%AC%E0%B8%B4%E0%B8%81%E0%B8%B2%20galaxy%20watch%207&spm=a2o4m.tm80189098.search.2.f254oG8doG8dKq&sugg=%E0%B8%99%E0%B8%B2%E0%B8%AC%E0%B8%B4%E0%B8%81%E0%B8%B2%20galaxy%20watch%207_0_1","","สายยาง 20มม. 22มม. สำหรับนาฬิกาหลากหลายยี่ห้อ | สายเรซินนุ่ม กันน้ำ ใส่สบาย ใช้ได้กับ Redmi Watch 5 Active / 5 Lite, Samsung Galaxy, Huawei GT, Garmin","฿33.00","สายยาง 20มม. 22มม. สำหรับนาฬิกาหลากหลายยี่ห้อ | สายเรซินนุ่ม กันน้ำ ใส่สบาย ใช้ได้กับ Redmi Watch 5 Active / 5 Lite, Samsung Galaxy, Huawei GT, Garmin","https://www.lazada.co.th/products/pdp-i5697013236.html","5"
"1791086758-71","https://www.lazada.co.th/tag/%E0%B8%99%E0%B8%B2%E0%B8%AC%E0%B8%B4%E0%B8%81%E0%B8%B2-galaxy-watch-7/?_keyori=ss&catalog_redirect_tag=true&from=search_history&page=5&q=%E0%B8%99%E0%B8%B2%E0%B8%AC%E0%B8%B4%E0%B8%81%E0%B8%B2%20galaxy%20watch%207&spm=a2o4m.tm80189098.search.2.f254oG8doG8dKq&sugg=%E0%B8%99%E0%B8%B2%E0%B8%AC%E0%B8%B4%E0%B8%81%E0%B8%B2%20galaxy%20watch%207_0_1","","เคสสำหรับ Smart Watch Series 11/10 46mm 42mm, ปกกันกระแทกพลาสติกพร้อมฟิล์มกระจกนิรภัยสำหรับหน้าจอ เคส 44mm 40mm 42mm 38mm 41mm 45mm สำหรับ iWatch Series 9 8 7 6 5 และ Series SE3/SE2/SE","฿42.00","เคสสำหรับ Smart Watch Series 11/10 46mm 42mm, ปกกันกระแทกพลาสติกพร้อมฟิล์มกระจกนิรภัยสำหรับหน้าจอ เคส 44mm 40mm 42mm 38mm 41mm 45mm สำหรับ iWatch Series 9 8 7 6 5 และ Series SE3/SE2/SE","https://www.lazada.co.th/products/pdp-i4532373853.html","4.9"
"1791086761-72","https://www.lazada.co.th/tag/%E0%B8%99%E0%B8%B2%E0%B8%AC%E0%B8%B4%E0%B8%81%E0%B8%B2-galaxy-watch-7/?_keyori=ss&catalog_redirect_tag=true&from=search_history&page=5&q=%E0%B8%99%E0%B8%B2%E0%B8%AC%E0%B8%B4%E0%B8%81%E0%B8%B2%20galaxy%20watch%207&spm=a2o4m.tm80189098.search.2.f254oG8doG8dKq&sugg=%E0%B8%99%E0%B8%B2%E0%B8%AC%E0%B8%B4%E0%B8%81%E0%B8%B2%20galaxy%20watch%207_0_1","","สายซิลิโคนสำหรับวง Xiaomi Mi 7 Mi Band 6 Mi Band 5 Mi Band 4 Mi Band 3ผู้หญิงผู้ชาย Xiaomi Smartwatch สายยืดกีฬาสำหรับวง Xiaomi Mi 7 6 5 4 3","฿33.00","สายซิลิโคนสำหรับวง Xiaomi Mi 7 Mi Band 6 Mi Band 5 Mi Band 4 Mi Band 3ผู้หญิงผู้ชาย Xiaomi Smartwatch สายยืดกีฬาสำหรับวง Xiaomi Mi 7 6 5 4 3","https://www.lazada.co.th/products/pdp-i3992896847.html","4.9"
"1791086763-73","https://www.lazada.co.th/tag/%E0%B8%99%E0%B8%B2%E0%B8%AC%E0%B8%B4%E0%B8%81%E0%B8%B2-galaxy-watch-7/?_keyori=ss&catalog_redirect_tag=true&from=search_history&page=5&q=%E0%B8%99%E0%B8%B2%E0%B8%AC%E0%B8%B4%E0%B8%81%E0%B8%B2%20galaxy%20watch%207&spm=a2o4m.tm80189098.search.2.f254oG8doG8dKq&sugg=%E0%B8%99%E0%B8%B2%E0%B8%AC%E0%B8%B4%E0%B8%81%E0%B8%B2%20galaxy%20watch%207_0_1","","ฟิล์มกระจก สำหรับ Samsung Galaxy Watch Ultra2 Ultra 2 กันตำแหน่งด้วยตนเอง FM0026","฿119.70","ฟิล์มกระจก สำหรับ Samsung Galaxy Watch Ultra2 Ultra 2 กันตำแหน่งด้วยตนเอง FM0026","https://www.lazada.co.th/products/pdp-i16248620369.html",""
"1791086765-74","https://www.lazada.co.th/tag/%E0%B8%99%E0%B8%B2%E0%B8%AC%E0%B8%B4%E0%B8%81%E0%B8%B2-galaxy-watch-7/?_keyori=ss&catalog_redirect_tag=true&from=search_history&page=5&q=%E0%B8%99%E0%B8%B2%E0%B8%AC%E0%B8%B4%E0%B8%81%E0%B8%B2%20galaxy%20watch%207&spm=a2o4m.tm80189098.search.2.f254oG8doG8dKq&sugg=%E0%B8%99%E0%B8%B2%E0%B8%AC%E0%B8%B4%E0%B8%81%E0%B8%B2%20galaxy%20watch%207_0_1","","SPIGEN เคสสำหรับ Galaxy Watch 7 44mm  [Bezel Tune Pro]  / เคส Galaxy Watch 7 44mm","฿1,170.00","SPIGEN เคสสำหรับ Galaxy Watch 7 44mm  [Bezel Tune Pro]  / เคส Galaxy Watch 7 44mm","https://www.lazada.co.th/products/pdp-i5180344639.html","4.9"
"1791086767-75","https://www.lazada.co.th/tag/%E0%B8%99%E0%B8%B2%E0%B8%AC%E0%B8%B4%E0%B8%81%E0%B8%B2-galaxy-watch-7/?_keyori=ss&catalog_redirect_tag=true&from=search_history&page=5&q=%E0%B8%99%E0%B8%B2%E0%B8%AC%E0%B8%B4%E0%B8%81%E0%B8%B2%20galaxy%20watch%207&spm=a2o4m.tm80189098.search.2.f254oG8doG8dKq&sugg=%E0%B8%99%E0%B8%B2%E0%B8%AC%E0%B8%B4%E0%B8%81%E0%B8%B2%20galaxy%20watch%207_0_1","","ฟิล์ม สําหรับ Samsung Galaxy Watch 8 ฟิล์มป้องกันหน้าจอ สําหรับนาฬิกาสมาร์ทวอทซ์ สําหรับ Samsung Galaxy Watch 8 Classic นาฬิกาอัฉริยะ","฿73.14","ฟิล์ม สําหรับ Samsung Galaxy Watch 8 ฟิล์มป้องกันหน้าจอ สําหรับนาฬิกาสมาร์ทวอทซ์ สําหรับ Samsung Galaxy Watch 8 Classic นาฬิกาอัฉริยะ","https://www.lazada.co.th/products/pdp-i5802484966.html","5"
"1791086770-76","https://www.lazada.co.th/tag/%E0%B8%99%E0%B8%B2%E0%B8%AC%E0%B8%B4%E0%B8%81%E0%B8%B2-galaxy-watch-7/?_keyori=ss&catalog_redirect_tag=true&from=search_history&page=5&q=%E0%B8%99%E0%B8%B2%E0%B8%AC%E0%B8%B4%E0%B8%81%E0%B8%B2%20galaxy%20watch%207&spm=a2o4m.tm80189098.search.2.f254oG8doG8dKq&sugg=%E0%B8%99%E0%B8%B2%E0%B8%AC%E0%B8%B4%E0%B8%81%E0%B8%B2%20galaxy%20watch%207_0_1","","Tempered Glass for Samsung Galaxy Watch 9 8 40mm 44mm ฟิล์มกันรอย ตัวป้องกันหน้าจอกระจกนิรภัย 3 มิติ ฟิล์มติดนาฬิกา Galaxy Watch 9 Classic 46mm ฟิล์ม Ultra 2026 2025 Screen Protective Glass","฿110.56","Tempered Glass for Samsung Galaxy Watch 9 8 40mm 44mm ฟิล์มกันรอย ตัวป้องกันหน้าจอกระจกนิรภัย 3 มิติ ฟิล์มติดนาฬิกา Galaxy Watch 9 Classic 46mm ฟิล์ม Ultra 2026 2025 Screen Protective Glass","https://www.lazada.co.th/products/pdp-i5799135297.html","4.9"
"1791086772-77","https://www.lazada.co.th/tag/%E0%B8%99%E0%B8%B2%E0%B8%AC%E0%B8%B4%E0%B8%81%E0%B8%B2-galaxy-watch-7/?_keyori=ss&catalog_redirect_tag=true&from=search_history&page=5&q=%E0%B8%99%E0%B8%B2%E0%B8%AC%E0%B8%B4%E0%B8%81%E0%B8%B2%20galaxy%20watch%207&spm=a2o4m.tm80189098.search.2.f254oG8doG8dKq&sugg=%E0%B8%99%E0%B8%B2%E0%B8%AC%E0%B8%B4%E0%B8%81%E0%B8%B2%20galaxy%20watch%207_0_1","","เคสซอฟท์ TPU สำหรับ Samsung Galaxy Watch 8 44mm 40mm อุปกรณ์เสริมสำหรับนาฬิกาอัจฉริยะ ฟิล์มกันหน้าจอ ฝาครอบป้องกันรอบด้าน สำหรับ Samsung Watch 8","฿30.00","เคสซอฟท์ TPU สำหรับ Samsung Galaxy Watch 8 44mm 40mm อุปกรณ์เสริมสำหรับนาฬิกาอัจฉริยะ ฟิล์มกันหน้าจอ ฝาครอบป้องกันรอบด้าน สำหรับ Samsung Watch 8","https://www.lazada.co.th/products/pdp-i5815525799.html","5"
"1791086774-78","https://www.lazada.co.th/tag/%E0%B8%99%E0%B8%B2%E0%B8%AC%E0%B8%B4%E0%B8%81%E0%B8%B2-galaxy-watch-7/?_keyori=ss&catalog_redirect_tag=true&from=search_history&page=5&q=%E0%B8%99%E0%B8%B2%E0%B8%AC%E0%B8%B4%E0%B8%81%E0%B8%B2%20galaxy%20watch%207&spm=a2o4m.tm80189098.search.2.f254oG8doG8dKq&sugg=%E0%B8%99%E0%B8%B2%E0%B8%AC%E0%B8%B4%E0%B8%81%E0%B8%B2%20galaxy%20watch%207_0_1","","เคส Samsung Galaxy Watch 5 / Watch 4 40mm 44mm เคส ฟิล์มกระจก กรอบกันรอย ซัมซุง galaxy watch 5/4","฿59.00","เคส Samsung Galaxy Watch 5 / Watch 4 40mm 44mm เคส ฟิล์มกระจก กรอบกันรอย ซัมซุง galaxy watch 5/4","https://www.lazada.co.th/products/pdp-i5017329338.html","4.9"
"1791086776-79","https://www.lazada.co.th/tag/%E0%B8%99%E0%B8%B2%E0%B8%AC%E0%B8%B4%E0%B8%81%E0%B8%B2-galaxy-watch-7/?_keyori=ss&catalog_redirect_tag=true&from=search_history&page=5&q=%E0%B8%99%E0%B8%B2%E0%B8%AC%E0%B8%B4%E0%B8%81%E0%B8%B2%20galaxy%20watch%207&spm=a2o4m.tm80189098.search.2.f254oG8doG8dKq&sugg=%E0%B8%99%E0%B8%B2%E0%B8%AC%E0%B8%B4%E0%B8%81%E0%B8%B2%20galaxy%20watch%207_0_1","","ฟิล์มกันรอย Samsung Watch 7 | ฟิล์มไฮโดรเจล | สินค้าของแท้ 100% | ฟิล์ม Samsung Watch 7","฿39.00","ฟิล์มกันรอย Samsung Watch 7 | ฟิล์มไฮโดรเจล | สินค้าของแท้ 100% | ฟิล์ม Samsung Watch 7","https://www.lazada.co.th/products/pdp-i5265823862.html","4.9"
"1791086778-80","https://www.lazada.co.th/tag/%E0%B8%99%E0%B8%B2%E0%B8%AC%E0%B8%B4%E0%B8%81%E0%B8%B2-galaxy-watch-7/?_keyori=ss&catalog_redirect_tag=true&from=search_history&page=5&q=%E0%B8%99%E0%B8%B2%E0%B8%AC%E0%B8%B4%E0%B8%81%E0%B8%B2%20galaxy%20watch%207&spm=a2o4m.tm80189098.search.2.f254oG8doG8dKq&sugg=%E0%B8%99%E0%B8%B2%E0%B8%AC%E0%B8%B4%E0%B8%81%E0%B8%B2%20galaxy%20watch%207_0_1","","เครื่องชาร์จแม่เหล็กนาฬิกา USB เหมาะสำหรับ iwatch series 9 8 5 6 4 3 2 1 7se สายชาร์จ Type C","฿84.00","เครื่องชาร์จแม่เหล็กนาฬิกา USB เหมาะสำหรับ iwatch series 9 8 5 6 4 3 2 1 7se สายชาร์จ Type C","https://www.lazada.co.th/products/pdp-i5336270949.html","4.9"
"1791086781-81","https://www.lazada.co.th/tag/%E0%B8%99%E0%B8%B2%E0%B8%AC%E0%B8%B4%E0%B8%81%E0%B8%B2-galaxy-watch-7/?_keyori=ss&catalog_redirect_tag=true&from=search_history&page=5&q=%E0%B8%99%E0%B8%B2%E0%B8%AC%E0%B8%B4%E0%B8%81%E0%B8%B2%20galaxy%20watch%207&spm=a2o4m.tm80189098.search.2.f254oG8doG8dKq&sugg=%E0%B8%99%E0%B8%B2%E0%B8%AC%E0%B8%B4%E0%B8%81%E0%B8%B2%20galaxy%20watch%207_0_1","","Redmi Watch 5 Active/Lite สายรัดซิลิโคนสีทึบ สายรัดที่เรียบง่ายและทนทาน Redmi Watch 5 Lite","฿43.77","Redmi Watch 5 Active/Lite สายรัดซิลิโคนสีทึบ สายรัดที่เรียบง่ายและทนทาน Redmi Watch 5 Lite","https://www.lazada.co.th/products/pdp-i5475602488.html","5"
"1791086783-82","https://www.lazada.co.th/tag/%E0%B8%99%E0%B8%B2%E0%B8%AC%E0%B8%B4%E0%B8%81%E0%B8%B2-galaxy-watch-7/?_keyori=ss&catalog_redirect_tag=true&from=search_history&page=5&q=%E0%B8%99%E0%B8%B2%E0%B8%AC%E0%B8%B4%E0%B8%81%E0%B8%B2%20galaxy%20watch%207&spm=a2o4m.tm80189098.search.2.f254oG8doG8dKq&sugg=%E0%B8%99%E0%B8%B2%E0%B8%AC%E0%B8%B4%E0%B8%81%E0%B8%B2%20galaxy%20watch%207_0_1","","สายซิลิโคนสำหรับนาฬิกา Redmi Watch 6 5 4 ผู้หญิงผู้ชายอุปกรณ์เสริมของสมาร์ทวอทช์ Xiaomi Mi Band 10 9 8 Pro กีฬายางรัด","฿48.00","สายซิลิโคนสำหรับนาฬิกา Redmi Watch 6 5 4 ผู้หญิงผู้ชายอุปกรณ์เสริมของสมาร์ทวอทช์ Xiaomi Mi Band 10 9 8 Pro กีฬายางรัด","https://www.lazada.co.th/products/pdp-i5535744660.html","4.9"
"1791086785-83","https://www.lazada.co.th/tag/%E0%B8%99%E0%B8%B2%E0%B8%AC%E0%B8%B4%E0%B8%81%E0%B8%B2-galaxy-watch-7/?_keyori=ss&catalog_redirect_tag=true&from=search_history&page=5&q=%E0%B8%99%E0%B8%B2%E0%B8%AC%E0%B8%B4%E0%B8%81%E0%B8%B2%20galaxy%20watch%207&spm=a2o4m.tm80189098.search.2.f254oG8doG8dKq&sugg=%E0%B8%99%E0%B8%B2%E0%B8%AC%E0%B8%B4%E0%B8%81%E0%B8%B2%20galaxy%20watch%207_0_1","","Samsong X11 Max 1.83 นิ้ว สมาร์ทวอทช์ เครื่องติดตามฟิตเนส อัตราการเต้นของหัวใจ/การตรวจจับความดันโลหิต กันน้ำ สมาทวอช","฿250.00","Samsong X11 Max 1.83 นิ้ว สมาร์ทวอทช์ เครื่องติดตามฟิตเนส อัตราการเต้นของหัวใจ/การตรวจจับความดันโลหิต กันน้ำ สมาทวอช","https://www.lazada.co.th/products/pdp-i5691415335.html","5"
"1791086787-84","https://www.lazada.co.th/tag/%E0%B8%99%E0%B8%B2%E0%B8%AC%E0%B8%B4%E0%B8%81%E0%B8%B2-galaxy-watch-7/?_keyori=ss&catalog_redirect_tag=true&from=search_history&page=5&q=%E0%B8%99%E0%B8%B2%E0%B8%AC%E0%B8%B4%E0%B8%81%E0%B8%B2%20galaxy%20watch%207&spm=a2o4m.tm80189098.search.2.f254oG8doG8dKq&sugg=%E0%B8%99%E0%B8%B2%E0%B8%AC%E0%B8%B4%E0%B8%81%E0%B8%B2%20galaxy%20watch%207_0_1","","สายชาร์จ Huawei Watch Fit / 2 / 3 / NEW / Huawei Band 6 / 7 / 8 / 9 / 10  / Honor Band 6 / ES","฿89.00","สายชาร์จ Huawei Watch Fit / 2 / 3 / NEW / Huawei Band 6 / 7 / 8 / 9 / 10  / Honor Band 6 / ES","https://www.lazada.co.th/products/pdp-i3962951941.html","4.9"
"1791086789-85","https://www.lazada.co.th/tag/%E0%B8%99%E0%B8%B2%E0%B8%AC%E0%B8%B4%E0%B8%81%E0%B8%B2-galaxy-watch-7/?_keyori=ss&catalog_redirect_tag=true&from=search_history&page=5&q=%E0%B8%99%E0%B8%B2%E0%B8%AC%E0%B8%B4%E0%B8%81%E0%B8%B2%20galaxy%20watch%207&spm=a2o4m.tm80189098.search.2.f254oG8doG8dKq&sugg=%E0%B8%99%E0%B8%B2%E0%B8%AC%E0%B8%B4%E0%B8%81%E0%B8%B2%20galaxy%20watch%207_0_1","","สายหนังแท้สำหรับ Huawei Watch Fit 5 Pro 5 / Huawei Watch Fit 4 Pro 4 3 2 Fit SE Huawei Fit3 Fit4 4 Pro 5 Pro สายนาฬิกาหนังซิลิโคน สายทดแทน","฿110.19","สายหนังแท้สำหรับ Huawei Watch Fit 5 Pro 5 / Huawei Watch Fit 4 Pro 4 3 2 Fit SE Huawei Fit3 Fit4 4 Pro 5 Pro สายนาฬิกาหนังซิลิโคน สายทดแทน","https://www.lazada.co.th/products/pdp-i5953760390.html","5"
"1791086791-86","https://www.lazada.co.th/tag/%E0%B8%99%E0%B8%B2%E0%B8%AC%E0%B8%B4%E0%B8%81%E0%B8%B2-galaxy-watch-7/?_keyori=ss&catalog_redirect_tag=true&from=search_history&page=5&q=%E0%B8%99%E0%B8%B2%E0%B8%AC%E0%B8%B4%E0%B8%81%E0%B8%B2%20galaxy%20watch%207&spm=a2o4m.tm80189098.search.2.f254oG8doG8dKq&sugg=%E0%B8%99%E0%B8%B2%E0%B8%AC%E0%B8%B4%E0%B8%81%E0%B8%B2%20galaxy%20watch%207_0_1","","SPIGEN เคสสำหรับ Galaxy Watch 7 44mm  [Bezel Tune]  / เคส Galaxy Watch 7 44mm","฿920.00","SPIGEN เคสสำหรับ Galaxy Watch 7 44mm  [Bezel Tune]  / เคส Galaxy Watch 7 44mm","https://www.lazada.co.th/products/pdp-i5180411150.html","4.7"
"1791086794-87","https://www.lazada.co.th/tag/%E0%B8%99%E0%B8%B2%E0%B8%AC%E0%B8%B4%E0%B8%81%E0%B8%B2-galaxy-watch-7/?_keyori=ss&catalog_redirect_tag=true&from=search_history&page=5&q=%E0%B8%99%E0%B8%B2%E0%B8%AC%E0%B8%B4%E0%B8%81%E0%B8%B2%20galaxy%20watch%207&spm=a2o4m.tm80189098.search.2.f254oG8doG8dKq&sugg=%E0%B8%99%E0%B8%B2%E0%B8%AC%E0%B8%B4%E0%B8%81%E0%B8%B2%20galaxy%20watch%207_0_1","","สายนาฬิกาข้อมือซิลิโคน ระบายอากาศ แบบเปลี่ยน สําหรับ Redmi Watch 3 Lite/Redmi Watch 3 Active","฿29.00","สายนาฬิกาข้อมือซิลิโคน ระบายอากาศ แบบเปลี่ยน สําหรับ Redmi Watch 3 Lite/Redmi Watch 3 Active","https://www.lazada.co.th/products/pdp-i5252720297.html","4.9"
"1791086796-88","https://www.lazada.co.th/tag/%E0%B8%99%E0%B8%B2%E0%B8%AC%E0%B8%B4%E0%B8%81%E0%B8%B2-galaxy-watch-7/?_keyori=ss&catalog_redirect_tag=true&from=search_history&page=5&q=%E0%B8%99%E0%B8%B2%E0%B8%AC%E0%B8%B4%E0%B8%81%E0%B8%B2%20galaxy%20watch%207&spm=a2o4m.tm80189098.search.2.f254oG8doG8dKq&sugg=%E0%B8%99%E0%B8%B2%E0%B8%AC%E0%B8%B4%E0%B8%81%E0%B8%B2%20galaxy%20watch%207_0_1","","สายกีฬา สายนาฬิกาข้อมือซิลิโคน แบบเปลี่ยน สําหรับ iWatch Series 11 10 9 8 7 6 SE 5 4  ultra  38 มม. 45 มม. 42 มม. 44 มม. 41 มม.49/46มม สายสําหรับแอปเปิ้ลวอช","฿38.00","สายกีฬา สายนาฬิกาข้อมือซิลิโคน แบบเปลี่ยน สําหรับ iWatch Series 11 10 9 8 7 6 SE 5 4  ultra  38 มม. 45 มม. 42 มม. 44 มม. 41 มม.49/46มม สายสําหรับแอปเปิ้ลวอช","https://www.lazada.co.th/products/pdp-i4131687287.html","4.9"
"1791086798-89","https://www.lazada.co.th/tag/%E0%B8%99%E0%B8%B2%E0%B8%AC%E0%B8%B4%E0%B8%81%E0%B8%B2-galaxy-watch-7/?_keyori=ss&catalog_redirect_tag=true&from=search_history&page=5&q=%E0%B8%99%E0%B8%B2%E0%B8%AC%E0%B8%B4%E0%B8%81%E0%B8%B2%20galaxy%20watch%207&spm=a2o4m.tm80189098.search.2.f254oG8doG8dKq&sugg=%E0%B8%99%E0%B8%B2%E0%B8%AC%E0%B8%B4%E0%B8%81%E0%B8%B2%20galaxy%20watch%207_0_1","","สวิตช์รีโมทคอนโทรลไร้สายกำลังสูง,433MHz AC 110V/220V/230V/240V 30A 1Ch เครื่องส่งสัญญาณรับรีเลย์สำหรับไฟ/โคมไฟ/ปั๊มน้ำเปิดปิด รีโมทควบคุมไฟ220v","฿124.00","สวิตช์รีโมทคอนโทรลไร้สายกำลังสูง,433MHz AC 110V/220V/230V/240V 30A 1Ch เครื่องส่งสัญญาณรับรีเลย์สำหรับไฟ/โคมไฟ/ปั๊มน้ำเปิดปิด รีโมทควบคุมไฟ220v","https://www.lazada.co.th/products/pdp-i4627013527.html","4.9"
"1791086800-90","https://www.lazada.co.th/tag/%E0%B8%99%E0%B8%B2%E0%B8%AC%E0%B8%B4%E0%B8%81%E0%B8%B2-galaxy-watch-7/?_keyori=ss&catalog_redirect_tag=true&from=search_history&page=5&q=%E0%B8%99%E0%B8%B2%E0%B8%AC%E0%B8%B4%E0%B8%81%E0%B8%B2%20galaxy%20watch%207&spm=a2o4m.tm80189098.search.2.f254oG8doG8dKq&sugg=%E0%B8%99%E0%B8%B2%E0%B8%AC%E0%B8%B4%E0%B8%81%E0%B8%B2%20galaxy%20watch%207_0_1","","สายนาฬิกาข้อมืออัจฉริยะ สายนาฬิกาสมาร์ทวอทช์ สำหรับ Xiaomi Mi Watch Lite","฿39.00","สายนาฬิกาข้อมืออัจฉริยะ สายนาฬิกาสมาร์ทวอทช์ สำหรับ Xiaomi Mi Watch Lite","https://www.lazada.co.th/products/pdp-i2794879857.html","4.9"
"1791086802-91","https://www.lazada.co.th/tag/%E0%B8%99%E0%B8%B2%E0%B8%AC%E0%B8%B4%E0%B8%81%E0%B8%B2-galaxy-watch-7/?_keyori=ss&catalog_redirect_tag=true&from=search_history&page=5&q=%E0%B8%99%E0%B8%B2%E0%B8%AC%E0%B8%B4%E0%B8%81%E0%B8%B2%20galaxy%20watch%207&spm=a2o4m.tm80189098.search.2.f254oG8doG8dKq&sugg=%E0%B8%99%E0%B8%B2%E0%B8%AC%E0%B8%B4%E0%B8%81%E0%B8%B2%20galaxy%20watch%207_0_1","","สายชาร์จ USB สําหรับ Samsung Galaxy Watch 8 Classic 7 FE 6 5 4 46มม. 40 มม. 44 มม. ขาตั้ง Dock Bracket สําหรับ Galaxy Watch Ultra 2025 สายชาร์จอะแดปเตอร์อุปกรณ์เสริม","฿233.68","สายชาร์จ USB สําหรับ Samsung Galaxy Watch 8 Classic 7 FE 6 5 4 46มม. 40 มม. 44 มม. ขาตั้ง Dock Bracket สําหรับ Galaxy Watch Ultra 2025 สายชาร์จอะแดปเตอร์อุปกรณ์เสริม","https://www.lazada.co.th/products/pdp-i5285257994.html","4.7"
"1791086804-92","https://www.lazada.co.th/tag/%E0%B8%99%E0%B8%B2%E0%B8%AC%E0%B8%B4%E0%B8%81%E0%B8%B2-galaxy-watch-7/?_keyori=ss&catalog_redirect_tag=true&from=search_history&page=5&q=%E0%B8%99%E0%B8%B2%E0%B8%AC%E0%B8%B4%E0%B8%81%E0%B8%B2%20galaxy%20watch%207&spm=a2o4m.tm80189098.search.2.f254oG8doG8dKq&sugg=%E0%B8%99%E0%B8%B2%E0%B8%AC%E0%B8%B4%E0%B8%81%E0%B8%B2%20galaxy%20watch%207_0_1","","นาฬิกา Samsung Galaxy Fit 3 จอแสดงผล AMOLED ขนาดใหญ่ 1.6 นิ้ว (รับประกัน 1 ปี) แถมฟิล์มกระจกไฮโดเจล","฿2,100.00","นาฬิกา Samsung Galaxy Fit 3 จอแสดงผล AMOLED ขนาดใหญ่ 1.6 นิ้ว (รับประกัน 1 ปี) แถมฟิล์มกระจกไฮโดเจล","https://www.lazada.co.th/products/pdp-i5129408793.html","5"
"1791086807-93","https://www.lazada.co.th/tag/%E0%B8%99%E0%B8%B2%E0%B8%AC%E0%B8%B4%E0%B8%81%E0%B8%B2-galaxy-watch-7/?_keyori=ss&catalog_redirect_tag=true&from=search_history&page=5&q=%E0%B8%99%E0%B8%B2%E0%B8%AC%E0%B8%B4%E0%B8%81%E0%B8%B2%20galaxy%20watch%207&spm=a2o4m.tm80189098.search.2.f254oG8doG8dKq&sugg=%E0%B8%99%E0%B8%B2%E0%B8%AC%E0%B8%B4%E0%B8%81%E0%B8%B2%20galaxy%20watch%207_0_1","","สมาร์ทวอทช์, สำหรับผู้ชายและผู้หญิง, นาฬิกาสปอร์ต, H9 pro MAX, หน้าจอสัมผัส HD 2.01"", เกม, บลูทูธ, รับเพลง / รับสาย, ขนาดกะทัดรัดและพกพา, เครื่องวัดความดัน, อุปกรณ์นาฬิกาจับเวลา, สวมใส่ได้, smart watch h9 promax นาฬิกา 202 สุขภาพ 5 เพื่อ","฿450.45","สมาร์ทวอทช์, สำหรับผู้ชายและผู้หญิง, นาฬิกาสปอร์ต, H9 pro MAX, หน้าจอสัมผัส HD 2.01"", เกม, บลูทูธ, รับเพลง / รับสาย, ขนาดกะทัดรัดและพกพา, เครื่องวัดความดัน, อุปกรณ์นาฬิกาจับเวลา, สวมใส่ได้, smart watch h9 promax นาฬิกา 202 สุขภาพ 5 เพื่อ","https://www.lazada.co.th/products/pdp-i16169738286.html",""
"1791086809-94","https://www.lazada.co.th/tag/%E0%B8%99%E0%B8%B2%E0%B8%AC%E0%B8%B4%E0%B8%81%E0%B8%B2-galaxy-watch-7/?_keyori=ss&catalog_redirect_tag=true&from=search_history&page=5&q=%E0%B8%99%E0%B8%B2%E0%B8%AC%E0%B8%B4%E0%B8%81%E0%B8%B2%20galaxy%20watch%207&spm=a2o4m.tm80189098.search.2.f254oG8doG8dKq&sugg=%E0%B8%99%E0%B8%B2%E0%B8%AC%E0%B8%B4%E0%B8%81%E0%B8%B2%20galaxy%20watch%207_0_1","","ฟิล์มกระจกนิรภัย For Samsung Galaxy Watch Ultra 47mm Watch 6 classic 43mm 47mm 7 6 5 4 40mm 44mm 5 Pro 45mm ฟิล์ม Tempered Glass Screen Protector film Clear Anti-Scratch cover watch7 ฟิล์มกันรอย ป้องกันหน้าจอ","฿429.00","ฟิล์มกระจกนิรภัย For Samsung Galaxy Watch Ultra 47mm Watch 6 classic 43mm 47mm 7 6 5 4 40mm 44mm 5 Pro 45mm ฟิล์ม Tempered Glass Screen Protector film Clear Anti-Scratch cover watch7 ฟิล์มกันรอย ป้องกันหน้าจอ","https://www.lazada.co.th/products/pdp-i4169324563.html","4.9"
"1791086811-95","https://www.lazada.co.th/tag/%E0%B8%99%E0%B8%B2%E0%B8%AC%E0%B8%B4%E0%B8%81%E0%B8%B2-galaxy-watch-7/?_keyori=ss&catalog_redirect_tag=true&from=search_history&page=5&q=%E0%B8%99%E0%B8%B2%E0%B8%AC%E0%B8%B4%E0%B8%81%E0%B8%B2%20galaxy%20watch%207&spm=a2o4m.tm80189098.search.2.f254oG8doG8dKq&sugg=%E0%B8%99%E0%B8%B2%E0%B8%AC%E0%B8%B4%E0%B8%81%E0%B8%B2%20galaxy%20watch%207_0_1","","แว่นกันแดด หูฟังบูลทูธ หูฟังกีฬา แว่นกันแดดบลูทูธไร้สาย ฟังเพลง/โทรเสียง4D แว่นตากีฬากันแดด หูฟังแว่นตาบลูทูธ แว่นตาหูฟัง","฿129.00","แว่นกันแดด หูฟังบูลทูธ หูฟังกีฬา แว่นกันแดดบลูทูธไร้สาย ฟังเพลง/โทรเสียง4D แว่นตากีฬากันแดด หูฟังแว่นตาบลูทูธ แว่นตาหูฟัง","https://www.lazada.co.th/products/pdp-i5011863827.html","4.9"
"1791086813-96","https://www.lazada.co.th/tag/%E0%B8%99%E0%B8%B2%E0%B8%AC%E0%B8%B4%E0%B8%81%E0%B8%B2-galaxy-watch-7/?_keyori=ss&catalog_redirect_tag=true&from=search_history&page=5&q=%E0%B8%99%E0%B8%B2%E0%B8%AC%E0%B8%B4%E0%B8%81%E0%B8%B2%20galaxy%20watch%207&spm=a2o4m.tm80189098.search.2.f254oG8doG8dKq&sugg=%E0%B8%99%E0%B8%B2%E0%B8%AC%E0%B8%B4%E0%B8%81%E0%B8%B2%20galaxy%20watch%207_0_1","","เคส PC กระจก Temepreed สำหรับ Apple Watch Ultra 3/2/1 ขนาด 49 มม. IWatch Series 11 10 9 8 7 6 5 4 Series SE 3/2/1 สาย 46 มม. 45 มม. 41 มม. 40 มม. 42 มม. 38 มม.","฿29.00","เคส PC กระจก Temepreed สำหรับ Apple Watch Ultra 3/2/1 ขนาด 49 มม. IWatch Series 11 10 9 8 7 6 5 4 Series SE 3/2/1 สาย 46 มม. 45 มม. 41 มม. 40 มม. 42 มม. 38 มม.","https://www.lazada.co.th/products/pdp-i5792886771.html","5"
"1791086815-97","https://www.lazada.co.th/tag/%E0%B8%99%E0%B8%B2%E0%B8%AC%E0%B8%B4%E0%B8%81%E0%B8%B2-galaxy-watch-7/?_keyori=ss&catalog_redirect_tag=true&from=search_history&page=5&q=%E0%B8%99%E0%B8%B2%E0%B8%AC%E0%B8%B4%E0%B8%81%E0%B8%B2%20galaxy%20watch%207&spm=a2o4m.tm80189098.search.2.f254oG8doG8dKq&sugg=%E0%B8%99%E0%B8%B2%E0%B8%AC%E0%B8%B4%E0%B8%81%E0%B8%B2%20galaxy%20watch%207_0_1","","SUPER D SHOP สมาร์ทวอชท์ GT3 MAX รองรับภาษาไทย สัมผัสได้เต็มหน้าจอ นาฬิกาผู้ชาย Sports กันน้ำ","฿199.00","SUPER D SHOP สมาร์ทวอชท์ GT3 MAX รองรับภาษาไทย สัมผัสได้เต็มหน้าจอ นาฬิกาผู้ชาย Sports กันน้ำ","https://www.lazada.co.th/products/pdp-i4991727902.html",""
"1791086818-98","https://www.lazada.co.th/tag/%E0%B8%99%E0%B8%B2%E0%B8%AC%E0%B8%B4%E0%B8%81%E0%B8%B2-galaxy-watch-7/?_keyori=ss&catalog_redirect_tag=true&from=search_history&page=5&q=%E0%B8%99%E0%B8%B2%E0%B8%AC%E0%B8%B4%E0%B8%81%E0%B8%B2%20galaxy%20watch%207&spm=a2o4m.tm80189098.search.2.f254oG8doG8dKq&sugg=%E0%B8%99%E0%B8%B2%E0%B8%AC%E0%B8%B4%E0%B8%81%E0%B8%B2%20galaxy%20watch%207_0_1","","เคส For Samsung Galaxy Watch 8 40มม.และ 44มม ฝาครอบเคส Soft TPU เคสนาฬิกาข้อมือ for Galaxy Watch 7 6 5 4 เคสนาฬิกาข้อมือ Accessories","฿141.00","เคส For Samsung Galaxy Watch 8 40มม.และ 44มม ฝาครอบเคส Soft TPU เคสนาฬิกาข้อมือ for Galaxy Watch 7 6 5 4 เคสนาฬิกาข้อมือ Accessories","https://www.lazada.co.th/products/pdp-i2757363762.html","4.9"
"1791086820-99","https://www.lazada.co.th/tag/%E0%B8%99%E0%B8%B2%E0%B8%AC%E0%B8%B4%E0%B8%81%E0%B8%B2-galaxy-watch-7/?_keyori=ss&catalog_redirect_tag=true&from=search_history&page=5&q=%E0%B8%99%E0%B8%B2%E0%B8%AC%E0%B8%B4%E0%B8%81%E0%B8%B2%20galaxy%20watch%207&spm=a2o4m.tm80189098.search.2.f254oG8doG8dKq&sugg=%E0%B8%99%E0%B8%B2%E0%B8%AC%E0%B8%B4%E0%B8%81%E0%B8%B2%20galaxy%20watch%207_0_1","","Samsung Smartwatch NFC GT5 นาฬิกาข้อมือสมาร์ทวอทช์ เชื่อมต่อบลูทูธ กันน้ำ วัดอัตราการเต้นหัวใจ เหมาะกับการเล่นฟิตเนส เล่นกีฬา","฿339.00","Samsung Smartwatch NFC GT5 นาฬิกาข้อมือสมาร์ทวอทช์ เชื่อมต่อบลูทูธ กันน้ำ วัดอัตราการเต้นหัวใจ เหมาะกับการเล่นฟิตเนส เล่นกีฬา","https://www.lazada.co.th/products/pdp-i4378764827.html","4"
"1791086822-100","https://www.lazada.co.th/tag/%E0%B8%99%E0%B8%B2%E0%B8%AC%E0%B8%B4%E0%B8%81%E0%B8%B2-galaxy-watch-7/?_keyori=ss&catalog_redirect_tag=true&from=search_history&page=5&q=%E0%B8%99%E0%B8%B2%E0%B8%AC%E0%B8%B4%E0%B8%81%E0%B8%B2%20galaxy%20watch%207&spm=a2o4m.tm80189098.search.2.f254oG8doG8dKq&sugg=%E0%B8%99%E0%B8%B2%E0%B8%AC%E0%B8%B4%E0%B8%81%E0%B8%B2%20galaxy%20watch%207_0_1","","SAMSUNG WATCH  สมาร์ทวอทช์  เครื่องวัด oxygen  เครื่องวัดความดัน  รองรับภาษา เครื่องวัดน้ำตาล IP67 กันน้ำ  สมาร์ทวอทช์ชายและหญิงของ GPS","฿2,500.00","SAMSUNG WATCH  สมาร์ทวอทช์  เครื่องวัด oxygen  เครื่องวัดความดัน  รองรับภาษา เครื่องวัดน้ำตาล IP67 กันน้ำ  สมาร์ทวอทช์ชายและหญิงของ GPS","https://www.lazada.co.th/products/pdp-i5173879682.html","4.9"
"1791086824-101","https://www.lazada.co.th/tag/%E0%B8%99%E0%B8%B2%E0%B8%AC%E0%B8%B4%E0%B8%81%E0%B8%B2-galaxy-watch-7/?_keyori=ss&catalog_redirect_tag=true&from=search_history&page=5&q=%E0%B8%99%E0%B8%B2%E0%B8%AC%E0%B8%B4%E0%B8%81%E0%B8%B2%20galaxy%20watch%207&spm=a2o4m.tm80189098.search.2.f254oG8doG8dKq&sugg=%E0%B8%99%E0%B8%B2%E0%B8%AC%E0%B8%B4%E0%B8%81%E0%B8%B2%20galaxy%20watch%207_0_1","","✨ในไทย พร้อมส่ง✨ฟิล์มกระจกใส สําหรับ huawei watch gt 7 gt6 กระจกนิรภัยกันรอยหน้าจอ สําหรับ huawei watch gt7 Pro","฿89.00","✨ในไทย พร้อมส่ง✨ฟิล์มกระจกใส สําหรับ huawei watch gt 7 gt6 กระจกนิรภัยกันรอยหน้าจอ สําหรับ huawei watch gt7 Pro","https://www.lazada.co.th/products/pdp-i5909893851.html","5"
"1791086826-102","https://www.lazada.co.th/tag/%E0%B8%99%E0%B8%B2%E0%B8%AC%E0%B8%B4%E0%B8%81%E0%B8%B2-galaxy-watch-7/?_keyori=ss&catalog_redirect_tag=true&from=search_history&page=5&q=%E0%B8%99%E0%B8%B2%E0%B8%AC%E0%B8%B4%E0%B8%81%E0%B8%B2%20galaxy%20watch%207&spm=a2o4m.tm80189098.search.2.f254oG8doG8dKq&sugg=%E0%B8%99%E0%B8%B2%E0%B8%AC%E0%B8%B4%E0%B8%81%E0%B8%B2%20galaxy%20watch%207_0_1","","เหมาะสำหรับ Redmi Watch 5 Active/Redmi Watch 5 Lite 22 มม. สายรัดซิลิโคนทดแทนใหม่ สวมใส่สบาย","฿44.74","เหมาะสำหรับ Redmi Watch 5 Active/Redmi Watch 5 Lite 22 มม. สายรัดซิลิโคนทดแทนใหม่ สวมใส่สบาย","https://www.lazada.co.th/products/pdp-i5475943570.html","5"
"1791086828-103","https://www.lazada.co.th/tag/%E0%B8%99%E0%B8%B2%E0%B8%AC%E0%B8%B4%E0%B8%81%E0%B8%B2-galaxy-watch-7/?_keyori=ss&catalog_redirect_tag=true&from=search_history&page=5&q=%E0%B8%99%E0%B8%B2%E0%B8%AC%E0%B8%B4%E0%B8%81%E0%B8%B2%20galaxy%20watch%207&spm=a2o4m.tm80189098.search.2.f254oG8doG8dKq&sugg=%E0%B8%99%E0%B8%B2%E0%B8%AC%E0%B8%B4%E0%B8%81%E0%B8%B2%20galaxy%20watch%207_0_1","","เคสกันรอยสมาร์ทวอทช์ Focus Shield Casing สำหรับ Apple Watch Series 11 10 4/5/6/7/8/9/SE/SE2/SE3","฿150.00","เคสกันรอยสมาร์ทวอทช์ Focus Shield Casing สำหรับ Apple Watch Series 11 10 4/5/6/7/8/9/SE/SE2/SE3","https://www.lazada.co.th/products/pdp-i4343552654.html","5"
"1791086831-104","https://www.lazada.co.th/tag/%E0%B8%99%E0%B8%B2%E0%B8%AC%E0%B8%B4%E0%B8%81%E0%B8%B2-galaxy-watch-7/?_keyori=ss&catalog_redirect_tag=true&from=search_history&page=5&q=%E0%B8%99%E0%B8%B2%E0%B8%AC%E0%B8%B4%E0%B8%81%E0%B8%B2%20galaxy%20watch%207&spm=a2o4m.tm80189098.search.2.f254oG8doG8dKq&sugg=%E0%B8%99%E0%B8%B2%E0%B8%AC%E0%B8%B4%E0%B8%81%E0%B8%B2%20galaxy%20watch%207_0_1","","สําหรับแอปเปิ้ลวอช สายนาฬิกา smart watch 11 10 9 8 Ultra7 6 se 5 4 3 สายนาฬิกา smart watch สายนิ่ม ปรับง่าย สาย 38/40/44/41/42/45/46/49 สายนาฬิกา","฿19.90","สําหรับแอปเปิ้ลวอช สายนาฬิกา smart watch 11 10 9 8 Ultra7 6 se 5 4 3 สายนาฬิกา smart watch สายนิ่ม ปรับง่าย สาย 38/40/44/41/42/45/46/49 สายนาฬิกา","https://www.lazada.co.th/products/pdp-i4210809644.html","4.9"
"1791086833-105","https://www.lazada.co.th/tag/%E0%B8%99%E0%B8%B2%E0%B8%AC%E0%B8%B4%E0%B8%81%E0%B8%B2-galaxy-watch-7/?_keyori=ss&catalog_redirect_tag=true&from=search_history&page=5&q=%E0%B8%99%E0%B8%B2%E0%B8%AC%E0%B8%B4%E0%B8%81%E0%B8%B2%20galaxy%20watch%207&spm=a2o4m.tm80189098.search.2.f254oG8doG8dKq&sugg=%E0%B8%99%E0%B8%B2%E0%B8%AC%E0%B8%B4%E0%B8%81%E0%B8%B2%20galaxy%20watch%207_0_1","","บลูทูธสมาร์ทวอทช์ จอสัมผัส กันน้ำนาฬิกาออกกำกายนาฬิกา Smart Watchวัดชีพจรนาฬิกานับก้าวการตรวจสอบกีฬานาฬิกาสมาทวอช เมนูภาษาไทย  รองรับ Android iOS","฿158.00","บลูทูธสมาร์ทวอทช์ จอสัมผัส กันน้ำนาฬิกาออกกำกายนาฬิกา Smart Watchวัดชีพจรนาฬิกานับก้าวการตรวจสอบกีฬานาฬิกาสมาทวอช เมนูภาษาไทย  รองรับ Android iOS","https://www.lazada.co.th/products/pdp-i5769953825.html","5"
"1791086835-106","https://www.lazada.co.th/tag/%E0%B8%99%E0%B8%B2%E0%B8%AC%E0%B8%B4%E0%B8%81%E0%B8%B2-galaxy-watch-7/?_keyori=ss&catalog_redirect_tag=true&from=search_history&page=5&q=%E0%B8%99%E0%B8%B2%E0%B8%AC%E0%B8%B4%E0%B8%81%E0%B8%B2%20galaxy%20watch%207&spm=a2o4m.tm80189098.search.2.f254oG8doG8dKq&sugg=%E0%B8%99%E0%B8%B2%E0%B8%AC%E0%B8%B4%E0%B8%81%E0%B8%B2%20galaxy%20watch%207_0_1","","เคส For Samsung Galaxy Watch 8 7 40mm 44mm เคสนาฬิกาข้อมือ TPU เคส Galaxy Watch 7 8 เคสกันรอยหน้าจอสําหรับ อุปกรณ์เสริมสม","฿121.54","เคส For Samsung Galaxy Watch 8 7 40mm 44mm เคสนาฬิกาข้อมือ TPU เคส Galaxy Watch 7 8 เคสกันรอยหน้าจอสําหรับ อุปกรณ์เสริมสม","https://www.lazada.co.th/products/pdp-i5226562742.html","4.9"
"1791086837-107","https://www.lazada.co.th/tag/%E0%B8%99%E0%B8%B2%E0%B8%AC%E0%B8%B4%E0%B8%81%E0%B8%B2-galaxy-watch-7/?_keyori=ss&catalog_redirect_tag=true&from=search_history&page=5&q=%E0%B8%99%E0%B8%B2%E0%B8%AC%E0%B8%B4%E0%B8%81%E0%B8%B2%20galaxy%20watch%207&spm=a2o4m.tm80189098.search.2.f254oG8doG8dKq&sugg=%E0%B8%99%E0%B8%B2%E0%B8%AC%E0%B8%B4%E0%B8%81%E0%B8%B2%20galaxy%20watch%207_0_1","","มาใหม่ สายสําหรับแอปเปิ้ลวอชสายสําหรับ Watch11 10 9 8 ultra 7 Se 6 5 4 3mm. 44mm 45mm.38mm.42mm 49mm 46mm UT ยาง","฿29.00","มาใหม่ สายสําหรับแอปเปิ้ลวอชสายสําหรับ Watch11 10 9 8 ultra 7 Se 6 5 4 3mm. 44mm 45mm.38mm.42mm 49mm 46mm UT ยาง","https://www.lazada.co.th/products/pdp-i4277510576.html","4.9"
"1791086839-108","https://www.lazada.co.th/tag/%E0%B8%99%E0%B8%B2%E0%B8%AC%E0%B8%B4%E0%B8%81%E0%B8%B2-galaxy-watch-7/?_keyori=ss&catalog_redirect_tag=true&from=search_history&page=5&q=%E0%B8%99%E0%B8%B2%E0%B8%AC%E0%B8%B4%E0%B8%81%E0%B8%B2%20galaxy%20watch%207&spm=a2o4m.tm80189098.search.2.f254oG8doG8dKq&sugg=%E0%B8%99%E0%B8%B2%E0%B8%AC%E0%B8%B4%E0%B8%81%E0%B8%B2%20galaxy%20watch%207_0_1","","💢Samsung Galaxy Watch 8💢AI smart watch ใหม่มือ1️⃣ ของแท้ศูนย์ไทย 💯%","฿6,417.87","💢Samsung Galaxy Watch 8💢AI smart watch ใหม่มือ1️⃣ ของแท้ศูนย์ไทย 💯%","https://www.lazada.co.th/products/pdp-i16263341205.html",""
"1791086841-109","https://www.lazada.co.th/tag/%E0%B8%99%E0%B8%B2%E0%B8%AC%E0%B8%B4%E0%B8%81%E0%B8%B2-galaxy-watch-7/?_keyori=ss&catalog_redirect_tag=true&from=search_history&page=5&q=%E0%B8%99%E0%B8%B2%E0%B8%AC%E0%B8%B4%E0%B8%81%E0%B8%B2%20galaxy%20watch%207&spm=a2o4m.tm80189098.search.2.f254oG8doG8dKq&sugg=%E0%B8%99%E0%B8%B2%E0%B8%AC%E0%B8%B4%E0%B8%81%E0%B8%B2%20galaxy%20watch%207_0_1","","นาฬิกาอัจฉริยะ AI ตรวจสุขภาพแม่นยำ ฟังก์ชันติดตามสุขภาพ สมาร์ทวอทช์ทันสมัย","฿413.72","นาฬิกาอัจฉริยะ AI ตรวจสุขภาพแม่นยำ ฟังก์ชันติดตามสุขภาพ สมาร์ทวอทช์ทันสมัย","https://www.lazada.co.th/products/pdp-i16222359855.html","5"
"1791086844-110","https://www.lazada.co.th/tag/%E0%B8%99%E0%B8%B2%E0%B8%AC%E0%B8%B4%E0%B8%81%E0%B8%B2-galaxy-watch-7/?_keyori=ss&catalog_redirect_tag=true&from=search_history&page=5&q=%E0%B8%99%E0%B8%B2%E0%B8%AC%E0%B8%B4%E0%B8%81%E0%B8%B2%20galaxy%20watch%207&spm=a2o4m.tm80189098.search.2.f254oG8doG8dKq&sugg=%E0%B8%99%E0%B8%B2%E0%B8%AC%E0%B8%B4%E0%B8%81%E0%B8%B2%20galaxy%20watch%207_0_1","","ฟิล์มกระจกกันรอย 25mm-45mm นาฬิกาหน้าจอกลม เต็มจอ Smart Watch 25mm 26mm 27mm 28mm 29mm 30mm 31mm 32mm 33mm 34mm 35mm 36mm 37mm 38mm 39mm 40mm 41mm 42mm 43mm 44mm 45mm","฿35.00","ฟิล์มกระจกกันรอย 25mm-45mm นาฬิกาหน้าจอกลม เต็มจอ Smart Watch 25mm 26mm 27mm 28mm 29mm 30mm 31mm 32mm 33mm 34mm 35mm 36mm 37mm 38mm 39mm 40mm 41mm 42mm 43mm 44mm 45mm","https://www.lazada.co.th/products/pdp-i4148865335.html","4.9"
"1791086846-111","https://www.lazada.co.th/tag/%E0%B8%99%E0%B8%B2%E0%B8%AC%E0%B8%B4%E0%B8%81%E0%B8%B2-galaxy-watch-7/?_keyori=ss&catalog_redirect_tag=true&from=search_history&page=5&q=%E0%B8%99%E0%B8%B2%E0%B8%AC%E0%B8%B4%E0%B8%81%E0%B8%B2%20galaxy%20watch%207&spm=a2o4m.tm80189098.search.2.f254oG8doG8dKq&sugg=%E0%B8%99%E0%B8%B2%E0%B8%AC%E0%B8%B4%E0%B8%81%E0%B8%B2%20galaxy%20watch%207_0_1","","สายไนลอนสำหรับ Samsung Galaxy Watch 7/นาฬิกา FE/6 Classic/6/5 Pro/5/4 Classic/4 ผู้หญิงผู้ชาย Samsung Smartwatch แถบแม่เหล็กยืดหยุ่น","฿154.00","สายไนลอนสำหรับ Samsung Galaxy Watch 7/นาฬิกา FE/6 Classic/6/5 Pro/5/4 Classic/4 ผู้หญิงผู้ชาย Samsung Smartwatch แถบแม่เหล็กยืดหยุ่น","https://www.lazada.co.th/products/pdp-i5117597981.html","4.9"
"1791086848-112","https://www.lazada.co.th/tag/%E0%B8%99%E0%B8%B2%E0%B8%AC%E0%B8%B4%E0%B8%81%E0%B8%B2-galaxy-watch-7/?_keyori=ss&catalog_redirect_tag=true&from=search_history&page=5&q=%E0%B8%99%E0%B8%B2%E0%B8%AC%E0%B8%B4%E0%B8%81%E0%B8%B2%20galaxy%20watch%207&spm=a2o4m.tm80189098.search.2.f254oG8doG8dKq&sugg=%E0%B8%99%E0%B8%B2%E0%B8%AC%E0%B8%B4%E0%B8%81%E0%B8%B2%20galaxy%20watch%207_0_1","","Gift voucherคูปองMajor popcorn64 ozกับน้ำอัดลม32 oz ปกติ380 ส่งสินค้าทางเเชท","฿219.00","Gift voucherคูปองMajor popcorn64 ozกับน้ำอัดลม32 oz ปกติ380 ส่งสินค้าทางเเชท","https://www.lazada.co.th/products/pdp-i16186909070.html","4.6"
"1791086850-113","https://www.lazada.co.th/tag/%E0%B8%99%E0%B8%B2%E0%B8%AC%E0%B8%B4%E0%B8%81%E0%B8%B2-galaxy-watch-7/?_keyori=ss&catalog_redirect_tag=true&from=search_history&page=5&q=%E0%B8%99%E0%B8%B2%E0%B8%AC%E0%B8%B4%E0%B8%81%E0%B8%B2%20galaxy%20watch%207&spm=a2o4m.tm80189098.search.2.f254oG8doG8dKq&sugg=%E0%B8%99%E0%B8%B2%E0%B8%AC%E0%B8%B4%E0%B8%81%E0%B8%B2%20galaxy%20watch%207_0_1","","Samsung Galaxy Watch9 40mm,44mm Bluetooth","฿9,590.00","Samsung Galaxy Watch9 40mm,44mm Bluetooth","https://www.lazada.co.th/products/pdp-i16218369343.html","5"
"1791086852-114","https://www.lazada.co.th/tag/%E0%B8%99%E0%B8%B2%E0%B8%AC%E0%B8%B4%E0%B8%81%E0%B8%B2-galaxy-watch-7/?_keyori=ss&catalog_redirect_tag=true&from=search_history&page=5&q=%E0%B8%99%E0%B8%B2%E0%B8%AC%E0%B8%B4%E0%B8%81%E0%B8%B2%20galaxy%20watch%207&spm=a2o4m.tm80189098.search.2.f254oG8doG8dKq&sugg=%E0%B8%99%E0%B8%B2%E0%B8%AC%E0%B8%B4%E0%B8%81%E0%B8%B2%20galaxy%20watch%207_0_1","","✨ในไทย พร้อมส่ง✨เคส For Samsung Galaxy Watch 8 8 Classic 7 40มม 44มม เคส เคสกันรอยหน้าปัดนาฬิกาข้อมืออัจฉริยะ สำหรับ Galaxy Watch7 40มม 44มม เคส","฿123.00","✨ในไทย พร้อมส่ง✨เคส For Samsung Galaxy Watch 8 8 Classic 7 40มม 44มม เคส เคสกันรอยหน้าปัดนาฬิกาข้อมืออัจฉริยะ สำหรับ Galaxy Watch7 40มม 44มม เคส","https://www.lazada.co.th/products/pdp-i5252827385.html","4.9"
"1791086855-115","https://www.lazada.co.th/tag/%E0%B8%99%E0%B8%B2%E0%B8%AC%E0%B8%B4%E0%B8%81%E0%B8%B2-galaxy-watch-7/?_keyori=ss&catalog_redirect_tag=true&from=search_history&page=5&q=%E0%B8%99%E0%B8%B2%E0%B8%AC%E0%B8%B4%E0%B8%81%E0%B8%B2%20galaxy%20watch%207&spm=a2o4m.tm80189098.search.2.f254oG8doG8dKq&sugg=%E0%B8%99%E0%B8%B2%E0%B8%AC%E0%B8%B4%E0%B8%81%E0%B8%B2%20galaxy%20watch%207_0_1","","กระจกเทมเปอร์ปกป้องหน้าจอสำหรับ Samsung Galaxy Watch 8 44mm 40mm 8 Classic 46mm | ป้องกันรอยขีดข่วนติดตั้งง่ายฟิล์มป้องกัน","฿32.00","กระจกเทมเปอร์ปกป้องหน้าจอสำหรับ Samsung Galaxy Watch 8 44mm 40mm 8 Classic 46mm | ป้องกันรอยขีดข่วนติดตั้งง่ายฟิล์มป้องกัน","https://www.lazada.co.th/products/pdp-i16120138532.html",""
"1791086857-116","https://www.lazada.co.th/tag/%E0%B8%99%E0%B8%B2%E0%B8%AC%E0%B8%B4%E0%B8%81%E0%B8%B2-galaxy-watch-7/?_keyori=ss&catalog_redirect_tag=true&from=search_history&page=5&q=%E0%B8%99%E0%B8%B2%E0%B8%AC%E0%B8%B4%E0%B8%81%E0%B8%B2%20galaxy%20watch%207&spm=a2o4m.tm80189098.search.2.f254oG8doG8dKq&sugg=%E0%B8%99%E0%B8%B2%E0%B8%AC%E0%B8%B4%E0%B8%81%E0%B8%B2%20galaxy%20watch%207_0_1","","ฟิล์มกันรอยนาฬิกา Samsung Galaxy Watch 9 | ฟิล์ม Samsung Galaxy Watch 9  | ฟิล์มนาฬิกาสมาร์ทวอช | ฟิล์มโฟกัส | ฟิล์มนาฬิกา smartwatch","฿69.00","ฟิล์มกันรอยนาฬิกา Samsung Galaxy Watch 9 | ฟิล์ม Samsung Galaxy Watch 9  | ฟิล์มนาฬิกาสมาร์ทวอช | ฟิล์มโฟกัส | ฟิล์มนาฬิกา smartwatch","https://www.lazada.co.th/products/pdp-i16244985862.html","5"
"1791086859-117","https://www.lazada.co.th/tag/%E0%B8%99%E0%B8%B2%E0%B8%AC%E0%B8%B4%E0%B8%81%E0%B8%B2-galaxy-watch-7/?_keyori=ss&catalog_redirect_tag=true&from=search_history&page=5&q=%E0%B8%99%E0%B8%B2%E0%B8%AC%E0%B8%B4%E0%B8%81%E0%B8%B2%20galaxy%20watch%207&spm=a2o4m.tm80189098.search.2.f254oG8doG8dKq&sugg=%E0%B8%99%E0%B8%B2%E0%B8%AC%E0%B8%B4%E0%B8%81%E0%B8%B2%20galaxy%20watch%207_0_1","","สำหรับ Galaxy Watch 7 FE 6 5 4 40mm 44mm/Galaxy Watch 6 Classic 43mm 47mm/5 Pro 45mm/4 Classic 42mm 46mm ไม่มีช่องว่างSamsung Smartwatchซิลิโคนสายกีฬา","฿78.00","สำหรับ Galaxy Watch 7 FE 6 5 4 40mm 44mm/Galaxy Watch 6 Classic 43mm 47mm/5 Pro 45mm/4 Classic 42mm 46mm ไม่มีช่องว่างSamsung Smartwatchซิลิโคนสายกีฬา","https://www.lazada.co.th/products/pdp-i5249660909.html","5"
"1791086861-118","https://www.lazada.co.th/tag/%E0%B8%99%E0%B8%B2%E0%B8%AC%E0%B8%B4%E0%B8%81%E0%B8%B2-galaxy-watch-7/?_keyori=ss&catalog_redirect_tag=true&from=search_history&page=5&q=%E0%B8%99%E0%B8%B2%E0%B8%AC%E0%B8%B4%E0%B8%81%E0%B8%B2%20galaxy%20watch%207&spm=a2o4m.tm80189098.search.2.f254oG8doG8dKq&sugg=%E0%B8%99%E0%B8%B2%E0%B8%AC%E0%B8%B4%E0%B8%81%E0%B8%B2%20galaxy%20watch%207_0_1","","ฟิล์มกระจกนิรภัยกันรอยหน้าจอ สําหรับ Samsung Galaxy Watch Ultra 2025 8 Classic Galaxy Watch 8 7 40 มม. 44 มม. ฟิล์ม ด้วยเครื่องมือติดฟิล์มอัตโนมัติ","฿104.86","ฟิล์มกระจกนิรภัยกันรอยหน้าจอ สําหรับ Samsung Galaxy Watch Ultra 2025 8 Classic Galaxy Watch 8 7 40 มม. 44 มม. ฟิล์ม ด้วยเครื่องมือติดฟิล์มอัตโนมัติ","https://www.lazada.co.th/products/pdp-i5252537265.html","4.9"
"1791086863-119","https://www.lazada.co.th/tag/%E0%B8%99%E0%B8%B2%E0%B8%AC%E0%B8%B4%E0%B8%81%E0%B8%B2-galaxy-watch-7/?_keyori=ss&catalog_redirect_tag=true&from=search_history&page=5&q=%E0%B8%99%E0%B8%B2%E0%B8%AC%E0%B8%B4%E0%B8%81%E0%B8%B2%20galaxy%20watch%207&spm=a2o4m.tm80189098.search.2.f254oG8doG8dKq&sugg=%E0%B8%99%E0%B8%B2%E0%B8%AC%E0%B8%B4%E0%B8%81%E0%B8%B2%20galaxy%20watch%207_0_1","","CRESTED | สายรัดนาฬิกาแบบร่มชูชีพขนาด 20 มม. 22 มม. สำหรับ Samsung Galaxy Watch 7 6 5 4 40 มม. 44 มม. 6Classic 47 มม. สายไนลอนสำหรับ Huawei Watch GT5 Pro 4 (1/2 ชิ้น)","฿164.91","CRESTED | สายรัดนาฬิกาแบบร่มชูชีพขนาด 20 มม. 22 มม. สำหรับ Samsung Galaxy Watch 7 6 5 4 40 มม. 44 มม. 6Classic 47 มม. สายไนลอนสำหรับ Huawei Watch GT5 Pro 4 (1/2 ชิ้น)","https://www.lazada.co.th/products/pdp-i16127014376.html","5"
"1791086866-120","https://www.lazada.co.th/tag/%E0%B8%99%E0%B8%B2%E0%B8%AC%E0%B8%B4%E0%B8%81%E0%B8%B2-galaxy-watch-7/?_keyori=ss&catalog_redirect_tag=true&from=search_history&page=5&q=%E0%B8%99%E0%B8%B2%E0%B8%AC%E0%B8%B4%E0%B8%81%E0%B8%B2%20galaxy%20watch%207&spm=a2o4m.tm80189098.search.2.f254oG8doG8dKq&sugg=%E0%B8%99%E0%B8%B2%E0%B8%AC%E0%B8%B4%E0%B8%81%E0%B8%B2%20galaxy%20watch%207_0_1","","Apple Watch Case PC + แก้วสำหรับ iWatch 11/10/9/8/7/6/5/4/3/2/1/SE นาฬิกากันน้ำ 38 มม./40 มม./41 มม./42 มม./44 มม./45 มม./46 มม./49 มม.","฿32.00","Apple Watch Case PC + แก้วสำหรับ iWatch 11/10/9/8/7/6/5/4/3/2/1/SE นาฬิกากันน้ำ 38 มม./40 มม./41 มม./42 มม./44 มม./45 มม./46 มม./49 มม.","https://www.lazada.co.th/products/pdp-i4226577673.html","4.9"
"1791086870-121","https://www.lazada.co.th/tag/%E0%B8%99%E0%B8%B2%E0%B8%AC%E0%B8%B4%E0%B8%81%E0%B8%B2-galaxy-watch-7/?_keyori=ss&catalog_redirect_tag=true&from=search_history&page=5&q=%E0%B8%99%E0%B8%B2%E0%B8%AC%E0%B8%B4%E0%B8%81%E0%B8%B2%20galaxy%20watch%207&spm=a2o4m.tm80189098.search.2.f254oG8doG8dKq&sugg=%E0%B8%99%E0%B8%B2%E0%B8%AC%E0%B8%B4%E0%B8%81%E0%B8%B2%20galaxy%20watch%207_0_1","","จัดส่งภายใน24ชั่วโมง Watch 7สมาร์ทวอทช์กันน้ำ IP67 โหมดกีฬาหลายโหมด ออกซิเจนในเลือด น้ำตาลในเลือด ทดสอบความดันโลห มีโหมดให้เลือกหลายแบบ","฿198.00","จัดส่งภายใน24ชั่วโมง Watch 7สมาร์ทวอทช์กันน้ำ IP67 โหมดกีฬาหลายโหมด ออกซิเจนในเลือด น้ำตาลในเลือด ทดสอบความดันโลห มีโหมดให้เลือกหลายแบบ","https://www.lazada.co.th/products/pdp-i16186026004.html",""
"1791086872-122","https://www.lazada.co.th/tag/%E0%B8%99%E0%B8%B2%E0%B8%AC%E0%B8%B4%E0%B8%81%E0%B8%B2-galaxy-watch-7/?_keyori=ss&catalog_redirect_tag=true&from=search_history&page=5&q=%E0%B8%99%E0%B8%B2%E0%B8%AC%E0%B8%B4%E0%B8%81%E0%B8%B2%20galaxy%20watch%207&spm=a2o4m.tm80189098.search.2.f254oG8doG8dKq&sugg=%E0%B8%99%E0%B8%B2%E0%B8%AC%E0%B8%B4%E0%B8%81%E0%B8%B2%20galaxy%20watch%207_0_1","","เคส Armor แบบนิ่ม สไตล์มินิมอล สําหรับ Apple watch series 11 10 9 8 Ultra 7 6 SE 5 4 3 2 1 case 40/41/44/45/46mm เคสซิลิโคน เคส","฿55.00","เคส Armor แบบนิ่ม สไตล์มินิมอล สําหรับ Apple watch series 11 10 9 8 Ultra 7 6 SE 5 4 3 2 1 case 40/41/44/45/46mm เคสซิลิโคน เคส","https://www.lazada.co.th/products/pdp-i5119874481.html","4.9"
"1791086874-123","https://www.lazada.co.th/tag/%E0%B8%99%E0%B8%B2%E0%B8%AC%E0%B8%B4%E0%B8%81%E0%B8%B2-galaxy-watch-7/?_keyori=ss&catalog_redirect_tag=true&from=search_history&page=5&q=%E0%B8%99%E0%B8%B2%E0%B8%AC%E0%B8%B4%E0%B8%81%E0%B8%B2%20galaxy%20watch%207&spm=a2o4m.tm80189098.search.2.f254oG8doG8dKq&sugg=%E0%B8%99%E0%B8%B2%E0%B8%AC%E0%B8%B4%E0%B8%81%E0%B8%B2%20galaxy%20watch%207_0_1","","สายรัดนาฬิกาข้อมือยางแท้สำหรับ Samsung Galaxy Fit 3 อุปกรณ์เสริมสำหรับนาฬิกาอัจฉริยะ สายรัดข้อมือเปลี่ยนสายสปอร์ตซิลิโคนสำหรับ Samsung Fit 3","฿32.00","สายรัดนาฬิกาข้อมือยางแท้สำหรับ Samsung Galaxy Fit 3 อุปกรณ์เสริมสำหรับนาฬิกาอัจฉริยะ สายรัดข้อมือเปลี่ยนสายสปอร์ตซิลิโคนสำหรับ Samsung Fit 3","https://www.lazada.co.th/products/pdp-i5884915590.html","4.9"
"1791086876-124","https://www.lazada.co.th/tag/%E0%B8%99%E0%B8%B2%E0%B8%AC%E0%B8%B4%E0%B8%81%E0%B8%B2-galaxy-watch-7/?_keyori=ss&catalog_redirect_tag=true&from=search_history&page=5&q=%E0%B8%99%E0%B8%B2%E0%B8%AC%E0%B8%B4%E0%B8%81%E0%B8%B2%20galaxy%20watch%207&spm=a2o4m.tm80189098.search.2.f254oG8doG8dKq&sugg=%E0%B8%99%E0%B8%B2%E0%B8%AC%E0%B8%B4%E0%B8%81%E0%B8%B2%20galaxy%20watch%207_0_1","","สมาร์ทสร้อยข้อมือ ตรวจสุขภาพ การนอนหลับลึก ฟังก์ชันการตรวจจับสุขภาพอัจฉริยะ","฿691.17","สมาร์ทสร้อยข้อมือ ตรวจสุขภาพ การนอนหลับลึก ฟังก์ชันการตรวจจับสุขภาพอัจฉริยะ","https://www.lazada.co.th/products/pdp-i16195963785.html","5"
"1791086879-125","https://www.lazada.co.th/tag/%E0%B8%99%E0%B8%B2%E0%B8%AC%E0%B8%B4%E0%B8%81%E0%B8%B2-galaxy-watch-7/?_keyori=ss&catalog_redirect_tag=true&from=search_history&page=5&q=%E0%B8%99%E0%B8%B2%E0%B8%AC%E0%B8%B4%E0%B8%81%E0%B8%B2%20galaxy%20watch%207&spm=a2o4m.tm80189098.search.2.f254oG8doG8dKq&sugg=%E0%B8%99%E0%B8%B2%E0%B8%AC%E0%B8%B4%E0%B8%81%E0%B8%B2%20galaxy%20watch%207_0_1","","สำหรับ สาย Xiaomi Redmi watch 3 active / Redmi watch 3 Lite สายนาฬิกา","฿29.00","สำหรับ สาย Xiaomi Redmi watch 3 active / Redmi watch 3 Lite สายนาฬิกา","https://www.lazada.co.th/products/pdp-i5237774624.html","4.9"
"1791086881-126","https://www.lazada.co.th/tag/%E0%B8%99%E0%B8%B2%E0%B8%AC%E0%B8%B4%E0%B8%81%E0%B8%B2-galaxy-watch-7/?_keyori=ss&catalog_redirect_tag=true&from=search_history&page=5&q=%E0%B8%99%E0%B8%B2%E0%B8%AC%E0%B8%B4%E0%B8%81%E0%B8%B2%20galaxy%20watch%207&spm=a2o4m.tm80189098.search.2.f254oG8doG8dKq&sugg=%E0%B8%99%E0%B8%B2%E0%B8%AC%E0%B8%B4%E0%B8%81%E0%B8%B2%20galaxy%20watch%207_0_1","","หน้าจอทัชสกรีน ขนาดใหญ่ [สมาร์ทวอทช์กันน้ำ] วัดระดับน้ำตาลในเลือด/ความดันโลหิต ฟิตเนสแทรคเกอร์ บลูทูธ","฿131.20","หน้าจอทัชสกรีน ขนาดใหญ่ [สมาร์ทวอทช์กันน้ำ] วัดระดับน้ำตาลในเลือด/ความดันโลหิต ฟิตเนสแทรคเกอร์ บลูทูธ","https://www.lazada.co.th/products/pdp-i5817007005.html",""
"1791086883-127","https://www.lazada.co.th/tag/%E0%B8%99%E0%B8%B2%E0%B8%AC%E0%B8%B4%E0%B8%81%E0%B8%B2-galaxy-watch-7/?_keyori=ss&catalog_redirect_tag=true&from=search_history&page=5&q=%E0%B8%99%E0%B8%B2%E0%B8%AC%E0%B8%B4%E0%B8%81%E0%B8%B2%20galaxy%20watch%207&spm=a2o4m.tm80189098.search.2.f254oG8doG8dKq&sugg=%E0%B8%99%E0%B8%B2%E0%B8%AC%E0%B8%B4%E0%B8%81%E0%B8%B2%20galaxy%20watch%207_0_1","","SEA YADOU   นาฬิกาสมาร์ทวอชแฟชั่นสำหรับผู้ชายและผู้หญิงพร้อมฟังก์ชันวัดอัตราการเต้นของหัวใจและแสงสว่างในเวลากลางคืน","฿72.00","SEA YADOU   นาฬิกาสมาร์ทวอชแฟชั่นสำหรับผู้ชายและผู้หญิงพร้อมฟังก์ชันวัดอัตราการเต้นของหัวใจและแสงสว่างในเวลากลางคืน","https://www.lazada.co.th/products/pdp-i16163738676.html","5"
"1791086885-128","https://www.lazada.co.th/tag/%E0%B8%99%E0%B8%B2%E0%B8%AC%E0%B8%B4%E0%B8%81%E0%B8%B2-galaxy-watch-7/?_keyori=ss&catalog_redirect_tag=true&from=search_history&page=5&q=%E0%B8%99%E0%B8%B2%E0%B8%AC%E0%B8%B4%E0%B8%81%E0%B8%B2%20galaxy%20watch%207&spm=a2o4m.tm80189098.search.2.f254oG8doG8dKq&sugg=%E0%B8%99%E0%B8%B2%E0%B8%AC%E0%B8%B4%E0%B8%81%E0%B8%B2%20galaxy%20watch%207_0_1","","Muse Harbor  นาฬิกาสมาร์ทวอชพร้อมฟังก์ชันวัดหัวใจและนับก้าวสำหรับคนรักการออกกำลังกาย","฿15.00","Muse Harbor  นาฬิกาสมาร์ทวอชพร้อมฟังก์ชันวัดหัวใจและนับก้าวสำหรับคนรักการออกกำลังกาย","https://www.lazada.co.th/products/pdp-i16164335613.html","5"
"1791086887-129","https://www.lazada.co.th/tag/%E0%B8%99%E0%B8%B2%E0%B8%AC%E0%B8%B4%E0%B8%81%E0%B8%B2-galaxy-watch-7/?_keyori=ss&catalog_redirect_tag=true&from=search_history&page=5&q=%E0%B8%99%E0%B8%B2%E0%B8%AC%E0%B8%B4%E0%B8%81%E0%B8%B2%20galaxy%20watch%207&spm=a2o4m.tm80189098.search.2.f254oG8doG8dKq&sugg=%E0%B8%99%E0%B8%B2%E0%B8%AC%E0%B8%B4%E0%B8%81%E0%B8%B2%20galaxy%20watch%207_0_1","","เคสแอปเปิ้ลวอช + ฟิลม์กระจกในตัว case สําหรับ Applewatch 11 10 9 8 7 6 5 4 Se เคสกระจก ขนาด41/40mm 44/45/49/46มม . เคสแอปเปิ้ลวอช","฿29.00","เคสแอปเปิ้ลวอช + ฟิลม์กระจกในตัว case สําหรับ Applewatch 11 10 9 8 7 6 5 4 Se เคสกระจก ขนาด41/40mm 44/45/49/46มม . เคสแอปเปิ้ลวอช","https://www.lazada.co.th/products/pdp-i3470095773.html","4.9"
"1791086889-130","https://www.lazada.co.th/tag/%E0%B8%99%E0%B8%B2%E0%B8%AC%E0%B8%B4%E0%B8%81%E0%B8%B2-galaxy-watch-7/?_keyori=ss&catalog_redirect_tag=true&from=search_history&page=5&q=%E0%B8%99%E0%B8%B2%E0%B8%AC%E0%B8%B4%E0%B8%81%E0%B8%B2%20galaxy%20watch%207&spm=a2o4m.tm80189098.search.2.f254oG8doG8dKq&sugg=%E0%B8%99%E0%B8%B2%E0%B8%AC%E0%B8%B4%E0%B8%81%E0%B8%B2%20galaxy%20watch%207_0_1","","เคส  AppleWatch case ขนาด 38 มม. 40 มม. 42 มม. 44/46 มม. ซิลิโคนอ่อนนุ่มหุ้มใสสำหรับ iWatchSeries 11/10/8/7 6/5/4/3/2/1 CASE WATCH 11","฿13.00","เคส  AppleWatch case ขนาด 38 มม. 40 มม. 42 มม. 44/46 มม. ซิลิโคนอ่อนนุ่มหุ้มใสสำหรับ iWatchSeries 11/10/8/7 6/5/4/3/2/1 CASE WATCH 11","https://www.lazada.co.th/products/pdp-i2895274822.html","4.9"
"1791086891-131","https://www.lazada.co.th/tag/%E0%B8%99%E0%B8%B2%E0%B8%AC%E0%B8%B4%E0%B8%81%E0%B8%B2-galaxy-watch-7/?_keyori=ss&catalog_redirect_tag=true&from=search_history&page=5&q=%E0%B8%99%E0%B8%B2%E0%B8%AC%E0%B8%B4%E0%B8%81%E0%B8%B2%20galaxy%20watch%207&spm=a2o4m.tm80189098.search.2.f254oG8doG8dKq&sugg=%E0%B8%99%E0%B8%B2%E0%B8%AC%E0%B8%B4%E0%B8%81%E0%B8%B2%20galaxy%20watch%207_0_1","","สายชาร์จนาฬิกา Samsung Galaxy Fit 3 - อุปกรณ์ชาร์จที่ใช้ร่วมกันได้สำหรับ Galaxy Watch Fit3","฿63.00","สายชาร์จนาฬิกา Samsung Galaxy Fit 3 - อุปกรณ์ชาร์จที่ใช้ร่วมกันได้สำหรับ Galaxy Watch Fit3","https://www.lazada.co.th/products/pdp-i16181306277.html","5"
"1791086894-132","https://www.lazada.co.th/tag/%E0%B8%99%E0%B8%B2%E0%B8%AC%E0%B8%B4%E0%B8%81%E0%B8%B2-galaxy-watch-7/?_keyori=ss&catalog_redirect_tag=true&from=search_history&page=5&q=%E0%B8%99%E0%B8%B2%E0%B8%AC%E0%B8%B4%E0%B8%81%E0%B8%B2%20galaxy%20watch%207&spm=a2o4m.tm80189098.search.2.f254oG8doG8dKq&sugg=%E0%B8%99%E0%B8%B2%E0%B8%AC%E0%B8%B4%E0%B8%81%E0%B8%B2%20galaxy%20watch%207_0_1","","การโทรผ่านบลูทูธหน้าจอสัมผัสแบบเต็มหน้าจอของสมาร์ทวอทช์ - Galaxy Watch Active 2 Pro Ultra","฿682.00","การโทรผ่านบลูทูธหน้าจอสัมผัสแบบเต็มหน้าจอของสมาร์ทวอทช์ - Galaxy Watch Active 2 Pro Ultra","https://www.lazada.co.th/products/pdp-i16254104064.html",""
"1791086896-133","https://www.lazada.co.th/tag/%E0%B8%99%E0%B8%B2%E0%B8%AC%E0%B8%B4%E0%B8%81%E0%B8%B2-galaxy-watch-7/?_keyori=ss&catalog_redirect_tag=true&from=search_history&page=5&q=%E0%B8%99%E0%B8%B2%E0%B8%AC%E0%B8%B4%E0%B8%81%E0%B8%B2%20galaxy%20watch%207&spm=a2o4m.tm80189098.search.2.f254oG8doG8dKq&sugg=%E0%B8%99%E0%B8%B2%E0%B8%AC%E0%B8%B4%E0%B8%81%E0%B8%B2%20galaxy%20watch%207_0_1","","Axon Mega Active Smart watch จอ Amoled 1.70"" โหมดกีฬา 100+ รับสาย คุยผ่านนาฬิกา IP68 กันน้ำ กันฝน รับประกัน 2 ปี","฿1,773.00","Axon Mega Active Smart watch จอ Amoled 1.70"" โหมดกีฬา 100+ รับสาย คุยผ่านนาฬิกา IP68 กันน้ำ กันฝน รับประกัน 2 ปี","https://www.lazada.co.th/products/pdp-i16215381502.html","4.9"
"1791086898-134","https://www.lazada.co.th/tag/%E0%B8%99%E0%B8%B2%E0%B8%AC%E0%B8%B4%E0%B8%81%E0%B8%B2-galaxy-watch-7/?_keyori=ss&catalog_redirect_tag=true&from=search_history&page=5&q=%E0%B8%99%E0%B8%B2%E0%B8%AC%E0%B8%B4%E0%B8%81%E0%B8%B2%20galaxy%20watch%207&spm=a2o4m.tm80189098.search.2.f254oG8doG8dKq&sugg=%E0%B8%99%E0%B8%B2%E0%B8%AC%E0%B8%B4%E0%B8%81%E0%B8%B2%20galaxy%20watch%207_0_1","","ฟิล์มกันรอยหน้าจอ สำหรับ Xiaomi Redmi Watch 5 Active ฟิล์ม Xiaomi Redmi Watch 5 Lite","฿15.00","ฟิล์มกันรอยหน้าจอ สำหรับ Xiaomi Redmi Watch 5 Active ฟิล์ม Xiaomi Redmi Watch 5 Lite","https://www.lazada.co.th/products/pdp-i5385549787.html","4.9"
"1791086900-135","https://www.lazada.co.th/tag/%E0%B8%99%E0%B8%B2%E0%B8%AC%E0%B8%B4%E0%B8%81%E0%B8%B2-galaxy-watch-7/?_keyori=ss&catalog_redirect_tag=true&from=search_history&page=5&q=%E0%B8%99%E0%B8%B2%E0%B8%AC%E0%B8%B4%E0%B8%81%E0%B8%B2%20galaxy%20watch%207&spm=a2o4m.tm80189098.search.2.f254oG8doG8dKq&sugg=%E0%B8%99%E0%B8%B2%E0%B8%AC%E0%B8%B4%E0%B8%81%E0%B8%B2%20galaxy%20watch%207_0_1","","GOOJODOQ I67 สมาร์ทวอทช์ 5 สายกันน้ําบลูทูธโทรการตรวจสอบสุขภาพการจัดการฟิตเนสกีฬา","฿485.00","GOOJODOQ I67 สมาร์ทวอทช์ 5 สายกันน้ําบลูทูธโทรการตรวจสอบสุขภาพการจัดการฟิตเนสกีฬา","https://www.lazada.co.th/products/pdp-i5805599711.html","4.9"
"1791086902-136","https://www.lazada.co.th/tag/%E0%B8%99%E0%B8%B2%E0%B8%AC%E0%B8%B4%E0%B8%81%E0%B8%B2-galaxy-watch-7/?_keyori=ss&catalog_redirect_tag=true&from=search_history&page=5&q=%E0%B8%99%E0%B8%B2%E0%B8%AC%E0%B8%B4%E0%B8%81%E0%B8%B2%20galaxy%20watch%207&spm=a2o4m.tm80189098.search.2.f254oG8doG8dKq&sugg=%E0%B8%99%E0%B8%B2%E0%B8%AC%E0%B8%B4%E0%B8%81%E0%B8%B2%20galaxy%20watch%207_0_1","","SPIGEN เคสสำหรับ Galaxy Watch 7 44mm [Rugged Armor] Carbon Fiber Design with Flexible and Durable Shock Absorption / เคส Galaxy Watch 7 44mm","฿501.00","SPIGEN เคสสำหรับ Galaxy Watch 7 44mm [Rugged Armor] Carbon Fiber Design with Flexible and Durable Shock Absorption / เคส Galaxy Watch 7 44mm","https://www.lazada.co.th/products/pdp-i5180350542.html","5"
"1791086904-137","https://www.lazada.co.th/tag/%E0%B8%99%E0%B8%B2%E0%B8%AC%E0%B8%B4%E0%B8%81%E0%B8%B2-galaxy-watch-7/?_keyori=ss&catalog_redirect_tag=true&from=search_history&page=5&q=%E0%B8%99%E0%B8%B2%E0%B8%AC%E0%B8%B4%E0%B8%81%E0%B8%B2%20galaxy%20watch%207&spm=a2o4m.tm80189098.search.2.f254oG8doG8dKq&sugg=%E0%B8%99%E0%B8%B2%E0%B8%AC%E0%B8%B4%E0%B8%81%E0%B8%B2%20galaxy%20watch%207_0_1","","สมาร์ตวอตช์พร้อมตัวนับเครื่องวัดชีพจรและตัวนับก้าวสำหรับผู้ที่ชื่นชอบการออกกำลังกาย","฿18.00","สมาร์ตวอตช์พร้อมตัวนับเครื่องวัดชีพจรและตัวนับก้าวสำหรับผู้ที่ชื่นชอบการออกกำลังกาย","https://www.lazada.co.th/products/pdp-i5773718439.html","4"
"1791086907-138","https://www.lazada.co.th/tag/%E0%B8%99%E0%B8%B2%E0%B8%AC%E0%B8%B4%E0%B8%81%E0%B8%B2-galaxy-watch-7/?_keyori=ss&catalog_redirect_tag=true&from=search_history&page=5&q=%E0%B8%99%E0%B8%B2%E0%B8%AC%E0%B8%B4%E0%B8%81%E0%B8%B2%20galaxy%20watch%207&spm=a2o4m.tm80189098.search.2.f254oG8doG8dKq&sugg=%E0%B8%99%E0%B8%B2%E0%B8%AC%E0%B8%B4%E0%B8%81%E0%B8%B2%20galaxy%20watch%207_0_1","","[ใหม่ล่าสุด] Xiaomi Mi band 11 active นาฬิกาสมาร์ทวอทช์ จอแสดงผล 1.47"" การวัดออกซิเจนในเลือด smart watch","฿999.00","[ใหม่ล่าสุด] Xiaomi Mi band 11 active นาฬิกาสมาร์ทวอทช์ จอแสดงผล 1.47"" การวัดออกซิเจนในเลือด smart watch","https://www.lazada.co.th/products/pdp-i4989376952.html","4.9"
"1791086909-139","https://www.lazada.co.th/tag/%E0%B8%99%E0%B8%B2%E0%B8%AC%E0%B8%B4%E0%B8%81%E0%B8%B2-galaxy-watch-7/?_keyori=ss&catalog_redirect_tag=true&from=search_history&page=5&q=%E0%B8%99%E0%B8%B2%E0%B8%AC%E0%B8%B4%E0%B8%81%E0%B8%B2%20galaxy%20watch%207&spm=a2o4m.tm80189098.search.2.f254oG8doG8dKq&sugg=%E0%B8%99%E0%B8%B2%E0%B8%AC%E0%B8%B4%E0%B8%81%E0%B8%B2%20galaxy%20watch%207_0_1","","2024 นาฬิกาสมาร์ทสปอร์ตใหม่ล่าสุดของ  กันน้ำ นาฬิกาวัดความดันโลหิต สำหรับ IOS และ Android COD","฿846.00","2024 นาฬิกาสมาร์ทสปอร์ตใหม่ล่าสุดของ  กันน้ำ นาฬิกาวัดความดันโลหิต สำหรับ IOS และ Android COD","https://www.lazada.co.th/products/pdp-i5871286595.html",""
"1791086911-140","https://www.lazada.co.th/tag/%E0%B8%99%E0%B8%B2%E0%B8%AC%E0%B8%B4%E0%B8%81%E0%B8%B2-galaxy-watch-7/?_keyori=ss&catalog_redirect_tag=true&from=search_history&page=5&q=%E0%B8%99%E0%B8%B2%E0%B8%AC%E0%B8%B4%E0%B8%81%E0%B8%B2%20galaxy%20watch%207&spm=a2o4m.tm80189098.search.2.f254oG8doG8dKq&sugg=%E0%B8%99%E0%B8%B2%E0%B8%AC%E0%B8%B4%E0%B8%81%E0%B8%B2%20galaxy%20watch%207_0_1","","ฟิล์มกระจกใส สําหรับ Samsung Galaxy Watch 9 8 Classic 8 40mm 44mm กระจกนิรภัยกันรอยหน้าจอ สําหรับ Samsung Galaxy Watch Ultra2 2025","฿99.00","ฟิล์มกระจกใส สําหรับ Samsung Galaxy Watch 9 8 Classic 8 40mm 44mm กระจกนิรภัยกันรอยหน้าจอ สําหรับ Samsung Galaxy Watch Ultra2 2025","https://www.lazada.co.th/products/pdp-i5841954621.html","4.8"
"1791086913-141","https://www.lazada.co.th/tag/%E0%B8%99%E0%B8%B2%E0%B8%AC%E0%B8%B4%E0%B8%81%E0%B8%B2-galaxy-watch-7/?_keyori=ss&catalog_redirect_tag=true&from=search_history&page=5&q=%E0%B8%99%E0%B8%B2%E0%B8%AC%E0%B8%B4%E0%B8%81%E0%B8%B2%20galaxy%20watch%207&spm=a2o4m.tm80189098.search.2.f254oG8doG8dKq&sugg=%E0%B8%99%E0%B8%B2%E0%B8%AC%E0%B8%B4%E0%B8%81%E0%B8%B2%20galaxy%20watch%207_0_1","","For Huawei GT4 PRO Smart Watch Men Watch 4 Pro AMOLED HD Screen Bluetooth Call GPS NFC  BloodSugar SmartWatch 2024 New","฿1,338.65","For Huawei GT4 PRO Smart Watch Men Watch 4 Pro AMOLED HD Screen Bluetooth Call GPS NFC  BloodSugar SmartWatch 2024 New","https://www.lazada.co.th/products/pdp-i5261682165.html","4.7"
"1791086915-142","https://www.lazada.co.th/tag/%E0%B8%99%E0%B8%B2%E0%B8%AC%E0%B8%B4%E0%B8%81%E0%B8%B2-galaxy-watch-7/?_keyori=ss&catalog_redirect_tag=true&from=search_history&page=5&q=%E0%B8%99%E0%B8%B2%E0%B8%AC%E0%B8%B4%E0%B8%81%E0%B8%B2%20galaxy%20watch%207&spm=a2o4m.tm80189098.search.2.f254oG8doG8dKq&sugg=%E0%B8%99%E0%B8%B2%E0%B8%AC%E0%B8%B4%E0%B8%81%E0%B8%B2%20galaxy%20watch%207_0_1","","2026สมาร์ทวอทช์ใหม่สำหรับผู้ชายและผู้หญิง,หน้าจอสัมผัสHD,IP67 กันน้ำ,ตรวจสอบร่างกาย 24 ชั่วโมง,รองรับการโทรผ่านบลูทูธ,ตรวจสอบการนอน,วัดอัตราการเต้นหัวใจ,วัดความดันโลหิตและระดับออกซิเจนในเลือด,ติดตามการออกกำลังกาย,เข้ากันได้กับAndroidและiOS,นาฬิกาสปอร์ต","฿290.83","2026สมาร์ทวอทช์ใหม่สำหรับผู้ชายและผู้หญิง,หน้าจอสัมผัสHD,IP67 กันน้ำ,ตรวจสอบร่างกาย 24 ชั่วโมง,รองรับการโทรผ่านบลูทูธ,ตรวจสอบการนอน,วัดอัตราการเต้นหัวใจ,วัดความดันโลหิตและระดับออกซิเจนในเลือด,ติดตามการออกกำลังกาย,เข้ากันได้กับAndroidและiOS,นาฬิกาสปอร์ต","https://www.lazada.co.th/products/pdp-i16215081575.html","4.9"
"1791086917-143","https://www.lazada.co.th/tag/%E0%B8%99%E0%B8%B2%E0%B8%AC%E0%B8%B4%E0%B8%81%E0%B8%B2-galaxy-watch-7/?_keyori=ss&catalog_redirect_tag=true&from=search_history&page=5&q=%E0%B8%99%E0%B8%B2%E0%B8%AC%E0%B8%B4%E0%B8%81%E0%B8%B2%20galaxy%20watch%207&spm=a2o4m.tm80189098.search.2.f254oG8doG8dKq&sugg=%E0%B8%99%E0%B8%B2%E0%B8%AC%E0%B8%B4%E0%B8%81%E0%B8%B2%20galaxy%20watch%207_0_1","","🔥XIAOMI รับประกัน1 ปี สมาร์ทวอทช์ นาฬิกา smart watch กันน้ำ นาฬิกาวัดความดัน วัดชีพจร ทำงานได้ทั้งระบบ los & Android","฿1,299.00","🔥XIAOMI รับประกัน1 ปี สมาร์ทวอทช์ นาฬิกา smart watch กันน้ำ นาฬิกาวัดความดัน วัดชีพจร ทำงานได้ทั้งระบบ los & Android","https://www.lazada.co.th/products/pdp-i5997666942.html","5"
"1791086920-144","https://www.lazada.co.th/tag/%E0%B8%99%E0%B8%B2%E0%B8%AC%E0%B8%B4%E0%B8%81%E0%B8%B2-galaxy-watch-7/?_keyori=ss&catalog_redirect_tag=true&from=search_history&page=5&q=%E0%B8%99%E0%B8%B2%E0%B8%AC%E0%B8%B4%E0%B8%81%E0%B8%B2%20galaxy%20watch%207&spm=a2o4m.tm80189098.search.2.f254oG8doG8dKq&sugg=%E0%B8%99%E0%B8%B2%E0%B8%AC%E0%B8%B4%E0%B8%81%E0%B8%B2%20galaxy%20watch%207_0_1","","9D ชิ้นกระจกนิรภัยสำหรับ For Samsung Galaxy Watch Ultra2 9 8 Classic 42mm 46mm Ultra 2025 47mm ฟิล์ม Watch 9 8 7 40mm 44mm ฟิล์มกระจกนิรภัยสำหรับ กระจกนิรภัย","฿109.42","9D ชิ้นกระจกนิรภัยสำหรับ For Samsung Galaxy Watch Ultra2 9 8 Classic 42mm 46mm Ultra 2025 47mm ฟิล์ม Watch 9 8 7 40mm 44mm ฟิล์มกระจกนิรภัยสำหรับ กระจกนิรภัย","https://www.lazada.co.th/products/pdp-i5225840420.html","4.6"
"1791086922-145","https://www.lazada.co.th/tag/%E0%B8%99%E0%B8%B2%E0%B8%AC%E0%B8%B4%E0%B8%81%E0%B8%B2-galaxy-watch-7/?_keyori=ss&catalog_redirect_tag=true&from=search_history&page=5&q=%E0%B8%99%E0%B8%B2%E0%B8%AC%E0%B8%B4%E0%B8%81%E0%B8%B2%20galaxy%20watch%207&spm=a2o4m.tm80189098.search.2.f254oG8doG8dKq&sugg=%E0%B8%99%E0%B8%B2%E0%B8%AC%E0%B8%B4%E0%B8%81%E0%B8%B2%20galaxy%20watch%207_0_1","","Smart Watch 2026 สมาร์ทวอทช์ จอใหญ่ 2.19 นิ้ว นาฬิกาอัจฉริยะจอโค้ง โทรเข้า-ออกได้ วัดชีพจร วัดความดัน นับก้าว ติดตามการนอน นาฬิกาออกกำลังกาย กันน้ำ","฿740.00","Smart Watch 2026 สมาร์ทวอทช์ จอใหญ่ 2.19 นิ้ว นาฬิกาอัจฉริยะจอโค้ง โทรเข้า-ออกได้ วัดชีพจร วัดความดัน นับก้าว ติดตามการนอน นาฬิกาออกกำลังกาย กันน้ำ","https://www.lazada.co.th/products/pdp-i6051204214.html","5"
"1791086924-146","https://www.lazada.co.th/tag/%E0%B8%99%E0%B8%B2%E0%B8%AC%E0%B8%B4%E0%B8%81%E0%B8%B2-galaxy-watch-7/?_keyori=ss&catalog_redirect_tag=true&from=search_history&page=5&q=%E0%B8%99%E0%B8%B2%E0%B8%AC%E0%B8%B4%E0%B8%81%E0%B8%B2%20galaxy%20watch%207&spm=a2o4m.tm80189098.search.2.f254oG8doG8dKq&sugg=%E0%B8%99%E0%B8%B2%E0%B8%AC%E0%B8%B4%E0%B8%81%E0%B8%B2%20galaxy%20watch%207_0_1","","2026สมาร์ทวอทช์ใหม่สำหรับผู้ชายและผู้หญิง,หน้าจอสัมผัสHD1.77"",IP67 กันน้ำ, ตรวจสอบร่างกาย 24 ชั่วโมง,วัดความดันโลหิตและระดับออกซิเจนในเลือด,ติดตามการออกกำลังกาย, โทรผ่านบลูทูธ วัดอัตราการเต้นหัวใจ จำนวนก้าว และฟังก์ชันอื่นๆ,เข้ากันได้กับ Android และ iOS","฿290.83","2026สมาร์ทวอทช์ใหม่สำหรับผู้ชายและผู้หญิง,หน้าจอสัมผัสHD1.77"",IP67 กันน้ำ, ตรวจสอบร่างกาย 24 ชั่วโมง,วัดความดันโลหิตและระดับออกซิเจนในเลือด,ติดตามการออกกำลังกาย, โทรผ่านบลูทูธ วัดอัตราการเต้นหัวใจ จำนวนก้าว และฟังก์ชันอื่นๆ,เข้ากันได้กับ Android และ iOS","https://www.lazada.co.th/products/pdp-i16199948170.html","5"
"1791086926-147","https://www.lazada.co.th/tag/%E0%B8%99%E0%B8%B2%E0%B8%AC%E0%B8%B4%E0%B8%81%E0%B8%B2-galaxy-watch-7/?_keyori=ss&catalog_redirect_tag=true&from=search_history&page=5&q=%E0%B8%99%E0%B8%B2%E0%B8%AC%E0%B8%B4%E0%B8%81%E0%B8%B2%20galaxy%20watch%207&spm=a2o4m.tm80189098.search.2.f254oG8doG8dKq&sugg=%E0%B8%99%E0%B8%B2%E0%B8%AC%E0%B8%B4%E0%B8%81%E0%B8%B2%20galaxy%20watch%207_0_1","","แท้นาฬิกา นาฬิกาสมาร์ทวอทช์ Waterproof smart watch  สัมผัสได้เต็มจอ วัดออกซิเจนในเลือด นับก้าว วัดชีพจร for huawei oppo Android IOS","฿1,299.00","แท้นาฬิกา นาฬิกาสมาร์ทวอทช์ Waterproof smart watch  สัมผัสได้เต็มจอ วัดออกซิเจนในเลือด นับก้าว วัดชีพจร for huawei oppo Android IOS","https://www.lazada.co.th/products/pdp-i5021222254.html","4.9"
"1791086929-148","https://www.lazada.co.th/tag/%E0%B8%99%E0%B8%B2%E0%B8%AC%E0%B8%B4%E0%B8%81%E0%B8%B2-galaxy-watch-7/?_keyori=ss&catalog_redirect_tag=true&from=search_history&page=5&q=%E0%B8%99%E0%B8%B2%E0%B8%AC%E0%B8%B4%E0%B8%81%E0%B8%B2%20galaxy%20watch%207&spm=a2o4m.tm80189098.search.2.f254oG8doG8dKq&sugg=%E0%B8%99%E0%B8%B2%E0%B8%AC%E0%B8%B4%E0%B8%81%E0%B8%B2%20galaxy%20watch%207_0_1","","สมาร์ทวอทช์  รุ่นใหม่ปี 2026,นาฬิกาสปอร์ต, โทรผ่านบลูทูธ, ติดตามการออกกำลังกาย, โหมดกีฬา, แจ้งเตือนข้อมูล,หน้าจอสัมผัส HD, จำนวนก้าว, กันน้ำ, รองรับ Android และ iOS","฿485.37","สมาร์ทวอทช์  รุ่นใหม่ปี 2026,นาฬิกาสปอร์ต, โทรผ่านบลูทูธ, ติดตามการออกกำลังกาย, โหมดกีฬา, แจ้งเตือนข้อมูล,หน้าจอสัมผัส HD, จำนวนก้าว, กันน้ำ, รองรับ Android และ iOS","https://www.lazada.co.th/products/pdp-i16231174147.html","5"
"1791086931-149","https://www.lazada.co.th/tag/%E0%B8%99%E0%B8%B2%E0%B8%AC%E0%B8%B4%E0%B8%81%E0%B8%B2-galaxy-watch-7/?_keyori=ss&catalog_redirect_tag=true&from=search_history&page=5&q=%E0%B8%99%E0%B8%B2%E0%B8%AC%E0%B8%B4%E0%B8%81%E0%B8%B2%20galaxy%20watch%207&spm=a2o4m.tm80189098.search.2.f254oG8doG8dKq&sugg=%E0%B8%99%E0%B8%B2%E0%B8%AC%E0%B8%B4%E0%B8%81%E0%B8%B2%20galaxy%20watch%207_0_1","","Xiaomi Smart watch GS7 ชายและหญิงนาฬิกาสมาร์ทเดิมกันน้ำกีฬานาฬิกาคู่นาฬิกาขายดั้งเดิมสุภาพสตรีนาฬิกา","฿388.10","Xiaomi Smart watch GS7 ชายและหญิงนาฬิกาสมาร์ทเดิมกันน้ำกีฬานาฬิกาคู่นาฬิกาขายดั้งเดิมสุภาพสตรีนาฬิกา","https://www.lazada.co.th/products/pdp-i5695738251.html","4.7"
"1791086933-150","https://www.lazada.co.th/tag/%E0%B8%99%E0%B8%B2%E0%B8%AC%E0%B8%B4%E0%B8%81%E0%B8%B2-galaxy-watch-7/?_keyori=ss&catalog_redirect_tag=true&from=search_history&page=5&q=%E0%B8%99%E0%B8%B2%E0%B8%AC%E0%B8%B4%E0%B8%81%E0%B8%B2%20galaxy%20watch%207&spm=a2o4m.tm80189098.search.2.f254oG8doG8dKq&sugg=%E0%B8%99%E0%B8%B2%E0%B8%AC%E0%B8%B4%E0%B8%81%E0%B8%B2%20galaxy%20watch%207_0_1","","สมาร์ทวอทช์ Smart Watch ultra กันน้ำ IP67 สมาทวอช โทรผ่านบลูทูธได้ ทำงานได้ทั้งระบบ Android และ iph แท","฿748.00","สมาร์ทวอทช์ Smart Watch ultra กันน้ำ IP67 สมาทวอช โทรผ่านบลูทูธได้ ทำงานได้ทั้งระบบ Android และ iph แท","https://www.lazada.co.th/products/pdp-i5741705166.html","5"
"1791086935-151","https://www.lazada.co.th/tag/%E0%B8%99%E0%B8%B2%E0%B8%AC%E0%B8%B4%E0%B8%81%E0%B8%B2-galaxy-watch-7/?_keyori=ss&catalog_redirect_tag=true&from=search_history&page=5&q=%E0%B8%99%E0%B8%B2%E0%B8%AC%E0%B8%B4%E0%B8%81%E0%B8%B2%20galaxy%20watch%207&spm=a2o4m.tm80189098.search.2.f254oG8doG8dKq&sugg=%E0%B8%99%E0%B8%B2%E0%B8%AC%E0%B8%B4%E0%B8%81%E0%B8%B2%20galaxy%20watch%207_0_1","","⚡️พร้อมส่ง⚡️สมาร์ทวอทช์แท้ สมาร์ทวอทช์ โทรออกได้ กันน้ำ IP67 โหมดออกกำลังกายได้หลากหลาย รองรับ Android IOS รองรับการโทรด้วยบลูทูธ การแจ้งเตือนข้อความ, การนับก้าวการออกกำลังกาย","฿398.64","⚡️พร้อมส่ง⚡️สมาร์ทวอทช์แท้ สมาร์ทวอทช์ โทรออกได้ กันน้ำ IP67 โหมดออกกำลังกายได้หลากหลาย รองรับ Android IOS รองรับการโทรด้วยบลูทูธ การแจ้งเตือนข้อความ, การนับก้าวการออกกำลังกาย","https://www.lazada.co.th/products/pdp-i5025854328.html","4.8"
"1791086937-152","https://www.lazada.co.th/tag/%E0%B8%99%E0%B8%B2%E0%B8%AC%E0%B8%B4%E0%B8%81%E0%B8%B2-galaxy-watch-7/?_keyori=ss&catalog_redirect_tag=true&from=search_history&page=5&q=%E0%B8%99%E0%B8%B2%E0%B8%AC%E0%B8%B4%E0%B8%81%E0%B8%B2%20galaxy%20watch%207&spm=a2o4m.tm80189098.search.2.f254oG8doG8dKq&sugg=%E0%B8%99%E0%B8%B2%E0%B8%AC%E0%B8%B4%E0%B8%81%E0%B8%B2%20galaxy%20watch%207_0_1","","นาฬิกาสมาร์ทwatch Samsung running smartwatch สมาร์ทวอทช์  โทรออกดูสมาร์ท นาฬิกาตรวจสุขภาพ นาฬิกาสมาร์วอลเมนูภาษาไทย กีฬามากกว่า 100 รายการ หน้าจอสัมผัส 1.83 portable hand Bluetooth watch รองรับ Android และ IOS","฿670.19","นาฬิกาสมาร์ทwatch Samsung running smartwatch สมาร์ทวอทช์  โทรออกดูสมาร์ท นาฬิกาตรวจสุขภาพ นาฬิกาสมาร์วอลเมนูภาษาไทย กีฬามากกว่า 100 รายการ หน้าจอสัมผัส 1.83 portable hand Bluetooth watch รองรับ Android และ IOS","https://www.lazada.co.th/products/pdp-i5305610361.html","4.7"
"1791086939-153","https://www.lazada.co.th/tag/%E0%B8%99%E0%B8%B2%E0%B8%AC%E0%B8%B4%E0%B8%81%E0%B8%B2-galaxy-watch-7/?_keyori=ss&catalog_redirect_tag=true&from=search_history&page=5&q=%E0%B8%99%E0%B8%B2%E0%B8%AC%E0%B8%B4%E0%B8%81%E0%B8%B2%20galaxy%20watch%207&spm=a2o4m.tm80189098.search.2.f254oG8doG8dKq&sugg=%E0%B8%99%E0%B8%B2%E0%B8%AC%E0%B8%B4%E0%B8%81%E0%B8%B2%20galaxy%20watch%207_0_1","","[ผลิตภัณฑ์ใหม่] WATCH8 44มม.HD AMOLED GPS NFC 12 เดือนการรับประกันอย่างเป็นทางการ MAX Multifunctiona เลือดออกซิเจนการตรวจสอบอัตราการเต้นของหัวใจ smartwatch ผู้ชายผู้หญิงบลูทูธ Call การแจ้งเตือนการแจ้งเตือนกันน้ำนาฬิกาต้นฉบับนาฬิกาข้อมือ Smartwatch","฿1,385.84","[ผลิตภัณฑ์ใหม่] WATCH8 44มม.HD AMOLED GPS NFC 12 เดือนการรับประกันอย่างเป็นทางการ MAX Multifunctiona เลือดออกซิเจนการตรวจสอบอัตราการเต้นของหัวใจ smartwatch ผู้ชายผู้หญิงบลูทูธ Call การแจ้งเตือนการแจ้งเตือนกันน้ำนาฬิกาต้นฉบับนาฬิกาข้อมือ Smartwatch","https://www.lazada.co.th/products/pdp-i16156052465.html","5"
"1791086941-154","https://www.lazada.co.th/tag/%E0%B8%99%E0%B8%B2%E0%B8%AC%E0%B8%B4%E0%B8%81%E0%B8%B2-galaxy-watch-7/?_keyori=ss&catalog_redirect_tag=true&from=search_history&page=5&q=%E0%B8%99%E0%B8%B2%E0%B8%AC%E0%B8%B4%E0%B8%81%E0%B8%B2%20galaxy%20watch%207&spm=a2o4m.tm80189098.search.2.f254oG8doG8dKq&sugg=%E0%B8%99%E0%B8%B2%E0%B8%AC%E0%B8%B4%E0%B8%81%E0%B8%B2%20galaxy%20watch%207_0_1","","LIGE สปอร์ตนาฬิกาอัจฉริยะสำหรับผู้ชาย หน้าจอขนาดใหญ่ HD 2.01 นิ้ว หน้าปัดแบบกำหนดเอง นาฬิกาข้อมือสำหรับออกกำลังกายแบบอเนกประสงค์ รองรับการโทรผ่านบลูทูธ นาฬิกากันน้ำ นาฬิกาอัจฉริยะสำหรับผู้หญิง + กล่อง","฿399.00","LIGE สปอร์ตนาฬิกาอัจฉริยะสำหรับผู้ชาย หน้าจอขนาดใหญ่ HD 2.01 นิ้ว หน้าปัดแบบกำหนดเอง นาฬิกาข้อมือสำหรับออกกำลังกายแบบอเนกประสงค์ รองรับการโทรผ่านบลูทูธ นาฬิกากันน้ำ นาฬิกาอัจฉริยะสำหรับผู้หญิง + กล่อง","https://www.lazada.co.th/products/pdp-i5582713019.html","4.8"
"1791086944-155","https://www.lazada.co.th/tag/%E0%B8%99%E0%B8%B2%E0%B8%AC%E0%B8%B4%E0%B8%81%E0%B8%B2-galaxy-watch-7/?_keyori=ss&catalog_redirect_tag=true&from=search_history&page=5&q=%E0%B8%99%E0%B8%B2%E0%B8%AC%E0%B8%B4%E0%B8%81%E0%B8%B2%20galaxy%20watch%207&spm=a2o4m.tm80189098.search.2.f254oG8doG8dKq&sugg=%E0%B8%99%E0%B8%B2%E0%B8%AC%E0%B8%B4%E0%B8%81%E0%B8%B2%20galaxy%20watch%207_0_1","","ฝาครอบป้องกัน For Samsung Galaxy Watch Ultra 47mm Frame Shell Smart Watch Accessories Bumper For Samsung Galaxy Watch 7 Ultra 47mm เคสกันรอย","฿135.73","ฝาครอบป้องกัน For Samsung Galaxy Watch Ultra 47mm Frame Shell Smart Watch Accessories Bumper For Samsung Galaxy Watch 7 Ultra 47mm เคสกันรอย","https://www.lazada.co.th/products/pdp-i1572844662.html","5"
"1791086946-156","https://www.lazada.co.th/tag/%E0%B8%99%E0%B8%B2%E0%B8%AC%E0%B8%B4%E0%B8%81%E0%B8%B2-galaxy-watch-7/?_keyori=ss&catalog_redirect_tag=true&from=search_history&page=5&q=%E0%B8%99%E0%B8%B2%E0%B8%AC%E0%B8%B4%E0%B8%81%E0%B8%B2%20galaxy%20watch%207&spm=a2o4m.tm80189098.search.2.f254oG8doG8dKq&sugg=%E0%B8%99%E0%B8%B2%E0%B8%AC%E0%B8%B4%E0%B8%81%E0%B8%B2%20galaxy%20watch%207_0_1","","SAMSUNG นาฬิกาสมาร์ทวอส นาฬิกาอัจฉริยะกันน้ำระดับ IP68 วัรองรับการโทรด้วยบลูทูธ การแจ้งเตือนข้อความ, การนับก้าวการออกกำลังกาย รองรับ Android และ IOS","฿874.45","SAMSUNG นาฬิกาสมาร์ทวอส นาฬิกาอัจฉริยะกันน้ำระดับ IP68 วัรองรับการโทรด้วยบลูทูธ การแจ้งเตือนข้อความ, การนับก้าวการออกกำลังกาย รองรับ Android และ IOS","https://www.lazada.co.th/products/pdp-i4959768359.html","5"
"1791086948-157","https://www.lazada.co.th/tag/%E0%B8%99%E0%B8%B2%E0%B8%AC%E0%B8%B4%E0%B8%81%E0%B8%B2-galaxy-watch-7/?_keyori=ss&catalog_redirect_tag=true&from=search_history&page=5&q=%E0%B8%99%E0%B8%B2%E0%B8%AC%E0%B8%B4%E0%B8%81%E0%B8%B2%20galaxy%20watch%207&spm=a2o4m.tm80189098.search.2.f254oG8doG8dKq&sugg=%E0%B8%99%E0%B8%B2%E0%B8%AC%E0%B8%B4%E0%B8%81%E0%B8%B2%20galaxy%20watch%207_0_1","","SAMSUNG นาฬิกา smart watch แท้ นาฬิกาโทรศัพท์ นาฬิกาโทรได้รองรับการโทรด้วยบลูทูธ การแจ้งเตือนข้อความ, การนับก้าวการออกกำลังกาย ควบคุมเพลง ออกกำลังกายแบบแอโรบิคต่างๆ รองรับ Android IOS","฿777.18","SAMSUNG นาฬิกา smart watch แท้ นาฬิกาโทรศัพท์ นาฬิกาโทรได้รองรับการโทรด้วยบลูทูธ การแจ้งเตือนข้อความ, การนับก้าวการออกกำลังกาย ควบคุมเพลง ออกกำลังกายแบบแอโรบิคต่างๆ รองรับ Android IOS","https://www.lazada.co.th/products/pdp-i4895108748.html","4.1"
"1791086950-158","https://www.lazada.co.th/tag/%E0%B8%99%E0%B8%B2%E0%B8%AC%E0%B8%B4%E0%B8%81%E0%B8%B2-galaxy-watch-7/?_keyori=ss&catalog_redirect_tag=true&from=search_history&page=5&q=%E0%B8%99%E0%B8%B2%E0%B8%AC%E0%B8%B4%E0%B8%81%E0%B8%B2%20galaxy%20watch%207&spm=a2o4m.tm80189098.search.2.f254oG8doG8dKq&sugg=%E0%B8%99%E0%B8%B2%E0%B8%AC%E0%B8%B4%E0%B8%81%E0%B8%B2%20galaxy%20watch%207_0_1","","SAMSUNG Galaxy Watch Ultra สมาร์ทวอช Amoled 1.5นิ้ว ไทเทเนี่ยม สำหรับ Andriod เท่านั้น ประกันศูนย์","฿6,500.00","SAMSUNG Galaxy Watch Ultra สมาร์ทวอช Amoled 1.5นิ้ว ไทเทเนี่ยม สำหรับ Andriod เท่านั้น ประกันศูนย์","https://www.lazada.co.th/products/pdp-i16165230307.html","3"
"1791086952-159","https://www.lazada.co.th/tag/%E0%B8%99%E0%B8%B2%E0%B8%AC%E0%B8%B4%E0%B8%81%E0%B8%B2-galaxy-watch-7/?_keyori=ss&catalog_redirect_tag=true&from=search_history&page=5&q=%E0%B8%99%E0%B8%B2%E0%B8%AC%E0%B8%B4%E0%B8%81%E0%B8%B2%20galaxy%20watch%207&spm=a2o4m.tm80189098.search.2.f254oG8doG8dKq&sugg=%E0%B8%99%E0%B8%B2%E0%B8%AC%E0%B8%B4%E0%B8%81%E0%B8%B2%20galaxy%20watch%207_0_1","","HOT SAMSUNG Watch 9 สมาร์ทวอทช์  บูลธูทไร้สาย  GPS เครื่องวัดความดัน  นาฬิกา smart watch  ไมค์ บลูทูธ","฿2,450.00","HOT SAMSUNG Watch 9 สมาร์ทวอทช์  บูลธูทไร้สาย  GPS เครื่องวัดความดัน  นาฬิกา smart watch  ไมค์ บลูทูธ","https://www.lazada.co.th/products/pdp-i5173893634.html",""
"1791086954-160","https://www.lazada.co.th/tag/%E0%B8%99%E0%B8%B2%E0%B8%AC%E0%B8%B4%E0%B8%81%E0%B8%B2-galaxy-watch-7/?_keyori=ss&catalog_redirect_tag=true&from=search_history&page=5&q=%E0%B8%99%E0%B8%B2%E0%B8%AC%E0%B8%B4%E0%B8%81%E0%B8%B2%20galaxy%20watch%207&spm=a2o4m.tm80189098.search.2.f254oG8doG8dKq&sugg=%E0%B8%99%E0%B8%B2%E0%B8%AC%E0%B8%B4%E0%B8%81%E0%B8%B2%20galaxy%20watch%207_0_1","","ราคาส่ง นาฬิกาดิจิตอล นาฬิกาสมาร์ทวอทช์ นาฬิกา smart watch สำหรับผู้ชายและผู้หญิง","฿25.00","ราคาส่ง นาฬิกาดิจิตอล นาฬิกาสมาร์ทวอทช์ นาฬิกา smart watch สำหรับผู้ชายและผู้หญิง","https://www.lazada.co.th/products/pdp-i5164565704.html",""
"1791086957-161","https://www.lazada.co.th/tag/%E0%B8%99%E0%B8%B2%E0%B8%AC%E0%B8%B4%E0%B8%81%E0%B8%B2-galaxy-watch-7/?_keyori=ss&catalog_redirect_tag=true&from=search_history&page=5&q=%E0%B8%99%E0%B8%B2%E0%B8%AC%E0%B8%B4%E0%B8%81%E0%B8%B2%20galaxy%20watch%207&spm=a2o4m.tm80189098.search.2.f254oG8doG8dKq&sugg=%E0%B8%99%E0%B8%B2%E0%B8%AC%E0%B8%B4%E0%B8%81%E0%B8%B2%20galaxy%20watch%207_0_1","","สมาร์ทวอทช์สำหรับเด็ก รุ่น Q12 Q19 นาฬิกา ไอโม่ นาฬิกาเด็ก กันน้ำ นาฬิกา นาฬิกาโทรศัพ นาฬิกาไอโมเด็ก นาฬิกาโทรศัพท์เด็ก ถ่ายภาพได้ หน้าจอสัมผัส GPS ติดตามตำแหน่ง กล้องหน้า วิดีโอคอล 4G ติดตามสุขภาพ สมาร์ทวอทช  Kid Smart Watch imoo Watch Phone Xiaomi","฿249.00","สมาร์ทวอทช์สำหรับเด็ก รุ่น Q12 Q19 นาฬิกา ไอโม่ นาฬิกาเด็ก กันน้ำ นาฬิกา นาฬิกาโทรศัพ นาฬิกาไอโมเด็ก นาฬิกาโทรศัพท์เด็ก ถ่ายภาพได้ หน้าจอสัมผัส GPS ติดตามตำแหน่ง กล้องหน้า วิดีโอคอล 4G ติดตามสุขภาพ สมาร์ทวอทช  Kid Smart Watch imoo Watch Phone Xiaomi","https://www.lazada.co.th/products/pdp-i6020239576.html",""
"1791086959-162","https://www.lazada.co.th/tag/%E0%B8%99%E0%B8%B2%E0%B8%AC%E0%B8%B4%E0%B8%81%E0%B8%B2-galaxy-watch-7/?_keyori=ss&catalog_redirect_tag=true&from=search_history&page=5&q=%E0%B8%99%E0%B8%B2%E0%B8%AC%E0%B8%B4%E0%B8%81%E0%B8%B2%20galaxy%20watch%207&spm=a2o4m.tm80189098.search.2.f254oG8doG8dKq&sugg=%E0%B8%99%E0%B8%B2%E0%B8%AC%E0%B8%B4%E0%B8%81%E0%B8%B2%20galaxy%20watch%207_0_1","","FD68S Smart Watch Men's Women's Multifunctional Smart Watch 1.44 Inch Round Screen Healthy Bluetooth Call Smart Watch Heart Rate Blood Pressure Bluetooth Fitness Watch Sports","฿132.68","FD68S Smart Watch Men's Women's Multifunctional Smart Watch 1.44 Inch Round Screen Healthy Bluetooth Call Smart Watch Heart Rate Blood Pressure Bluetooth Fitness Watch Sports","https://www.lazada.co.th/products/pdp-i4793220597.html",""
"1791086961-163","https://www.lazada.co.th/tag/%E0%B8%99%E0%B8%B2%E0%B8%AC%E0%B8%B4%E0%B8%81%E0%B8%B2-galaxy-watch-7/?_keyori=ss&catalog_redirect_tag=true&from=search_history&page=5&q=%E0%B8%99%E0%B8%B2%E0%B8%AC%E0%B8%B4%E0%B8%81%E0%B8%B2%20galaxy%20watch%207&spm=a2o4m.tm80189098.search.2.f254oG8doG8dKq&sugg=%E0%B8%99%E0%B8%B2%E0%B8%AC%E0%B8%B4%E0%B8%81%E0%B8%B2%20galaxy%20watch%207_0_1","","สายนาฬิกาข้อมือ สายเเม่/เหล็กใช้สำหรับรุ่นwatch 11 10 9 8 7 6 5 4 3 2 1SE ขนาด38mm40mm41mm42mm44mm45mm46mm สายสําหรับแอปเปิ้ลวอช","฿45.00","สายนาฬิกาข้อมือ สายเเม่/เหล็กใช้สำหรับรุ่นwatch 11 10 9 8 7 6 5 4 3 2 1SE ขนาด38mm40mm41mm42mm44mm45mm46mm สายสําหรับแอปเปิ้ลวอช","https://www.lazada.co.th/products/pdp-i4318250100.html",""
"1791086963-164","https://www.lazada.co.th/tag/%E0%B8%99%E0%B8%B2%E0%B8%AC%E0%B8%B4%E0%B8%81%E0%B8%B2-galaxy-watch-7/?_keyori=ss&catalog_redirect_tag=true&from=search_history&page=5&q=%E0%B8%99%E0%B8%B2%E0%B8%AC%E0%B8%B4%E0%B8%81%E0%B8%B2%20galaxy%20watch%207&spm=a2o4m.tm80189098.search.2.f254oG8doG8dKq&sugg=%E0%B8%99%E0%B8%B2%E0%B8%AC%E0%B8%B4%E0%B8%81%E0%B8%B2%20galaxy%20watch%207_0_1","","สายนาฬิกาซิลิโคน Xiaomi Mi Band 3/4/5/6/7 8/9/10สายซิลิโคนสองสี สร้อยข้อมือกีฬา สายรัดระบายอากาศที่สะดวกสบาย Xiaomi","฿37.10","สายนาฬิกาซิลิโคน Xiaomi Mi Band 3/4/5/6/7 8/9/10สายซิลิโคนสองสี สร้อยข้อมือกีฬา สายรัดระบายอากาศที่สะดวกสบาย Xiaomi","https://www.lazada.co.th/products/pdp-i4311411573.html",""
"1791086966-165","https://www.lazada.co.th/tag/%E0%B8%99%E0%B8%B2%E0%B8%AC%E0%B8%B4%E0%B8%81%E0%B8%B2-galaxy-watch-7/?_keyori=ss&catalog_redirect_tag=true&from=search_history&page=5&q=%E0%B8%99%E0%B8%B2%E0%B8%AC%E0%B8%B4%E0%B8%81%E0%B8%B2%20galaxy%20watch%207&spm=a2o4m.tm80189098.search.2.f254oG8doG8dKq&sugg=%E0%B8%99%E0%B8%B2%E0%B8%AC%E0%B8%B4%E0%B8%81%E0%B8%B2%20galaxy%20watch%207_0_1","","Li-Ning สมาร์ทวอทช์ SmartWatch นาฬิกาดิจิตอลกีฬาสปอร์ตแบบกันน้ำและมีแสงสว่างในเวลากลางคืนที่เรียบง่ายและทันสมัย","฿11.76","Li-Ning สมาร์ทวอทช์ SmartWatch นาฬิกาดิจิตอลกีฬาสปอร์ตแบบกันน้ำและมีแสงสว่างในเวลากลางคืนที่เรียบง่ายและทันสมัย","https://www.lazada.co.th/products/pdp-i5958296083.html",""
"1791086968-166","https://www.lazada.co.th/tag/%E0%B8%99%E0%B8%B2%E0%B8%AC%E0%B8%B4%E0%B8%81%E0%B8%B2-galaxy-watch-7/?_keyori=ss&catalog_redirect_tag=true&from=search_history&page=5&q=%E0%B8%99%E0%B8%B2%E0%B8%AC%E0%B8%B4%E0%B8%81%E0%B8%B2%20galaxy%20watch%207&spm=a2o4m.tm80189098.search.2.f254oG8doG8dKq&sugg=%E0%B8%99%E0%B8%B2%E0%B8%AC%E0%B8%B4%E0%B8%81%E0%B8%B2%20galaxy%20watch%207_0_1","","[สมาร์ทวอทช์, ไร้สาย] สมาร์ทวอทช์ไร้สายสำหรับผู้ชายและผู้หญิง, หน้าจอสัมผัสเต็มรูปแบบขนาด 1.83 นิ้ว, โทรออก/รับสาย, เครื่องนับก้าว","฿258.90","[สมาร์ทวอทช์, ไร้สาย] สมาร์ทวอทช์ไร้สายสำหรับผู้ชายและผู้หญิง, หน้าจอสัมผัสเต็มรูปแบบขนาด 1.83 นิ้ว, โทรออก/รับสาย, เครื่องนับก้าว","https://www.lazada.co.th/products/pdp-i16231742205.html",""
"1791086970-167","https://www.lazada.co.th/tag/%E0%B8%99%E0%B8%B2%E0%B8%AC%E0%B8%B4%E0%B8%81%E0%B8%B2-galaxy-watch-7/?_keyori=ss&catalog_redirect_tag=true&from=search_history&page=5&q=%E0%B8%99%E0%B8%B2%E0%B8%AC%E0%B8%B4%E0%B8%81%E0%B8%B2%20galaxy%20watch%207&spm=a2o4m.tm80189098.search.2.f254oG8doG8dKq&sugg=%E0%B8%99%E0%B8%B2%E0%B8%AC%E0%B8%B4%E0%B8%81%E0%B8%B2%20galaxy%20watch%207_0_1","","สมาร์ทวอท์ช T10 Ultra 49 มม.2.09 นิ้วเต็มหน้าจอสกรูจริงบลูทูธโทรสมาร์ทวอทช์นาฬิกาสปอร์ตสําหรับผู้ชายและผู้หญิงพร้อมเกม","฿162.49","สมาร์ทวอท์ช T10 Ultra 49 มม.2.09 นิ้วเต็มหน้าจอสกรูจริงบลูทูธโทรสมาร์ทวอทช์นาฬิกาสปอร์ตสําหรับผู้ชายและผู้หญิงพร้อมเกม","https://www.lazada.co.th/products/pdp-i5741357822.html",""
"1791086973-168","https://www.lazada.co.th/tag/%E0%B8%99%E0%B8%B2%E0%B8%AC%E0%B8%B4%E0%B8%81%E0%B8%B2-galaxy-watch-7/?_keyori=ss&catalog_redirect_tag=true&from=search_history&page=5&q=%E0%B8%99%E0%B8%B2%E0%B8%AC%E0%B8%B4%E0%B8%81%E0%B8%B2%20galaxy%20watch%207&spm=a2o4m.tm80189098.search.2.f254oG8doG8dKq&sugg=%E0%B8%99%E0%B8%B2%E0%B8%AC%E0%B8%B4%E0%B8%81%E0%B8%B2%20galaxy%20watch%207_0_1","","AOJN สมาร์ทวอทช์ SmartWatchนาฬิกาวินเทจ, โรมัน, ผู้หญิงนักเรียนอารมณ์เรียบง่ายนาฬิกาผู้หญิง","฿17.34","AOJN สมาร์ทวอทช์ SmartWatchนาฬิกาวินเทจ, โรมัน, ผู้หญิงนักเรียนอารมณ์เรียบง่ายนาฬิกาผู้หญิง","https://www.lazada.co.th/products/pdp-i16079180162.html",""
"1791086975-169","https://www.lazada.co.th/tag/%E0%B8%99%E0%B8%B2%E0%B8%AC%E0%B8%B4%E0%B8%81%E0%B8%B2-galaxy-watch-7/?_keyori=ss&catalog_redirect_tag=true&from=search_history&page=5&q=%E0%B8%99%E0%B8%B2%E0%B8%AC%E0%B8%B4%E0%B8%81%E0%B8%B2%20galaxy%20watch%207&spm=a2o4m.tm80189098.search.2.f254oG8doG8dKq&sugg=%E0%B8%99%E0%B8%B2%E0%B8%AC%E0%B8%B4%E0%B8%81%E0%B8%B2%20galaxy%20watch%207_0_1","","RENBEN  นาฬิกาสมาร์ทวอชแฟชั่นสำหรับผู้ชายและผู้หญิงพร้อมฟังก์ชันวัดอัตราการเต้นของหัวใจและแสงสว่างในเวลากลางคืน","฿76.00","RENBEN  นาฬิกาสมาร์ทวอชแฟชั่นสำหรับผู้ชายและผู้หญิงพร้อมฟังก์ชันวัดอัตราการเต้นของหัวใจและแสงสว่างในเวลากลางคืน","https://www.lazada.co.th/products/pdp-i16163816403.html",""
"1791086977-170","https://www.lazada.co.th/tag/%E0%B8%99%E0%B8%B2%E0%B8%AC%E0%B8%B4%E0%B8%81%E0%B8%B2-galaxy-watch-7/?_keyori=ss&catalog_redirect_tag=true&from=search_history&page=5&q=%E0%B8%99%E0%B8%B2%E0%B8%AC%E0%B8%B4%E0%B8%81%E0%B8%B2%20galaxy%20watch%207&spm=a2o4m.tm80189098.search.2.f254oG8doG8dKq&sugg=%E0%B8%99%E0%B8%B2%E0%B8%AC%E0%B8%B4%E0%B8%81%E0%B8%B2%20galaxy%20watch%207_0_1","","AXON Mega Smart Watch นาฬิกาเพื่อสุขภาพ Smartwatch จอใหญ่สุด IPS 1.85"" โทรได้ วัดชีพจร SpO2 ประกัน 2 ปี","฿1,712.70","AXON Mega Smart Watch นาฬิกาเพื่อสุขภาพ Smartwatch จอใหญ่สุด IPS 1.85"" โทรได้ วัดชีพจร SpO2 ประกัน 2 ปี","https://www.lazada.co.th/products/pdp-i5372360144.html",""
"1791086979-171","https://www.lazada.co.th/tag/%E0%B8%99%E0%B8%B2%E0%B8%AC%E0%B8%B4%E0%B8%81%E0%B8%B2-galaxy-watch-7/?_keyori=ss&catalog_redirect_tag=true&from=search_history&page=5&q=%E0%B8%99%E0%B8%B2%E0%B8%AC%E0%B8%B4%E0%B8%81%E0%B8%B2%20galaxy%20watch%207&spm=a2o4m.tm80189098.search.2.f254oG8doG8dKq&sugg=%E0%B8%99%E0%B8%B2%E0%B8%AC%E0%B8%B4%E0%B8%81%E0%B8%B2%20galaxy%20watch%207_0_1","","【ตรวจวัดสุขภาพแม่นยำ】 สมาร์ทวอทช์ AI รุ่นผู้สูงอายุ สมาร์ทวอทช์ AI ประเมินคุณภาพการนอน ติดตามกิจกรรมออกกำลังกาย แจ้งเตือนสมาร์ท กันน้ำ แบตเตอรี่ทนนาน สมาร์ทวอทช์สุขภาพสมัยใหม่","฿594.58","【ตรวจวัดสุขภาพแม่นยำ】 สมาร์ทวอทช์ AI รุ่นผู้สูงอายุ สมาร์ทวอทช์ AI ประเมินคุณภาพการนอน ติดตามกิจกรรมออกกำลังกาย แจ้งเตือนสมาร์ท กันน้ำ แบตเตอรี่ทนนาน สมาร์ทวอทช์สุขภาพสมัยใหม่","https://www.lazada.co.th/products/pdp-i16213445080.html",""
"1791086981-172","https://www.lazada.co.th/tag/%E0%B8%99%E0%B8%B2%E0%B8%AC%E0%B8%B4%E0%B8%81%E0%B8%B2-galaxy-watch-7/?_keyori=ss&catalog_redirect_tag=true&from=search_history&page=5&q=%E0%B8%99%E0%B8%B2%E0%B8%AC%E0%B8%B4%E0%B8%81%E0%B8%B2%20galaxy%20watch%207&spm=a2o4m.tm80189098.search.2.f254oG8doG8dKq&sugg=%E0%B8%99%E0%B8%B2%E0%B8%AC%E0%B8%B4%E0%B8%81%E0%B8%B2%20galaxy%20watch%207_0_1","","Clemine นาฬิกาดิจิตอลแฟชั่นสำหรับวัยรุ่น พร้อมติดตามอัตราการเต้นของหัวใจ กันน้ำและหน้าจอเรืองแสงในที่มืด","฿19.00","Clemine นาฬิกาดิจิตอลแฟชั่นสำหรับวัยรุ่น พร้อมติดตามอัตราการเต้นของหัวใจ กันน้ำและหน้าจอเรืองแสงในที่มืด","https://www.lazada.co.th/products/pdp-i5928712380.html",""
"1791086984-173","https://www.lazada.co.th/tag/%E0%B8%99%E0%B8%B2%E0%B8%AC%E0%B8%B4%E0%B8%81%E0%B8%B2-galaxy-watch-7/?_keyori=ss&catalog_redirect_tag=true&from=search_history&page=5&q=%E0%B8%99%E0%B8%B2%E0%B8%AC%E0%B8%B4%E0%B8%81%E0%B8%B2%20galaxy%20watch%207&spm=a2o4m.tm80189098.search.2.f254oG8doG8dKq&sugg=%E0%B8%99%E0%B8%B2%E0%B8%AC%E0%B8%B4%E0%B8%81%E0%B8%B2%20galaxy%20watch%207_0_1","","นาฬิกาอัจฉริยะ  D20S smart watch  กันน้ำ รองรับภาษาไทย มีหลายสีให้เลือก เชื่อมต่อผ่านแอพบนมือถือ","฿88.00","นาฬิกาอัจฉริยะ  D20S smart watch  กันน้ำ รองรับภาษาไทย มีหลายสีให้เลือก เชื่อมต่อผ่านแอพบนมือถือ","https://www.lazada.co.th/products/pdp-i4356076911.html",""
"1791086986-174","https://www.lazada.co.th/tag/%E0%B8%99%E0%B8%B2%E0%B8%AC%E0%B8%B4%E0%B8%81%E0%B8%B2-galaxy-watch-7/?_keyori=ss&catalog_redirect_tag=true&from=search_history&page=5&q=%E0%B8%99%E0%B8%B2%E0%B8%AC%E0%B8%B4%E0%B8%81%E0%B8%B2%20galaxy%20watch%207&spm=a2o4m.tm80189098.search.2.f254oG8doG8dKq&sugg=%E0%B8%99%E0%B8%B2%E0%B8%AC%E0%B8%B4%E0%B8%81%E0%B8%B2%20galaxy%20watch%207_0_1","","สมาร์ทวอทช์ SmartWatch  &lt;จัดส่ง 24 ชั่วโมง&gt;นาฬิกาดิจิตอล LED แฟชั่นสายซิลิโคนผู้ชายและผู้หญิงนาฬิกาอิเล็กทรอนิกส์คู่สไตล์ย้อนยุคนาฬิกา ผู้หญิง","฿12.24","สมาร์ทวอทช์ SmartWatch  &lt;จัดส่ง 24 ชั่วโมง&gt;นาฬิกาดิจิตอล LED แฟชั่นสายซิลิโคนผู้ชายและผู้หญิงนาฬิกาอิเล็กทรอนิกส์คู่สไตล์ย้อนยุคนาฬิกา ผู้หญิง","https://www.lazada.co.th/products/pdp-i5954703585.html",""
"1791086988-175","https://www.lazada.co.th/tag/%E0%B8%99%E0%B8%B2%E0%B8%AC%E0%B8%B4%E0%B8%81%E0%B8%B2-galaxy-watch-7/?_keyori=ss&catalog_redirect_tag=true&from=search_history&page=5&q=%E0%B8%99%E0%B8%B2%E0%B8%AC%E0%B8%B4%E0%B8%81%E0%B8%B2%20galaxy%20watch%207&spm=a2o4m.tm80189098.search.2.f254oG8doG8dKq&sugg=%E0%B8%99%E0%B8%B2%E0%B8%AC%E0%B8%B4%E0%B8%81%E0%B8%B2%20galaxy%20watch%207_0_1","","สมาร์ทวอทช์ Samsung Galaxy Watch 9 40mm (BT) (สินค้ารับประกัน1ปี) By TG","฿13,545.00","สมาร์ทวอทช์ Samsung Galaxy Watch 9 40mm (BT) (สินค้ารับประกัน1ปี) By TG","https://www.lazada.co.th/products/pdp-i16221833395.html",""
"1791086990-176","https://www.lazada.co.th/tag/%E0%B8%99%E0%B8%B2%E0%B8%AC%E0%B8%B4%E0%B8%81%E0%B8%B2-galaxy-watch-7/?_keyori=ss&catalog_redirect_tag=true&from=search_history&page=5&q=%E0%B8%99%E0%B8%B2%E0%B8%AC%E0%B8%B4%E0%B8%81%E0%B8%B2%20galaxy%20watch%207&spm=a2o4m.tm80189098.search.2.f254oG8doG8dKq&sugg=%E0%B8%99%E0%B8%B2%E0%B8%AC%E0%B8%B4%E0%B8%81%E0%B8%B2%20galaxy%20watch%207_0_1","","MigratelMate  นาฬิกาสมาร์ทวอชแฟชั่นสำหรับผู้ชายและผู้หญิงพร้อมฟังก์ชันวัดอัตราการเต้นของหัวใจและแสงสว่างในเวลากลางคืน","฿24.00","MigratelMate  นาฬิกาสมาร์ทวอชแฟชั่นสำหรับผู้ชายและผู้หญิงพร้อมฟังก์ชันวัดอัตราการเต้นของหัวใจและแสงสว่างในเวลากลางคืน","https://www.lazada.co.th/products/pdp-i16164355825.html",""
"1791086992-177","https://www.lazada.co.th/tag/%E0%B8%99%E0%B8%B2%E0%B8%AC%E0%B8%B4%E0%B8%81%E0%B8%B2-galaxy-watch-7/?_keyori=ss&catalog_redirect_tag=true&from=search_history&page=5&q=%E0%B8%99%E0%B8%B2%E0%B8%AC%E0%B8%B4%E0%B8%81%E0%B8%B2%20galaxy%20watch%207&spm=a2o4m.tm80189098.search.2.f254oG8doG8dKq&sugg=%E0%B8%99%E0%B8%B2%E0%B8%AC%E0%B8%B4%E0%B8%81%E0%B8%B2%20galaxy%20watch%207_0_1","","สมาร์ทวอทช์, H9 Max, สำหรับผู้ชายและผู้หญิง, นาฬิกาสปอร์ต, หน้าจอนาฬิกาขนาด 2.01 นิ้ว, รองรับการด้วยเสียง, รองรับเกม, รองรับบลูทูธ, รองรับเพลง, ฟังก์ชั่นแคลคูลาร์, ฟังก์ชั่นนาฬิกาจับเวลา, เข้ากันได้กับ Android และ iOS","฿402.80","สมาร์ทวอทช์, H9 Max, สำหรับผู้ชายและผู้หญิง, นาฬิกาสปอร์ต, หน้าจอนาฬิกาขนาด 2.01 นิ้ว, รองรับการด้วยเสียง, รองรับเกม, รองรับบลูทูธ, รองรับเพลง, ฟังก์ชั่นแคลคูลาร์, ฟังก์ชั่นนาฬิกาจับเวลา, เข้ากันได้กับ Android และ iOS","https://www.lazada.co.th/products/pdp-i16176374115.html",""
"1791086995-178","https://www.lazada.co.th/tag/%E0%B8%99%E0%B8%B2%E0%B8%AC%E0%B8%B4%E0%B8%81%E0%B8%B2-galaxy-watch-7/?_keyori=ss&catalog_redirect_tag=true&from=search_history&page=5&q=%E0%B8%99%E0%B8%B2%E0%B8%AC%E0%B8%B4%E0%B8%81%E0%B8%B2%20galaxy%20watch%207&spm=a2o4m.tm80189098.search.2.f254oG8doG8dKq&sugg=%E0%B8%99%E0%B8%B2%E0%B8%AC%E0%B8%B4%E0%B8%81%E0%B8%B2%20galaxy%20watch%207_0_1","","นาฬิกาอัจฉริยะ 2026 รุ่นใหม่ T-Rex 3 Pro แบตเตอรี่ 1100mAh ใช้งานได้นาน GPS แบบ Dual-Band กันน้ำ 10ATM ระดับทหาร สำหรับกีฬาและกิจกรรมกลางแจ้ง","฿1,303.18","นาฬิกาอัจฉริยะ 2026 รุ่นใหม่ T-Rex 3 Pro แบตเตอรี่ 1100mAh ใช้งานได้นาน GPS แบบ Dual-Band กันน้ำ 10ATM ระดับทหาร สำหรับกีฬาและกิจกรรมกลางแจ้ง","https://www.lazada.co.th/products/pdp-i16245529515.html",""
"1791086997-179","https://www.lazada.co.th/tag/%E0%B8%99%E0%B8%B2%E0%B8%AC%E0%B8%B4%E0%B8%81%E0%B8%B2-galaxy-watch-7/?_keyori=ss&catalog_redirect_tag=true&from=search_history&page=5&q=%E0%B8%99%E0%B8%B2%E0%B8%AC%E0%B8%B4%E0%B8%81%E0%B8%B2%20galaxy%20watch%207&spm=a2o4m.tm80189098.search.2.f254oG8doG8dKq&sugg=%E0%B8%99%E0%B8%B2%E0%B8%AC%E0%B8%B4%E0%B8%81%E0%B8%B2%20galaxy%20watch%207_0_1","","สมาร์ทวอทช์วัดระดับน้ำตาลในเลือด กันน้ำ บลูทูธ ฟิตเนสแทรคเกอร์ จอทัสกรีน สมาร์ทวอทช์","฿137.03","สมาร์ทวอทช์วัดระดับน้ำตาลในเลือด กันน้ำ บลูทูธ ฟิตเนสแทรคเกอร์ จอทัสกรีน สมาร์ทวอทช์","https://www.lazada.co.th/products/pdp-i5498190186.html",""
"1791086999-180","https://www.lazada.co.th/tag/%E0%B8%99%E0%B8%B2%E0%B8%AC%E0%B8%B4%E0%B8%81%E0%B8%B2-galaxy-watch-7/?_keyori=ss&catalog_redirect_tag=true&from=search_history&page=5&q=%E0%B8%99%E0%B8%B2%E0%B8%AC%E0%B8%B4%E0%B8%81%E0%B8%B2%20galaxy%20watch%207&spm=a2o4m.tm80189098.search.2.f254oG8doG8dKq&sugg=%E0%B8%99%E0%B8%B2%E0%B8%AC%E0%B8%B4%E0%B8%81%E0%B8%B2%20galaxy%20watch%207_0_1","","HUAWEI WATCH GT 6 สมาร์ทวอช Health Monitor 100+ Sport Modes Sport Bracelet Bluetooth Call","฿10,215.00","HUAWEI WATCH GT 6 สมาร์ทวอช Health Monitor 100+ Sport Modes Sport Bracelet Bluetooth Call","https://www.lazada.co.th/products/pdp-i16091643707.html",""
"1791087001-181","https://www.lazada.co.th/tag/%E0%B8%99%E0%B8%B2%E0%B8%AC%E0%B8%B4%E0%B8%81%E0%B8%B2-galaxy-watch-7/?_keyori=ss&catalog_redirect_tag=true&from=search_history&page=5&q=%E0%B8%99%E0%B8%B2%E0%B8%AC%E0%B8%B4%E0%B8%81%E0%B8%B2%20galaxy%20watch%207&spm=a2o4m.tm80189098.search.2.f254oG8doG8dKq&sugg=%E0%B8%99%E0%B8%B2%E0%B8%AC%E0%B8%B4%E0%B8%81%E0%B8%B2%20galaxy%20watch%207_0_1","","สมาร์ทวอทช์ HD ขนาด 2.02 นิ้ว, สมาร์ทวอทช์แฟชั่น 1 เรือน พร้อมฟังก์ชันโทรผ่านบลูทูธและตรวจสอบสภาพอากาศ, สมาร์ทวอทช์ติดตามการออกกำลังกายสำหรับ Android","฿393.49","สมาร์ทวอทช์ HD ขนาด 2.02 นิ้ว, สมาร์ทวอทช์แฟชั่น 1 เรือน พร้อมฟังก์ชันโทรผ่านบลูทูธและตรวจสอบสภาพอากาศ, สมาร์ทวอทช์ติดตามการออกกำลังกายสำหรับ Android","https://www.lazada.co.th/products/pdp-i16241156574.html",""
"1791087003-182","https://www.lazada.co.th/tag/%E0%B8%99%E0%B8%B2%E0%B8%AC%E0%B8%B4%E0%B8%81%E0%B8%B2-galaxy-watch-7/?_keyori=ss&catalog_redirect_tag=true&from=search_history&page=5&q=%E0%B8%99%E0%B8%B2%E0%B8%AC%E0%B8%B4%E0%B8%81%E0%B8%B2%20galaxy%20watch%207&spm=a2o4m.tm80189098.search.2.f254oG8doG8dKq&sugg=%E0%B8%99%E0%B8%B2%E0%B8%AC%E0%B8%B4%E0%B8%81%E0%B8%B2%20galaxy%20watch%207_0_1","","AOJN สมาร์ทวอทช์ SmartWatch นาฬิกา LED ใหม่ P7 พร้อมปุ่มคู่ ดีไซน์ทันสมัยและสปอร์ต","฿17.34","AOJN สมาร์ทวอทช์ SmartWatch นาฬิกา LED ใหม่ P7 พร้อมปุ่มคู่ ดีไซน์ทันสมัยและสปอร์ต","https://www.lazada.co.th/products/pdp-i5844388396.html",""
"1791087006-183","https://www.lazada.co.th/tag/%E0%B8%99%E0%B8%B2%E0%B8%AC%E0%B8%B4%E0%B8%81%E0%B8%B2-galaxy-watch-7/?_keyori=ss&catalog_redirect_tag=true&from=search_history&page=5&q=%E0%B8%99%E0%B8%B2%E0%B8%AC%E0%B8%B4%E0%B8%81%E0%B8%B2%20galaxy%20watch%207&spm=a2o4m.tm80189098.search.2.f254oG8doG8dKq&sugg=%E0%B8%99%E0%B8%B2%E0%B8%AC%E0%B8%B4%E0%B8%81%E0%B8%B2%20galaxy%20watch%207_0_1","","นาฬิกาอัจฉริยะที่มีอัตราการเต้นของหัวใจความดันโลหิตและเครื่องวัดการนอนหลับ","฿109.00","นาฬิกาอัจฉริยะที่มีอัตราการเต้นของหัวใจความดันโลหิตและเครื่องวัดการนอนหลับ","https://www.lazada.co.th/products/pdp-i5811120822.html",""
"1791087010-184","https://www.lazada.co.th/tag/%E0%B8%99%E0%B8%B2%E0%B8%AC%E0%B8%B4%E0%B8%81%E0%B8%B2-galaxy-watch-7/?_keyori=ss&catalog_redirect_tag=true&from=search_history&page=5&q=%E0%B8%99%E0%B8%B2%E0%B8%AC%E0%B8%B4%E0%B8%81%E0%B8%B2%20galaxy%20watch%207&spm=a2o4m.tm80189098.search.2.f254oG8doG8dKq&sugg=%E0%B8%99%E0%B8%B2%E0%B8%AC%E0%B8%B4%E0%B8%81%E0%B8%B2%20galaxy%20watch%207_0_1","","【ผู้เชี่ยวชาญด้านการจัดการสุขภาพ】สมาร์ทวอทช์บลูทูธตรวจสอบอัตราการเต้นหัวใจและการนอนหลับได้ กันน้ำ นาฬิกากีฬา จอทัสกรีน นาฬิกา นาฬิกาสำหรับใส่ออกกำลังกาย นาฬิกาสมาร์ทวอทช์","฿327.76","【ผู้เชี่ยวชาญด้านการจัดการสุขภาพ】สมาร์ทวอทช์บลูทูธตรวจสอบอัตราการเต้นหัวใจและการนอนหลับได้ กันน้ำ นาฬิกากีฬา จอทัสกรีน นาฬิกา นาฬิกาสำหรับใส่ออกกำลังกาย นาฬิกาสมาร์ทวอทช์","https://www.lazada.co.th/products/pdp-i16090301012.html","4.7"
"1791087012-185","https://www.lazada.co.th/tag/%E0%B8%99%E0%B8%B2%E0%B8%AC%E0%B8%B4%E0%B8%81%E0%B8%B2-galaxy-watch-7/?_keyori=ss&catalog_redirect_tag=true&from=search_history&page=5&q=%E0%B8%99%E0%B8%B2%E0%B8%AC%E0%B8%B4%E0%B8%81%E0%B8%B2%20galaxy%20watch%207&spm=a2o4m.tm80189098.search.2.f254oG8doG8dKq&sugg=%E0%B8%99%E0%B8%B2%E0%B8%AC%E0%B8%B4%E0%B8%81%E0%B8%B2%20galaxy%20watch%207_0_1","","AOJN สมาร์ทวอทช์ SmartWatch【จัดส่งในท้องถิ่นในประเทศไทย】นาฬิกาดิจิตอล LED แฟชั่นสายซิลิโคนผู้ชายและผู้หญิงนาฬิกาอิเล็กทรอนิกส์คู่สไตล์ย้อนยุคนาฬิกา ผู้หญิง","฿11.76","AOJN สมาร์ทวอทช์ SmartWatch【จัดส่งในท้องถิ่นในประเทศไทย】นาฬิกาดิจิตอล LED แฟชั่นสายซิลิโคนผู้ชายและผู้หญิงนาฬิกาอิเล็กทรอนิกส์คู่สไตล์ย้อนยุคนาฬิกา ผู้หญิง","https://www.lazada.co.th/products/pdp-i5831825477.html","4.5"
"1791087015-186","https://www.lazada.co.th/tag/%E0%B8%99%E0%B8%B2%E0%B8%AC%E0%B8%B4%E0%B8%81%E0%B8%B2-galaxy-watch-7/?_keyori=ss&catalog_redirect_tag=true&from=search_history&page=5&q=%E0%B8%99%E0%B8%B2%E0%B8%AC%E0%B8%B4%E0%B8%81%E0%B8%B2%20galaxy%20watch%207&spm=a2o4m.tm80189098.search.2.f254oG8doG8dKq&sugg=%E0%B8%99%E0%B8%B2%E0%B8%AC%E0%B8%B4%E0%B8%81%E0%B8%B2%20galaxy%20watch%207_0_1","","【สินค้าใหม่】sansung สมาร์ทวอทช์ รองรับภาษาไทย นาฬิกาสมาร์ทวอทช์ สัมผัสได้เต็มจอ นาฬิกาsport นาฬิกากันน้ำ COD","฿197.00","【สินค้าใหม่】sansung สมาร์ทวอทช์ รองรับภาษาไทย นาฬิกาสมาร์ทวอทช์ สัมผัสได้เต็มจอ นาฬิกาsport นาฬิกากันน้ำ COD","https://www.lazada.co.th/products/pdp-i5902323052.html","5"
"1791087017-187","https://www.lazada.co.th/tag/%E0%B8%99%E0%B8%B2%E0%B8%AC%E0%B8%B4%E0%B8%81%E0%B8%B2-galaxy-watch-7/?_keyori=ss&catalog_redirect_tag=true&from=search_history&page=5&q=%E0%B8%99%E0%B8%B2%E0%B8%AC%E0%B8%B4%E0%B8%81%E0%B8%B2%20galaxy%20watch%207&spm=a2o4m.tm80189098.search.2.f254oG8doG8dKq&sugg=%E0%B8%99%E0%B8%B2%E0%B8%AC%E0%B8%B4%E0%B8%81%E0%B8%B2%20galaxy%20watch%207_0_1","","GTS4 Smart Watch นาฬิกาอัจฉริยะ พื้นผิวสูง นาฬิกากันน้ำ รองรับภาษาไทย รองรับการโทรด้วยบลูทูธ นาฬิกา","฿265.00","GTS4 Smart Watch นาฬิกาอัจฉริยะ พื้นผิวสูง นาฬิกากันน้ำ รองรับภาษาไทย รองรับการโทรด้วยบลูทูธ นาฬิกา","https://www.lazada.co.th/products/pdp-i5989954250.html","4.8"
"1791087019-188","https://www.lazada.co.th/tag/%E0%B8%99%E0%B8%B2%E0%B8%AC%E0%B8%B4%E0%B8%81%E0%B8%B2-galaxy-watch-7/?_keyori=ss&catalog_redirect_tag=true&from=search_history&page=5&q=%E0%B8%99%E0%B8%B2%E0%B8%AC%E0%B8%B4%E0%B8%81%E0%B8%B2%20galaxy%20watch%207&spm=a2o4m.tm80189098.search.2.f254oG8doG8dKq&sugg=%E0%B8%99%E0%B8%B2%E0%B8%AC%E0%B8%B4%E0%B8%81%E0%B8%B2%20galaxy%20watch%207_0_1","","✨ในไทย พร้อมส่ง✨ฟิล์ม For Samsung Galaxy Watch Ultra 2025 ฟิล์มกระจก สำหรับ Galaxy Watch 8 Classic 8 7 40mm 44mm ฟิล์ม ฟิล์มกระจก","฿99.00","✨ในไทย พร้อมส่ง✨ฟิล์ม For Samsung Galaxy Watch Ultra 2025 ฟิล์มกระจก สำหรับ Galaxy Watch 8 Classic 8 7 40mm 44mm ฟิล์ม ฟิล์มกระจก","https://www.lazada.co.th/products/pdp-i5252880148.html","4.8"
"1791087021-189","https://www.lazada.co.th/tag/%E0%B8%99%E0%B8%B2%E0%B8%AC%E0%B8%B4%E0%B8%81%E0%B8%B2-galaxy-watch-7/?_keyori=ss&catalog_redirect_tag=true&from=search_history&page=5&q=%E0%B8%99%E0%B8%B2%E0%B8%AC%E0%B8%B4%E0%B8%81%E0%B8%B2%20galaxy%20watch%207&spm=a2o4m.tm80189098.search.2.f254oG8doG8dKq&sugg=%E0%B8%99%E0%B8%B2%E0%B8%AC%E0%B8%B4%E0%B8%81%E0%B8%B2%20galaxy%20watch%207_0_1","","2026 ใหม่เกรดทหารสมาร์ทนาฬิกาผู้ชาย GPS ไฟฉาย 3ATM นาฬิกากันน้ำบลูทูธโทร 100+ กีฬากลางแจ้งสมาร์ทวอทช์ Hw12","฿255.85","2026 ใหม่เกรดทหารสมาร์ทนาฬิกาผู้ชาย GPS ไฟฉาย 3ATM นาฬิกากันน้ำบลูทูธโทร 100+ กีฬากลางแจ้งสมาร์ทวอทช์ Hw12","https://www.lazada.co.th/products/pdp-i16252056328.html","4.2"
"1791087023-190","https://www.lazada.co.th/tag/%E0%B8%99%E0%B8%B2%E0%B8%AC%E0%B8%B4%E0%B8%81%E0%B8%B2-galaxy-watch-7/?_keyori=ss&catalog_redirect_tag=true&from=search_history&page=5&q=%E0%B8%99%E0%B8%B2%E0%B8%AC%E0%B8%B4%E0%B8%81%E0%B8%B2%20galaxy%20watch%207&spm=a2o4m.tm80189098.search.2.f254oG8doG8dKq&sugg=%E0%B8%99%E0%B8%B2%E0%B8%AC%E0%B8%B4%E0%B8%81%E0%B8%B2%20galaxy%20watch%207_0_1","","XiXi  นาฬิกาสมาร์ทวอชพร้อมฟังก์ชันวัดหัวใจและนับก้าวสำหรับคนรักการออกกำลังกาย","฿16.93","XiXi  นาฬิกาสมาร์ทวอชพร้อมฟังก์ชันวัดหัวใจและนับก้าวสำหรับคนรักการออกกำลังกาย","https://www.lazada.co.th/products/pdp-i5900809173.html","4.9"
"1791087025-191","https://www.lazada.co.th/tag/%E0%B8%99%E0%B8%B2%E0%B8%AC%E0%B8%B4%E0%B8%81%E0%B8%B2-galaxy-watch-7/?_keyori=ss&catalog_redirect_tag=true&from=search_history&page=5&q=%E0%B8%99%E0%B8%B2%E0%B8%AC%E0%B8%B4%E0%B8%81%E0%B8%B2%20galaxy%20watch%207&spm=a2o4m.tm80189098.search.2.f254oG8doG8dKq&sugg=%E0%B8%99%E0%B8%B2%E0%B8%AC%E0%B8%B4%E0%B8%81%E0%B8%B2%20galaxy%20watch%207_0_1","","2026 นาฬิกาอัจฉริยะรุ่นใหม่สุดฮิต 8 Max สำหรับผู้หญิง พร้อมระบบติดตาม GPS ฟิตเนส กีฬา วัดอัตราการเต้นของหัวใจ รองรับการโทรผ่านบลูทูธ กันน้ำระดับ IP68 นาฬิกาอัจฉริยะสำหรับผู้ชาย","฿1,075.07","2026 นาฬิกาอัจฉริยะรุ่นใหม่สุดฮิต 8 Max สำหรับผู้หญิง พร้อมระบบติดตาม GPS ฟิตเนส กีฬา วัดอัตราการเต้นของหัวใจ รองรับการโทรผ่านบลูทูธ กันน้ำระดับ IP68 นาฬิกาอัจฉริยะสำหรับผู้ชาย","https://www.lazada.co.th/products/pdp-i16272306146.html",""
"1791087028-192","https://www.lazada.co.th/tag/%E0%B8%99%E0%B8%B2%E0%B8%AC%E0%B8%B4%E0%B8%81%E0%B8%B2-galaxy-watch-7/?_keyori=ss&catalog_redirect_tag=true&from=search_history&page=5&q=%E0%B8%99%E0%B8%B2%E0%B8%AC%E0%B8%B4%E0%B8%81%E0%B8%B2%20galaxy%20watch%207&spm=a2o4m.tm80189098.search.2.f254oG8doG8dKq&sugg=%E0%B8%99%E0%B8%B2%E0%B8%AC%E0%B8%B4%E0%B8%81%E0%B8%B2%20galaxy%20watch%207_0_1","","VINTLOOK นาฬิกา,นาฬิกา,นาฬิกาดิจิตอล,สายรัดข้อมือกันน้ำ LED สี่เหลี่ยม สมาร์ตวอตช์ พร้อมเครื่องวัดชีพจรและเคาน์เตอร์นับก้าวสำหรับผู้ที่ชื่นชอบการออกกำลังกาย","฿10.31","VINTLOOK นาฬิกา,นาฬิกา,นาฬิกาดิจิตอล,สายรัดข้อมือกันน้ำ LED สี่เหลี่ยม สมาร์ตวอตช์ พร้อมเครื่องวัดชีพจรและเคาน์เตอร์นับก้าวสำหรับผู้ที่ชื่นชอบการออกกำลังกาย","https://www.lazada.co.th/products/pdp-i5622494395.html","4.4"
"1791087030-193","https://www.lazada.co.th/tag/%E0%B8%99%E0%B8%B2%E0%B8%AC%E0%B8%B4%E0%B8%81%E0%B8%B2-galaxy-watch-7/?_keyori=ss&catalog_redirect_tag=true&from=search_history&page=5&q=%E0%B8%99%E0%B8%B2%E0%B8%AC%E0%B8%B4%E0%B8%81%E0%B8%B2%20galaxy%20watch%207&spm=a2o4m.tm80189098.search.2.f254oG8doG8dKq&sugg=%E0%B8%99%E0%B8%B2%E0%B8%AC%E0%B8%B4%E0%B8%81%E0%B8%B2%20galaxy%20watch%207_0_1","","นาฬิกาสมาร์ทวอชแฟชั่นสำหรับผู้ชายและผู้หญิงพร้อมฟังก์ชันวัดอัตราการเต้นของหัวใจและแสงสว่างในเวลากลางคืน","฿28.00","นาฬิกาสมาร์ทวอชแฟชั่นสำหรับผู้ชายและผู้หญิงพร้อมฟังก์ชันวัดอัตราการเต้นของหัวใจและแสงสว่างในเวลากลางคืน","https://www.lazada.co.th/products/pdp-i16165963625.html",""
"1791087032-194","https://www.lazada.co.th/tag/%E0%B8%99%E0%B8%B2%E0%B8%AC%E0%B8%B4%E0%B8%81%E0%B8%B2-galaxy-watch-7/?_keyori=ss&catalog_redirect_tag=true&from=search_history&page=5&q=%E0%B8%99%E0%B8%B2%E0%B8%AC%E0%B8%B4%E0%B8%81%E0%B8%B2%20galaxy%20watch%207&spm=a2o4m.tm80189098.search.2.f254oG8doG8dKq&sugg=%E0%B8%99%E0%B8%B2%E0%B8%AC%E0%B8%B4%E0%B8%81%E0%B8%B2%20galaxy%20watch%207_0_1","","T900 Ultra Smart Watch Series Ultra Bluetooth Call IP67 กันน้ํา 49 มม. เกม","฿153.80","T900 Ultra Smart Watch Series Ultra Bluetooth Call IP67 กันน้ํา 49 มม. เกม","https://www.lazada.co.th/products/pdp-i6049282624.html","5"
"1791087034-195","https://www.lazada.co.th/tag/%E0%B8%99%E0%B8%B2%E0%B8%AC%E0%B8%B4%E0%B8%81%E0%B8%B2-galaxy-watch-7/?_keyori=ss&catalog_redirect_tag=true&from=search_history&page=5&q=%E0%B8%99%E0%B8%B2%E0%B8%AC%E0%B8%B4%E0%B8%81%E0%B8%B2%20galaxy%20watch%207&spm=a2o4m.tm80189098.search.2.f254oG8doG8dKq&sugg=%E0%B8%99%E0%B8%B2%E0%B8%AC%E0%B8%B4%E0%B8%81%E0%B8%B2%20galaxy%20watch%207_0_1","","Samsung Galaxy Watch Active2 สมาร์ทวอทช์บลูทูธ, อะลูมิเนียม, 44 มม., สีดำ (SM-R820NZKCXAR) (สินค้าปรับปรุงใหม่)","฿2,870.57","Samsung Galaxy Watch Active2 สมาร์ทวอทช์บลูทูธ, อะลูมิเนียม, 44 มม., สีดำ (SM-R820NZKCXAR) (สินค้าปรับปรุงใหม่)","https://www.lazada.co.th/products/pdp-i16257130474.html",""
"1791087036-196","https://www.lazada.co.th/tag/%E0%B8%99%E0%B8%B2%E0%B8%AC%E0%B8%B4%E0%B8%81%E0%B8%B2-galaxy-watch-7/?_keyori=ss&catalog_redirect_tag=true&from=search_history&page=5&q=%E0%B8%99%E0%B8%B2%E0%B8%AC%E0%B8%B4%E0%B8%81%E0%B8%B2%20galaxy%20watch%207&spm=a2o4m.tm80189098.search.2.f254oG8doG8dKq&sugg=%E0%B8%99%E0%B8%B2%E0%B8%AC%E0%B8%B4%E0%B8%81%E0%B8%B2%20galaxy%20watch%207_0_1","","【ซิมการ์ด 4G/5G】B29 สมาร์ทวอทช์ RAM 4/64GB Wifi Al การควบคุมด้วยเสียง GPS สามารถรับชม NFC IP68 กันน้ำ ชาร์จไร้สาย นาฬิกาสปอร์ตสำหรับผู้หญิง นาฬิกาอัจฉริยะสำหรับผู้ชาย นาฬิกาคู่รัก รองรับ Youtube Google Play สำหรับฮอตสปอต สามารถดู TikTok&WhatsApp","฿368.65","【ซิมการ์ด 4G/5G】B29 สมาร์ทวอทช์ RAM 4/64GB Wifi Al การควบคุมด้วยเสียง GPS สามารถรับชม NFC IP68 กันน้ำ ชาร์จไร้สาย นาฬิกาสปอร์ตสำหรับผู้หญิง นาฬิกาอัจฉริยะสำหรับผู้ชาย นาฬิกาคู่รัก รองรับ Youtube Google Play สำหรับฮอตสปอต สามารถดู TikTok&WhatsApp","https://www.lazada.co.th/products/pdp-i5969372255.html","5"
"1791087038-197","https://www.lazada.co.th/tag/%E0%B8%99%E0%B8%B2%E0%B8%AC%E0%B8%B4%E0%B8%81%E0%B8%B2-galaxy-watch-7/?_keyori=ss&catalog_redirect_tag=true&from=search_history&page=5&q=%E0%B8%99%E0%B8%B2%E0%B8%AC%E0%B8%B4%E0%B8%81%E0%B8%B2%20galaxy%20watch%207&spm=a2o4m.tm80189098.search.2.f254oG8doG8dKq&sugg=%E0%B8%99%E0%B8%B2%E0%B8%AC%E0%B8%B4%E0%B8%81%E0%B8%B2%20galaxy%20watch%207_0_1","","SAMSUNG นาฬิกา smart watch แท้ สมาร์ทวอทช์ รองรับการโทรด้วยบลูทูธ การแจ้งเตือนข้อความ, การนับก้าวการออกกำลังกาย หน้าจอ2.01นิ้ว รองรับ Android IOS","฿777.18","SAMSUNG นาฬิกา smart watch แท้ สมาร์ทวอทช์ รองรับการโทรด้วยบลูทูธ การแจ้งเตือนข้อความ, การนับก้าวการออกกำลังกาย หน้าจอ2.01นิ้ว รองรับ Android IOS","https://www.lazada.co.th/products/pdp-i4895173273.html","4.3"
"1791087041-198","https://www.lazada.co.th/tag/%E0%B8%99%E0%B8%B2%E0%B8%AC%E0%B8%B4%E0%B8%81%E0%B8%B2-galaxy-watch-7/?_keyori=ss&catalog_redirect_tag=true&from=search_history&page=5&q=%E0%B8%99%E0%B8%B2%E0%B8%AC%E0%B8%B4%E0%B8%81%E0%B8%B2%20galaxy%20watch%207&spm=a2o4m.tm80189098.search.2.f254oG8doG8dKq&sugg=%E0%B8%99%E0%B8%B2%E0%B8%AC%E0%B8%B4%E0%B8%81%E0%B8%B2%20galaxy%20watch%207_0_1","","2026ใหม่ล่าสุด สมาร์ทวอทช์,หน้าจอสัมผัส HDขนาด1.52 นิ้ว,IP67 กันน้ำ,โทรผ่านบลูทูธ,ติดตามการออกกำลังกายหลายประเภท,เครื่องเล่นเพลง,ตรวจสอบร่างกาย 24 ชั่วโมง,วัดระดับกรดยูริกและไขมันในเลือด,วัดความดันโลหิตและระดับออกซิเจนในเลือด,เข้ากันได้กับ Android และ iOS","฿446.46","2026ใหม่ล่าสุด สมาร์ทวอทช์,หน้าจอสัมผัส HDขนาด1.52 นิ้ว,IP67 กันน้ำ,โทรผ่านบลูทูธ,ติดตามการออกกำลังกายหลายประเภท,เครื่องเล่นเพลง,ตรวจสอบร่างกาย 24 ชั่วโมง,วัดระดับกรดยูริกและไขมันในเลือด,วัดความดันโลหิตและระดับออกซิเจนในเลือด,เข้ากันได้กับ Android และ iOS","https://www.lazada.co.th/products/pdp-i16200186031.html","5"
"1791087043-199","https://www.lazada.co.th/tag/%E0%B8%99%E0%B8%B2%E0%B8%AC%E0%B8%B4%E0%B8%81%E0%B8%B2-galaxy-watch-7/?_keyori=ss&catalog_redirect_tag=true&from=search_history&page=5&q=%E0%B8%99%E0%B8%B2%E0%B8%AC%E0%B8%B4%E0%B8%81%E0%B8%B2%20galaxy%20watch%207&spm=a2o4m.tm80189098.search.2.f254oG8doG8dKq&sugg=%E0%B8%99%E0%B8%B2%E0%B8%AC%E0%B8%B4%E0%B8%81%E0%B8%B2%20galaxy%20watch%207_0_1","","นาฬิกา Samsung Galaxy กระจกนิรภัยสำหรับ7 6 4 5 Pro 40มม. 44มม. ฟิล์มป้องกันรอยขีดข่วนปกป้องหน้าจอสำหรับ Galaxy Watch 6/5 Pro/ 5/4 Smartwatch","฿29.61","นาฬิกา Samsung Galaxy กระจกนิรภัยสำหรับ7 6 4 5 Pro 40มม. 44มม. ฟิล์มป้องกันรอยขีดข่วนปกป้องหน้าจอสำหรับ Galaxy Watch 6/5 Pro/ 5/4 Smartwatch","https://www.lazada.co.th/products/pdp-i2763291946.html","4.9"
